EST ID #,ESTABLISHMENT_NAME,C_OUT,NC_OUT,INSP_DATE,LIC_EXP,LIC_TYPE,FAILED,ADDRESS,CITY,STATE,ZIP,TELEPHONE,INSPECTION_TYPE_CODE,OWNER_NAME,COUNTY,CALCULATED,latitude,longitude
33010,GRILL ON THE CORNER,0,0,2025-07-25,,,No,815 RIDGE RD,ROBBINSTON,ME,4671,208-719-6000,REGULAR,"CRONISTER, BRANDY",Washington,0,45.026006,-67.1766416
32994,TIDE & GRIND,0,3,2025-07-28,2026-07-15,EATING PLACE TIER 1,No,12 OLD ORCHARD ST,OLD ORCHARD BEACH,ME,4064,207-205-1916,REGULAR,TIDE & GRIND LLC,York,0.04054054054,43.5159899,-70.374268
32991,ON THE RUN BEVERAGE BAR,0,0,2025-07-10,2025-07-13,EATING PLACE - TEMPORARY 1-4 DAYS,No,OSSIPEE VALLEY FAIRGROUNDS,HIRAM,ME,4041,603-459-919,REGULAR,ON THE RUN LLC,Oxford,0,43.8094014,-70.8532262
32974,COOL BEANS CAFE,0,1,2025-07-24,2025-07-24,EATING PLACE - TEMPORARY 1-4 DAYS,No,OSSIPEE VALLEY FAIRGROUNDS,HIRAM,ME,4041,413-455-5455,REGULAR,"CHEVRETTE, JASON",Cumberland,0.01351351351,43.8094014,-70.8532262
32973,"BLAIS, JAYDEN",0,0,2025-07-08,,,No,40 MAIN ST,BIDDEFORD,ME,4005,207-713-0679,REGULAR,"BLAIS, JAYDEN",York,0,43.4928834,-70.4530585
32971,MR SIPPY BBQ,0,0,2025-07-08,,,No,OSSIPEE VALLEY FAIRGROUNDS,HIRAM,ME,4041,603-969-3082,REGULAR,MR SIPPY BARBEQUE LLC,Oxford,0,43.8094014,-70.8532262
32962,MORNING GLORY DINER II,0,0,2025-06-26,2026-06-26,EATING PLACE - MOBILE,No,78 PORTLAND RD,BRIDGTON,ME,4009,207-530-2947,REGULAR,"MORNING GLORY CAFE;  TARR, BRITTANY & KEVIN",Oxford,0,44.0484855,-70.7009472
32945,GRINGOS,0,0,2025-07-11,,EATING PLACE - MOBILE,No,378 Butternut Trl,Wells,ME,4090,702-349-5287,REGULAR,GRINGOS LLC,York,0,43.3399464,-70.6950464
32941,DOME WOODFIRED CATERING,0,0,2025-07-08,,,No,64 ALFRED ST,BIDDEFORD,ME,4005,207-323-2580,REGULAR,DOME WOODFIRED CATERING LLC,York,0,43.4916837,-70.4549962
32937,NORHERN DISPATCH,1,0,2025-07-15,,EATING PLACE - MOBILE,No,4 MILITARY RD,BLAINE,ME,4734,207-554-0010,NEWOWNER,NORTHERN DISPATCH INC,Aroostook,0.04054054054,46.5092162,-67.8682871
32923,OYSTHERS RAW BAR & BUBBLY,0,0,2025-06-28,2026-06-27,EATING PLACE - MOBILE,No,97 COMMERCIAL ST,BATH,ME,4530,207-522-3950,REGULAR,OYSTHERS RAW BAR & BUBBLY LLC,Sagadahoc,0,43.9148603,-69.8131835
32912,WHATTA WEINER,0,2,2025-06-13,2025-06-20,EATING PLACE - MOBILE,No,599 GORE RD,ALFRED,ME,4002,207-251-8313,REGULAR,WHATTA WEINER LLC,York,0.02702702703,43.518761,-70.7518029
32910,AMAL ALSHAM,1,2,2025-06-25,2026-06-25,EATING PLACE - MOBILE,No,64 ALFRED ST,BIDDEFORD,ME,4005,207-286-7740,REGULAR,AMAL ALSHAM LLC,York,0.06756756757,43.4916837,-70.4549962
32909,FLATBREAD FIESTA,0,1,2025-07-18,2026-06-18,EATING PLACE - MOBILE,No,144 MAIN ST,BRIDGTON,ME,4009,207-595-8391,REGULAR,"LEPAGE, DAVID",Cumberland,0.01351351351,44.0546666,-70.7081653
32904,THE THAI LOTUS,0,2,2025-07-24,2026-06-20,EATING PLACE - MOBILE,No,44 POTTER RD,HUDSON,ME,4449,360-522-8885,REGULAR,"MARTIN, MICHAEL & KORREPAT",Penobscot,0.02702702703,44.9507433,-68.9297629
32899,BRISARD CONCESSIONS LLC,0,1,2025-06-06,2025-06-07,EATING PLACE - TEMPORARY 1-4 DAYS,No,2 YORK ST.,WESTBROOK,ME,4092,603-312-0471,REGULAR,"BRISARD, TROY",Cumberland,0.01351351351,43.6790579,-70.338951
32880,COLVARD & COMPANY,0,0,2025-06-28,,EATING PLACE - MOBILE,No,10 BUTTERMILK RD,ELLSWORTH,ME,4605,207-412-0001,REGULAR,COLVARD & COMPANY LLC,Hancock,0,44.5194948,-68.3952961
32876,AROMA JOES,2,3,2025-07-15,2026-06-12,EATING PLACE TIER 1,No,28 HASKELL RD,BANGOR,ME,4401,207-252--5145,REGULAR,ME COFFEE COMPANY LLC,Penobscot,0.1216216216,44.8288729,-68.7397877
32870,FRYE GUYS,2,1,2025-07-18,2026-06-03,EATING PLACE - TAKEOUT,No,17 FAIRWAY LN,FRYE ISLAND,ME,4071,603-812-3436,REGULAR,FRYE GUYS LLC,Cumberland,0.09459459459,43.8372419,-70.5221633
32857,CHINA LUCKY CANDY,0,0,2025-07-29,2026-07-30,EATING PLACE - MOBILE,No,1 PARK DR,ROCKLAND,ME,4841,928-922-0061,REGULAR,CHINA LUCKY CANDY INC,Knox,0,44.1020467,-69.1078991
32856,DROP ZONE,1,0,2025-05-29,,EATING PLACE - MOBILE,No,1100 POST RD,WELLS,ME,4090,603-312-9701,REGULAR,DROP ZONE LLC,York,0.04054054054,43.308397,-70.584806
32855,RYANS LOBSTER POUND,1,1,2025-07-03,2026-06-27,EATING PLACE - MOBILE,No,1450 BANGOR RD,CLINTON,ME,4927,352-451-3974,REGULAR,RYAN'S LOBSTER CORP,Kennebec,0.05405405405,44.640431,-69.4871658
32850,HOME2 SUITES BY HILTOM KITTERY,0,0,2025-07-24,,EATING AND LODGING,No,139 OLD POST RD,KITTERY,ME,3904,207-994-1900,REGULAR,KITTERY CIRCLE LLC,York,0,43.1000627,-70.745273
32850,HOME2 SUITES BY HILTON KITTERY,0,0,2025-07-24,,EATING AND LODGING,No,139 OLD POST RD,KITTERY,ME,3904,207-994-1900,REGULAR,KITTERY CIRCLE LLC,York,0,43.1000627,-70.745273
32849,THE HAPPY KITCHEN MOBILE CAFE,0,1,2025-06-11,,EATING PLACE - MOBILE,No,264 S BELFAST AVE,AUGUSTA,ME,4330,207-240-5717,NEWOWNER,The Happy Kitchen Mobile Cafe LLC,Kennebec,0.01351351351,44.3181645,-69.7387534
32848,TRIPLE B,0,1,2025-07-24,2026-06-04,EATING PLACE - MOBILE,No,1325 BUCKSPORT RD,ELLSWORTH,ME,4609,781-400-3993,REGULAR,CONNERY. LAURA,Hancock,0.01351351351,44.5574861,-68.5501803
32844,DAIRY JOY,0,1,2025-07-23,2026-05-21,EATING PLACE - MOBILE,No,7 MARSHALL ST,MECHANIC FALLS,ME,4256,407-325-5818,REGULAR,ALMAS HOLDINGS LLC,Androscoggin,0.01351351351,44.1151536,-70.391786
32843,MAINE COFFEE & MERCHANTILE,0,0,2025-05-21,2026-05-28,EATING PLACE TIER 1,No,4 NORTH MAIN ST,GUILFORD,ME,4443,415-717-4225,REGULAR,FRENCH & CURTIS PROVISIONS LLC,Piscataquis,0,45.1689028,-69.3857878
32842,PICNIC,2,1,2025-06-27,2026-06-09,EATING PLACE TIER 1,No,82 WATER ST,EASTPORT,ME,4661,508-237-4276,REGULAR,PICNIC EASTPORT LLC,Hancock,0.09459459459,44.9054093,-66.9848359
32836,CHOMA ZONE,1,0,2025-07-30,2026-06-10,MUN - EATING PLACE TAKEOUT,No,95 DARLING AVE,SOUTH PORTLAND,ME,4016,902-231-2603,REGULAR,CHOMA ZONE LLC,Cumberland,0.04054054054,43.6405865,-70.3302466
32835,B & D ROADSIDE GRILL # 2,0,0,2025-07-08,,,No,14 WINSTON RD,EAST BALDWIN,ME,4024,703-419-0415,REGULAR,"CLARKE, DAVID & BARBARA",Cumberland,0,43.8611135,-70.6849515
32833,WATERVILLE FOOD TRUCK PARK,0,0,2025-07-09,2026-07-07,EATING PLACE - MOBILE,No,122 KENNEDY MEMORIAL DR,WATERVILLE,ME,4901,702-859-2688,REGULAR,WATERVILLE FOOD TRUCK PARK LLC,Kennebec,0,44.5418246,-69.6565015
32819,SWEETS N TREATS,0,1,2025-07-30,2026-06-05,MUN - CATERING,No,95 DARLING AVE,SOUTH PORTLAND,ME,4103,207-233-3870,REGULAR,"MACISSO, LINDSAY",Cumberland,0.01351351351,43.6405865,-70.3302466
32818,"DANIS, CIERA",0,0,2025-05-09,,,No,288 MAIN ST,BIDDEFORD,ME,4005,207-468-6707,REGULAR,"DANIS, CIERA",York,0,43.4944664,-70.4584952
32806,RIVERS EDGE FAMILY CAMPGROUND,0,0,2025-07-18,,,No,9 ESTES RD,SANFORD,ME,4073,508-523-2052,REGULAR,RIVER'S EDGE FAMILY CAMPGROUD LLC,York,0,43.4184461,-70.6665979
32798,445 STATE ROAD KITTERY,0,0,2025-05-12,,COMMISSARY,No,445 STATE RD,KITTERY,ME,3904,603-370-8331,REGULAR,"MCCLUSKEY, MICHEAL & DEBORAH",York,0,43.1570346,-70.7699468
32798,445 STATE ROAD KITTERY,0,0,2025-06-30,2026-05-13,COMMISSARY,No,445 US ROUTE 1,KITTERY,ME,3904,603-370-8331,REGULAR,"MCCLUSKEY, MICHEAL & DEBORAH",York,0,43.1207314,-70.7208435
32794,HOLLIS TOMMYS PIZZA,0,0,2025-05-16,,,No,660 CAPE RD,HOLLIS,ME,4042,207-929-0024,REGULAR,"WITKOWSKI, TOMMY",York,0,43.6303226,-70.634917
32793,ON THE ROCKS BAR COMPANY,0,0,2025-06-13,2026-05-12,CATERING,No,64 BONNY EAGLE POND RD,STANDISH,ME,4084,207-272-4354,REGULAR,ON THE ROCKS BAR COMPANY LLC,Cumberland,0,43.6895471,-70.5768236
32789,WHIPPLE FARMHOUSE AT OCEANVIEW AT FALMOUTH,0,4,2025-05-13,,,No,38 WHIPPLE FARM LN,FALMOUTH,ME,4105,207-332-6115,REGULAR,"FERTIG, ED",Cumberland,0.05405405405,43.723036,-70.2479576
32783,FERDA FARMS LLC,0,0,2025-06-28,2025-06-29,EATING PLACE - TEMPORARY 1-4 DAYS,No,179 NEPTUNE DRIVE,BRUNSWICK,ME,4011,207-751-3687,REGULAR,FERDA FARMS LLC,Cumberland,0,43.8920732,-69.9226154
32779,SCARPA KITCHEN,0,0,2025-05-03,,,No,331 HARBOR ROAD,WELLS,ME,4090,207-823-4029,REGULAR,,York,0,43.3202072,-70.5730646
32777,CHALEE THAI SUSHI,1,3,2025-07-22,2026-05-12,EATING PLACE - TAKEOUT,No,52 MAIN ST,BUCKSPORT,ME,4416,207-702-9083,REGULAR,CHALEE LLC,Hancock,0.08108108108,44.5713136,-68.7924328
32776,"RAVELLETTE, ANDREW",0,0,2025-04-28,,,No,288 MAIN ST,BIDDEFORD,ME,4005,978-833-5222,REGULAR,"RAVELLETTE, ANDREW",York,0,43.4944664,-70.4584952
32775,BAY BOWLS,2,1,2025-07-23,2026-06-03,EATING PLACE TIER 1,No,45 VINE ST,BATH,ME,4530,207-319-0333,REGULAR,"WEAVER, GRIFFIN",Sagadahoc,0.09459459459,43.9120328,-69.8151377
32771,GO ASK ALICE,0,4,2025-05-07,,EATING PLACE - LIMITED MENU,No,17 RAILROAD SQ,WATERVILLE,ME,4901,207-485-0795,REGULAR,"GO ASK ALICE, LLC",Kennebec,0.05405405405,44.5568307,-69.6307139
32764,WHITTLE BIRD COFFEE & KITCHEN,1,5,2025-04-23,,EATING PLACE TIER 1,No,920 W MAIN ST,DOVER-FOXCROFT,ME,4426,336-473-1001,REGULAR,"WALLACE, CHRIS & MELISSA",Piscataquis,0.1081081081,45.186418,-69.2403981
32762,LAMB FAMILY BBQ,0,3,2025-07-18,2026-06-11,EATING PLACE - MOBILE,No,41 ROOSEVELT TRL,CASCO,ME,4015,207-712-5036,REGULAR,LAMB FAMILY BBQ LLC,Cumberland,0.04054054054,43.9130622,-70.5129944
32757,SHAGHF CAFE,1,3,2025-06-12,2026-04-25,MUN - EATING PLACE,No,645 FOREST AVE,PORTLAND,ME,4101,207-766-6018,REGULAR,SHAGHF CAFE LLC,Cumberland,0.08108108108,43.6706325,-70.2838049
32754,L AND A SEA,0,0,2025-05-28,2026-04-24,CATERING,No,38 SEA ST,BOOTHBAY HARBOR,ME,4538,207-380-6806,REGULAR,L AND A SEA LLC,Lincoln,0,43.8503681,-69.6315658
32743,BATTAMBANG BISTRO,0,0,2025-04-24,,,No,95 DARLING AVE,SOUTH PORTLAND,ME,4106,207-409-0388,REGULAR,IMSO FOODS LLC,Cumberland,0,43.6405865,-70.3302466
32742,"CONCHA, MARCUS",0,0,2025-04-09,,,No,34 EXCHANGE ST,PORTLAND,ME,4101,904-616-9958,REGULAR,"CONCHA, MARCUS",Cumberland,0,43.6569533,-70.2541051
32737,THE TABLE,0,0,2025-05-15,2026-04-28,EATING PLACE - MOBILE,No,16 NATHAN CT,SPRINGVALE,ME,4083,508-737-8973,REGULAR,THE TABLE LLC,York,0,43.4711789,-70.7884454
32733,COASTAL PRIME 1901,1,2,2025-04-17,,EATING PLACE TIER 3,No,35 ATLANTIC AVE,BOOTHBAY HARBOR,ME,4539,207-798-2907,NEWOWNER,MERO LLC,Lincoln,0.06756756757,43.8500642,-69.6239859
32732,ROLLING SMOKE BBQ AND GRILL,0,0,2025-05-18,2026-04-23,EATING PLACE - MOBILE,No,146 EMERY MILLS,SHAPLEIGH,ME,4076,207-604-8548,REGULAR,"COYNE, PATRICK",York,0,43.4946306,-70.8441459
32730,LA TACO TRUCK #2,0,1,2025-07-11,2026-04-23,EATING PLACE - MOBILE,No,525 LISBON RD,SABATTUS,ME,4280,207-754-8431,REGULAR,L/A TACO LLC,Androscoggin,0.01351351351,44.08064,-70.1132699
32727,BLAKE ORCHARD,1,2,2025-06-03,2026-05-21,EATING PLACE TIER 1,No,2 STEWART DR,SCARBOROUGH,ME,4074,413-433-6061,REGULAR,BLAKE ORCHARD INC,Cumberland,0.06756756757,43.5637307,-70.3969133
32723,LIBBYS ANTIQUES & CAFE,0,1,2025-05-19,2026-04-01,EATING PLACE - TAKEOUT,No,30 MAIN ST,CORNISH,ME,4020,207-710-3639,REGULAR,"LIBBY, KATHY & DAVID",York,0.01351351351,43.8051855,-70.8013455
32720,PHO VO VARIETY,2,5,2025-04-02,2026-04-01,EATING PLACE TIER 1,No,158 SPRING ST,WESTBROOK,ME,4092,207-450-8124,REGULAR,PHO CO VARIETY LLC,Cumberland,0.1486486486,43.6712059,-70.360712
32714,WRANGLERS LEMONADE & MINI DONUTS,0,2,2025-07-11,2026-05-07,EATING PLACE - MOBILE,No,411 POND RD,LEWISTON,ME,4240,207-212-2626,REGULAR,"CROWLEY, MJAE",Androscoggin,0.02702702703,44.1082401,-70.1488051
32709,SPUD MAN,3,9,2025-06-11,2026-04-29,EATING PLACE - MOBILE,No,207 MAINE ST,BRUNSWICK,ME,4011,617-678-0100,REGULAR,"ESLAMI, BIZHAN",Cumberland,0.2432432432,43.9117606,-69.963313
32707,GIUSEPPE ROASTERS 2,0,0,2025-07-20,2026-04-08,EATING PLACE - MOBILE,No,26 OCEAN AVE,SCARBOROUGH,ME,4079,207-730-3655,REGULAR,"GWYER, DREW",Cumberland,0,43.5614511,-70.2812919
32700,LEDA,2,0,2025-06-12,2026-05-23,MUN - EATING PLACE,No,265 MARGINAL WAY,PORTLAND,ME,4101,207-815-7581,REGULAR,LUNA LLC,Cumberland,0.08108108108,43.6658962,-70.2583206
32695,AGAVES ON WHEELS,1,0,2025-05-01,2026-03-28,EATING PLACE - MOBILE,No,58 STEPHEN KING DR,AUGUSTA,ME,4330,207-450-5329,REGULAR,AGAVES ON WHEELS LLC,Kennebec,0.04054054054,44.3486556,-69.787578
32694,M PLATTER PARADISE,1,1,2025-06-06,2026-04-24,EATING PLACE - MOBILE,No,41 MYRTLE ST,WESTBROOK,ME,4104,207-387-5835,REGULAR,M PLATTER PARADISE LLC,Cumberland,0.05405405405,43.68282,-70.3606647
32694,M PLATTER PARADISE,1,0,2025-04-14,,,No,41 MYRTLE ST,WESTBROOK,ME,4104,207-387-5835,REGULAR,M PLATTER PARADISE LLC,Cumberland,0.04054054054,43.68282,-70.3606647
32693,M PLATTER PARADISE,0,0,2025-04-14,,,No,41 MYRTLE ST,WESTBROOK,ME,4092,207-387-5835,REGULAR,M PLATTER PARADISE LLC,Cumberland,0,43.68282,-70.3606647
32692,ANCESTRAL CAFE AT UPRISE,1,1,2025-07-24,2026-04-07,EATING PLACE TIER 1,No,21 MAIN ST,FREEPORT,ME,4222,805-906-0063,REGULAR,UPRISE HOT YOGA LLC,Cumberland,0.05405405405,43.8218495,-70.1082763
32685,HANK AND ARTIES,0,0,2025-05-06,,COMMISSARY,No,95 DARLING AVE,SOUTH PORTLAND,ME,4106,207-808-9299,REGULAR,HANK & ARTIES LLC,Cumberland,0,43.6405865,-70.3302466
32682,ROADSIDE BBQ MOBILE,1,1,2025-07-11,2026-04-23,EATING PLACE - MOBILE,No,73 LISBON ST,LISBON,ME,4250,207-841-1512,REGULAR,"BRIGLIO, ANTONIO",Androscoggin,0.05405405405,44.0472584,-70.1186346
32679,"ALLEN, NICOLE",0,0,2025-03-24,,,No,36 MAIN ST,LIMERICK,ME,4048,603-988-3925,REGULAR,"ALLEN, NICOLE",York,0,43.6872632,-70.7939467
32674,CREPE ELIZABETH 3,0,0,2025-05-14,2026-04-01,EATING PLACE - MOBILE,No,426 BRIDGE ST,WESTBROOK,ME,4092,207-808-0039,REGULAR,CREPES 4 DAYS LLC,Cumberland,0,43.6915503,-70.3604589
32674,CREPE ELIZABETH 3,0,0,2025-06-08,2026-04-01,EATING PLACE - MOBILE,No,426 BRIDGE ST,WESTBROOK,ME,4092,207-808-0039,REGULAR,CREPES 4 DAYS LLC,Cumberland,0,43.6915503,-70.3604589
32670,COUSINS MAINE LOBSTER,0,0,2025-03-09,,EATING PLACE - MOBILE,No,375 US ROUTE 1,KITTERY,ME,3904,617-981-7832,REGULAR,MM BRODIE MA LLC,York,0,43.117592,-70.7278794
32666,WEST BRANCH FARMS,0,4,2025-03-04,,EATING PLACE - TAKEOUT,No,222 DUBLIN ST,MACHIAS,ME,4654,207-259-0434,REGULAR,WEST BRANCH FARM LLC,Hancock,0.05405405405,44.7008912,-67.4687164
32661,"EIDE, JAYDEN",0,0,2025-02-28,,,No,364 MAINE MALL RD,SOUTH PORTLAND,ME,4106,207-572-6218,REGULAR,"EIDE, JAYDEN",Cumberland,0,43.6341705,-70.3365511
32660,THE SQOOP,0,0,2025-04-04,,EATING PLACE - MOBILE,No,49 TOPSHAM FAIR MALL RD,TOPSHAM,ME,4086,207-841-1471,NEWOWNER,"QUATRANO, SAMANTHA, MARLENE",Sagadahoc,0,43.9390085,-69.9797479
32660,THE SQOOP,0,0,2025-07-11,2026-04-04,EATING PLACE - MOBILE,No,49 TOPSHAM FAIR MALL RD,TOPSHAM,ME,4086,207-841-1471,REGULAR,"QUATRANO, SAMANTHA, MARLENE",Sagadahoc,0,43.9390085,-69.9797479
32656,PISCATAQUIS AREA COMMUNITY CENTER,0,0,2025-07-15,2025-06-15,EATING PLACE TIER 1,No,48 PARK ST,DOVER-FOXCROFT,ME,4426,207-266-9223,REGULAR,PISCATAQUIS AREA COMMUNITY CENTER,Piscataquis,0,45.1911512,-69.2368854
32654,HAPPY FACE BARBECUE,0,0,2025-02-28,2026-02-28,EATING AND CATERING,No,12 SULLIVAN ST,BERWICK,ME,3901,603-305-5196,REGULAR,HAPPY FACE BARBECUE LLC,York,0,43.2677562,-70.8650899
32650,WILLOWS MOBILE COFFEE CAFE,0,0,2025-03-17,,,No,530 BRIDGE ST,WESTBROOK,ME,4092,207-831-8785,REGULAR,WILLOWS MOBILE COFFEE CAFE LLC,Cumberland,0,43.6923493,-70.3593846
32649,"BOWDER-NEWTON, GEORGIA",0,0,2025-03-05,,,No,15 YORK ST,BIDDEFORD,ME,4005,781-491-3028,REGULAR,"BOWDER-NEWTON, GEORGIA",York,0,43.4937613,-70.4541185
32639,"POLLEY, KEIRRA",0,0,2025-02-24,,,No,288 MAIN ST,BIDDEFORD,ME,4005,207-468-2585,REGULAR,"POLLEY, KIERRA",York,0,43.4944664,-70.4584952
32629,BRICK & EMBERS,0,0,2025-05-29,2026-02-27,EATING PLACE - MOBILE,No,33 JOWETT ST,BANGOR,ME,4401,207-991-2819,REGULAR,BRICK & EMBERS LLC,Penobscot,0,44.8205369,-68.7807451
32627,"LEO, DUSTY",0,0,2025-02-18,,,No,265 MAIN ST,BIDDEFORD,ME,4005,207-303-7646,REGULAR,DUSTY. LEO,York,0,43.4939859,-70.458128
32624,INSOMNIA COOKIES,0,2,2025-06-30,2026-05-14,MUN - EATING PLACE,No,53 WHARF ST,PORTLAND,ME,4101,445-246-2105,REGULAR,INSOMNIA COOKIES OPERATORS LLC,Cumberland,0.02702702703,43.6585819,-70.2502198
32617,ZELLIE'S ICE CREAM,0,0,2025-07-07,2026-03-21,EATING PLACE - MOBILE,No,97 COMMERCIAL ST,BATH,ME,4530,207-413-6401,REGULAR,ZELLIE'S ICE CREAM LLC,Sagadahoc,0,43.9148603,-69.8131835
32612,MANGIA KITCHEN,0,0,2025-05-06,2026-02-05,MUN - CATERING,No,95 DARLING AVE,SOUTH PORTLAND,ME,4016,207-632-3044,REGULAR,MANGIA KITCHEN LLC,Cumberland,0,43.6405865,-70.3302466
32611,LB ROCK ROW,0,0,2025-05-06,2026-02-05,MUN - COMMISSARY,No,95 DARLING AVE,SOUTH PORTLAND,ME,4016,978-270-9151,REGULAR,LB ROCK ROW LLC,Cumberland,0,43.6405865,-70.3302466
32564,"GROVER, DELANY",0,0,2025-02-04,,,No,703 MAIN ST,BANGOR,ME,4401,207-570-6268,REGULAR,,Penobscot,0,44.7826566,-68.7813436
32542,BIG SWING GOLF SIM,0,0,2025-07-25,2026-04-18,EATING PLACE TIER 1,No,765 ROOSEVELT TRL,WINDHAM,ME,4062,207-458-6474,REGULAR,BIG SWING GOLF SIM LLC,Cumberland,0,43.8366898,-70.4395326
32542,BIG SWING GOLF SIM,2,9,2025-04-18,,,No,765 ROOSEVELT TRL,WINDHAM,ME,4062,207-458-6474,REGULAR,BIG SWING GOLF SIM LLC,Cumberland,0.2027027027,43.8366898,-70.4395326
32541,CROWS NEST CAFE,0,2,2025-04-03,,EATING PLACE TIER 1,No,6 NORTH MAIN ST,MILBRIDGE,ME,4658,207-598-9356,REGULAR,CROWS NEST CAFE LLC,Washington,0.02702702703,44.5384691,-67.8834426
32534,GRILLA BOWL,0,0,2025-04-02,2025-12-31,EATING PLACE TIER 1,No,343 WATER ST,GARDINER,ME,4345,207-530-1155,REGULAR,"VILLEGAS, THOMAS",Kennebec,0,44.2299289,-69.7742735
32532,SAPPORO RESTAURANT,3,3,2025-04-15,2026-03-13,EATING PLACE TIER 3,No,267 US ROUTE 1,FALMOUTH,ME,4105,207-504-0824,REGULAR,SENRI INC,Cumberland,0.1621621622,43.73079,-70.2285227
32524,JUST 1 MORE,1,2,2025-02-20,2025-12-20,EATING PLACE TIER 2,No,561 MAINE AVE,FARMINGDALE,ME,4344,207-215-9935,REGULAR,JARBIN INC,Kennebec,0.06756756757,44.2587097,-69.7758455
32522,"DAWS, DUSTIN",0,0,2024-12-13,,,No,288 MAIN ST,BIDDEFORD,ME,4005,207-618-3958,REGULAR,"DAWS, DUSTIN",York,0,43.4944664,-70.4584952
32521,"KALBES, MADISON",0,0,2024-12-13,,,No,288 MAIN STREET,BIDDEFORD,ME,4005,207-219-2240,REGULAR,"KALBES, MADISON",York,0,43.4944664,-70.4584952
32520,LINCOLN TAP HOUSE,2,3,2025-04-24,2026-01-22,EATING PLACE TIER 3,No,222 WEST BROADWAY,LINCOLN,ME,4457,207-403-9116,REGULAR,"LINCOLN TAP HOUSE, LLC",Penobscot,0.1216216216,45.3577155,-68.5240725
32514,"STEIMER, JORDAN",0,0,2024-12-13,,,No,288 MAIN ST,BIDDEFORD,ME,4005,254-78-1434,REGULAR,"STEIMER, JORDAN",York,0,43.4944664,-70.4584952
32511,CUSHNOC CANTINA,1,3,2025-01-15,2025-12-20,EATING PLACE TIER 3,No,150 MAIN ST,WATERVILLE,ME,4901,207-323-0551,REGULAR,CUSHNOC CANTINA LLC,Kennebec,0.08108108108,44.5511737,-69.6308969
32506,CHLOE'S CAFE,0,0,2025-03-18,2026-01-13,EATING PLACE TIER 2,No,30 WATER ST,ELLSWORTH,ME,4605,207-664-8617,REGULAR,"CONNERS, GABRIELLE & OMLOR, HEIDI",Hancock,0,44.540844,-68.4243981
32506,CHLOE'S CAFE,0,0,2025-01-07,,,No,30 WATER ST,ELLSWORTH,ME,4605,207-664-8617,REGULAR,"CONNERS, GABRIELLE & OMLOR, HEIDI",Hancock,0,44.540844,-68.4243981
32483,INNI MAMA'S,1,2,2025-07-26,2025-12-04,EATING PLACE - MOBILE,No,26 ROUTE 126,MONMOUTH,ME,4259,207-400-9127,REGULAR,"YOUNG, INNA",Kennebec,0.06756756757,44.1813432,-69.9929719
32480,PORTLAND COMMUNITY SQUASH,0,0,2024-12-05,,MUN - EATING PLACE,No,66 NOYES ST,PORTLAND,ME,4468,770-877-2041,REGULAR,PORTLAND COMMUNITY SQUASH,Kodiak Island,0,43.6654265,-70.281302
32477,IT'S PRETTY CHEESY,2,1,2025-05-13,2025-12-02,EATING PLACE - MOBILE,No,570 SWEDEN STREET,CARIBOU,ME,4739,207-227-1045,REGULAR,ITS PRETTY CHEESY LLC,Aroostook,0.09459459459,46.8809158,-68.0399864
32476,TRUCK TO TABLE,0,5,2024-11-05,,,No,1303 ALFRED RD,LYMAN,ME,4043,207-400-1167,REGULAR,ENCOMPASS JOY LLC,York,0.06756756757,43.4793309,-70.6066031
32475,ANODYNE BOOK SHOP,0,3,2025-06-25,2026-01-14,EATING PLACE TIER 1,No,175 WEST MAIN ST,SEARSPORT,ME,4915,207-548-4212,REGULAR,ANODYNE BOOK SHOP  LLC,Waldo,0.04054054054,44.4468058,-68.9343675
32471,VY BANH MI,1,0,2025-05-06,2025-11-07,MUN - COMMISSARY,No,95 DARLING AVE,SOUTH PORTLAND,ME,4106,207-608-5663,REGULAR,VY BANH MI LLC,Cumberland,0.04054054054,43.6405865,-70.3302466
32462,THE UPTON HOUSE INN,1,2,2024-11-01,,BED AND BREAKFAST 5 ROOMS OR LESS,No,260 THISTLE ST,UPTON,ME,4261,207-446-5054,NEWOWNER,"COULOMBE, CHARLOTTE",Oxford,0.06756756757,44.6935871,-71.0093877
32449,POP'S JOINT,0,0,2025-06-09,2026-03-28,EATING PLACE - MOBILE,No,19 MEADOW RD,RAYMOND,ME,4105,207-831-4019,REGULAR,"WALLACE, RICHARD",Cumberland,0,43.9029292,-70.4673922
32448,BELFAST MASKERS,0,1,2025-03-11,2025-11-07,EATING PLACE TIER 3,No,17 COURT ST,BELFAST,ME,4915,802-473-6479,REGULAR,THE BELFAST MASKERS,Waldo,0.01351351351,44.4236335,-69.001482
32447,LB KITCHEN ROCK ROW,0,0,2025-03-17,,EATING PLACE - TAKEOUT,No,11 ROCK ROW,WESTBROOK,ME,4092,978-270-9157,REGULAR,LB ROCK ROW LLC,Cumberland,0,43.6761596,-70.332218
32447,LB KITCHEN ROCK ROW,0,0,2025-05-30,2026-03-17,EATING PLACE - TAKEOUT,No,11 ROCK ROW,WESTBROOK,ME,4092,978-270-9157,REGULAR,LB ROCK ROW LLC,Cumberland,0,43.6761596,-70.332218
32444,THE HOLY DONUT,0,1,2024-11-21,2025-10-28,MUN - EATING PLACE,No,194 PARK AVE,PORTLAND,ME,4102,207-318-0572,REGULAR,THE HOLY DONUT INC,Cumberland,0.01351351351,43.6559437,-70.2748544
32443,SMOKIN PIG,2,1,2025-06-06,2025-11-01,EATING PLACE - MOBILE,No,171 SOUTH BELFAST AVE,AUGUSTA,ME,4330,207-248-1033,REGULAR,SMOKIN PIG LLC,Kennebec,0.09459459459,44.3203403,-69.7475089
32443,SMOKIN PIG,0,0,2025-06-21,2025-11-01,EATING PLACE - MOBILE,No,171 SOUTH BELFAST AVE,AUGUSTA,ME,4330,207-248-1033,REGULAR,SMOKIN PIG LLC,Kennebec,0,44.3203403,-69.7475089
32442,"FORD, AIDEN",0,0,2024-12-13,,,No,58 MAIN ST,BANGOR,ME,4401,815-981-6196,REGULAR,"FORD, AIDEN",Penobscot,0,44.8004666,-68.7716226
32441,"HALL, KATHERINE",0,0,2024-10-21,,,No,226 YORK ST,YORK,ME,3909,603-781-7098,REGULAR,"HALL, KATHERINE",York,0,43.1438999,-70.6501818
32438,HUSSON UNIVERSITY,0,0,2025-07-15,2025-10-23,EATING PLACE - MOBILE,No,1 COLLEGE CIR,BANGOR,ME,4101,207*941-7000,REGULAR,HUSSON UNIVERSITY FOOD SERVICE,Penobscot,0,44.8269788,-68.7932377
32428,PORTLAND COMMUNITY SQUASH,0,0,2025-01-16,2025-12-06,MUN - EATING PLACE,No,66 NOYES ST,PORTLAND,ME,4101,860-181-1211,REGULAR,PORTLAND COMMUNITY SQUASH,Cumberland,0,43.6654265,-70.281302
32425,DUTCHMAN'S,2,5,2025-03-27,2025-11-18,EATING AND CATERING,No,14 MAINE ST,BRUNSWICK,ME,4011,610-597-0813,REGULAR,JM HOSPITALITY LLC,Cumberland,0.1486486486,43.9192875,-69.9676173
32424,MINARD,0,0,2025-07-25,2025-10-22,EATING PLACE - MOBILE,No,59 MALCOLM AVE,SANFORD,ME,4073,802-747-8686,REGULAR,MINARD LLC,York,0,43.4251764,-70.7713515
32420,2GETHER WE COOK,0,0,2025-05-22,,MUN - CATERING,No,1342 CONGRESS ST,PORTLAND,ME,4103,207-233-5047,REGULAR,AMY KAYNE,Cumberland,0,43.6583697,-70.2952702
32415,BLUE ELEPHANT CAFE & CATERING,0,1,2024-10-07,2025-10-07,CATERING,No,265 NORTH ST,SACO,ME,4072,207-281-3070,REGULAR,BLUE ELEPHANT EVENTS & CATERING,York,0.01351351351,43.5121438,-70.4498277
32414,THE GOUDA BOYS LLC,0,0,2024-10-02,2024-10-06,EATING PLACE - TEMPORARY 5-14 DAYS,No,1154 MAIN ST,FRYEBURG,ME,4037,207-313-8066,REGULAR,"PICURRO, JOHN",Oxford,0,44.0327324,-70.9678946
32410,WEST BRANCH FARMS,4,7,2025-06-30,2025-11-04,EATING PLACE - MOBILE,Yes,180 WEST KENNEBEC RD,MACHIAS,ME,4654,207-598-6992,REGULAR,WEST BRANCH FARM LLC,Hancock,0.2567567568,44.6637809,-67.4514152
32409,CANTILEVER COFFEE COMPANY,0,0,2025-06-08,,EATING PLACE - MOBILE,No,529 BAY RD,BOWDOINHAM,ME,4008,207-420-0983,REGULAR,CANTILEVER COFFEE COMPANY LLC,Sagadahoc,0,43.9730254,-69.8925262
32405,NXGEN FITNESS CENTER,1,1,2024-12-31,2025-12-19,MUN - EATING PLACE,No,75 NORTHPORT DR,PORTLAND,ME,4074,207-807-7295,REGULAR,P & E FITNESS INC,Cumberland,0.05405405405,43.7006339,-70.2853758
32398,LADY OYSTER,0,0,2025-05-08,2025-10-10,CATERING,No,1 SHAW ST,BATH,ME,4530,617-943-7425,REGULAR,LADY OYSTER LLC,Sagadahoc,0,43.9023777,-69.8162139
32397,MAINE WAY FRANKS,0,0,2024-10-02,,,No,469 SOKOKIS TRL,LIMERICK,ME,4048,207-467-5697,REGULAR,"MARTIN, RICHARD",York,0,43.6567239,-70.7631932
32391,"LETELLIER, LAURA LEE",0,0,2024-10-10,,,No,366 MAIN ST,WATERBORO,ME,4087,207-251-3798,REGULAR,"LETELLIER, LAURA LEE",York,0,43.565816,-70.6898586
32370,NIBBLESFORD,1,1,2024-09-29,,,No,LINCOLN ST,BIDDEFORD,ME,4005,207-710-2770,REGULAR,NIBBLESFORD LLC,York,0.05405405405,43.4949657,-70.4563265
32369,THE POTTED PANTRY SNACK SHACK,0,0,2025-06-26,2025-09-19,EATING PLACE - MOBILE,No,420 ROUTE 1,EDGECOMB,ME,4556,781-718-7079,REGULAR,"REGAN, KRISSEY",Lincoln,0,44.0033865,-69.6128196
32355,DOWNEAST POUR,0,3,2024-09-25,,CATERING,No,90 SCHOOL HOUSE RD,ORLAND,ME,4473,207-808-0953,REGULAR,DOWNEAST POURS LLC,Hancock,0.04054054054,44.5733267,-68.7323549
32353,SPICE PIZZERIA,1,2,2024-09-11,,EATING PLACE - TAKEOUT,No,59 CAMDEN ST,ROCKLAND,ME,4841,207-230-4644,REGULAR,K & P RESTAURANT LLC,Knox,0.06756756757,44.1154361,-69.1044759
32350,SMILEYS TOO,0,0,2024-08-29,,EATING PLACE - MOBILE,No,49 TOPSHAM FAIR MALL RD,TOPSHAM,ME,4086,207-212-7677,NEWOWNER,SMILEYS TOO LLC,Sagadahoc,0,43.9390085,-69.9797479
32341,MIMIS PLACE,0,0,2024-10-11,2025-09-30,EATING PLACE TIER 1,No,60 WELD ST,DIXFIELD,ME,4224,207-592-1940,REGULAR,MIMI'S PLACE,Oxford,0,44.5352232,-70.4558903
32337,AROMA JOES COFFEE,0,1,2024-12-09,2025-11-15,EATING PLACE - TAKEOUT,No,933 PORTLAND RD,SACO,ME,4072,603-502-4407,REGULAR,PINE TREE COFFEE LLC,Cumberland,0.01351351351,43.549052,-70.4098004
32336,BLAZE PIZZA,0,1,2025-01-13,,,No,451 PAYNE RD,SCARBOROUGH,ME,4074,207-344-8456,REGULAR,WILDFIRE RESTAURANT GROUP,Cumberland,0.01351351351,43.6222008,-70.3478972
32335,SMOKE N SLIDERS,0,1,2025-06-03,2025-09-03,EATING PLACE - MOBILE,No,22 LONSDALE RD,FARMINGDALE,ME,4344,207-441-2477,REGULAR,SMOKE N SLIDERS LLC,Kennebec,0.01351351351,44.2624473,-69.7817737
32333,MUSTANG MARKET,1,0,2025-01-23,2025-08-26,EATING PLACE - TAKEOUT,No,1250 TURNER ST,AUBURN,ME,4210,207-671-4676,REGULAR,SODEXO AMERICA LLC,Androscoggin,0.04054054054,44.1321115,-70.2320624
32326,NEXT TEA,1,0,2024-10-21,2025-10-03,MUN - EATING PLACE,No,543 CONGRESS ST,PORTLAND,ME,4101,207-78-1260,REGULAR,NEXT TEA LLC,Cumberland,0.04054054054,43.6557524,-70.2616678
32325,GOLDEN STEER,0,0,2024-08-23,,,No,6 STEVENS AVE,EASTPORT,ME,4631,702-936-9055,REGULAR,,Washington,0,44.905288,-66.991846
32325,GRINDSTONE BBQ,0,0,2025-07-03,2025-11-04,EATING PLACE - MOBILE,No,5 GRINDSTONE RD,MEDWAY,ME,4400,207-746-8144,NEWOWNER,GRINDSTONE BBQ,Penobscot,0,45.6135649,-68.5332112
32324,COUNTY LINE COFFEE,0,0,2024-09-25,2025-08-22,EATING PLACE - MOBILE,No,21 JAMIESON RD,ORRINGTON,ME,4474,207-951-5115,REGULAR,"POLLARD, BEN",Penobscot,0,44.6855456,-68.8127521
32321,MANCINI'S ITALIAN DELI,0,3,2025-06-10,2026-01-30,MUN - EATING PLACE TAKEOUT,No,5 PARK ST,LEWISTON,ME,4240,207-754-5417,REGULAR,MANCINI'S LLC,Androscoggin,0.04054054054,44.0960413,-70.2158292
32320,MILLTOWN COFFEE,0,0,2024-11-19,2025-08-23,EATING PLACE TIER 1,No,1 BARING ST,CALAIS,ME,4619,480-430-7715,REGULAR,MILLTOWN COFFEE LLC,Washington,0,45.168192,-67.29322
32316,HILLVIEW MARKET & DELI,2,0,2024-08-17,2025-08-13,EATING PLACE - MOBILE,No,21 BUXTON RD,SACO,ME,4072,207-660-1733,REGULAR,"MAIN, JUSTIN",York,0.08108108108,43.5251029,-70.4620236
32316,HILLVIEW MARKET & DELI,1,0,2024-10-01,2025-08-13,EATING PLACE - MOBILE,No,21 BUXTON RD,SACO,ME,4072,207-660-1733,REGULAR,"MAIN, JUSTIN",York,0.04054054054,43.5251029,-70.4620236
32313,FLUVIAL BREWING,0,0,2024-10-11,2025-09-03,EATING PLACE TIER 3,No,860 MAPLE RIDGE RD,HARRISON,ME,4040,207-49-9363,REGULAR,"GRAHAM, LISA, SHAUN",Cumberland,0,44.0781873,-70.622661
32307,CAMP KERITH OF BEREA MINISTRIES,0,0,2025-06-10,2025-08-27,EATING AND LODGING,No,67 CEDARBROOK WAY,LYMAN,ME,4002,603-744-6344,REGULAR,CAMP BEREA INC,York,0,43.5123167,-70.6924165
32307,CAMP KERITH OF BEREA MINISTRIES,0,0,2025-06-10,2025-08-27,EATING AND LODGING,No,67 CEDARBROOK WAY,LYMAN,ME,4002,603-744-6344,REGULAR,CAMP BEREA INC,York,0,43.5123167,-70.6924165
32307,CAMP KERITH OF BEREA MINISTRIES,0,0,2024-06-25,,,No,67 CEDARBROOK WAY,LYMAN,ME,4002,603-744-6344,REGULAR,CAMP BEREA INC,York,0,43.5123167,-70.6924165
32307,CAMP KERITH OF BEREA MINISTRIES,0,0,2024-06-25,,,No,67 CEDARBROOK WAY,LYMAN,ME,4002,603-744-6344,REGULAR,CAMP BEREA INC,York,0,43.5123167,-70.6924165
32306,BARLIMAN'S,0,6,2024-08-14,,,No,1 KENDUSKEAG PLAZA W,BANGOR,ME,4401,207-745-7888,REGULAR,PIKE & PEPPARD LLC,Penobscot,0.08108108108,44.8000667,-68.7697828
32304,THE GRIND,0,0,2025-06-27,2025-09-04,EATING PLACE - MOBILE,No,308 HOWE HILL RD,GREENWOOD,ME,4255,802-343-5238,REGULAR,THE GRIND LLC,Oxford,0,44.3807399,-70.7063042
32303,LEE ACADEMY,0,0,2024-10-16,2025-09-27,EATING - SCHOOL SATELLITE,No,26 WINN RD,LEE,ME,4455,207-738-2252,REGULAR,LEE ACADEMY,Penobscot,0,45.3618496,-68.2859588
32299,THE SAUSAGE KITCHEN,0,3,2024-08-06,,EATING PLACE - TEMPORARY 1-4 DAYS,No,TOPSHAM FAIRGROUNDS,TOPSHAM,ME,4250,207-576-0804,REGULAR,"GEORGEY BOY'S BBQ, LLC",Kennebec,0.04054054054,43.9272509,-69.952888
32297,POPPIN BOTTLES,0,0,2024-10-08,,EATING AND CATERING,No,77 CARL BROGGI HWY,LEBANON,ME,4027,207-468-6382,REGULAR,POPPIN BOTTLES LLC,York,0,43.4247691,-70.8527175
32295,RED MAGNOLIA BBQ,0,0,2025-07-30,2025-08-07,MUN - CATERING,No,95 DARLING AVE,SOUTH PORTLAND,ME,4016,207-518-3195,REGULAR,"ROBERTS, BROOKS",Cumberland,0,43.6405865,-70.3302466
32284,MOOSEHEAD MINI GOLF,0,1,2024-08-28,2025-08-02,EATING PLACE - TAKEOUT,No,118 GREENVILLE RD,SHIRLEY,ME,4485,207-717-9577,REGULAR,"JENNISON, MEGAN",Piscataquis,0.01351351351,45.2983039,-69.512245
32275,FRANKS FOODS,0,0,2024-08-29,,EATING PLACE - MOBILE,No,1 FISH ST,FRYEBURG,ME,4091,207-329-9714,REGULAR,"FRANCK, JAMIE",York,0,44.077693,-70.947401
32275,FRANCKS FOODS,0,1,2025-05-27,2025-08-29,EATING PLACE - MOBILE,No,90 BROWN RD,WEST BALDWIN,ME,4091,207-329-9714,REGULAR,"FRANCK, JAMIE",York,0.01351351351,43.8202078,-70.7086027
32273,D D THAI,1,2,2024-10-31,2025-07-30,EATING PLACE - MOBILE,No,76 PRESQUE ISLE RD,ASHLAND,ME,4732,862-812-7374,REGULAR,D D THAI LLC,Aroostook,0.06756756757,46.627182,-68.3982437
32264,SWEETS & CO,0,0,2024-10-29,2025-10-07,EATING PLACE TIER 1,No,294 MAIN ST,SACO,ME,4072,207-749-3855,REGULAR,"FAGELA, LORRAINE",York,0,43.4988762,-70.4451995
32261,EMPANADA CLUB,0,0,2025-05-06,2025-07-22,MUN - COMMISSARY,No,95 DARLING AVE,SOUTH PORTLAND,ME,4106,603-577-0617,REGULAR,"ESPINOZA, ADRIAN",Cumberland,0,43.6405865,-70.3302466
32253,"COOPER, TAYLOR",0,0,2024-07-19,,,No,1 OCEAN PARK RD,OLD ORCHARD BEACH,ME,4064,207-749-6270,REGULAR,"COOPER, TAYLOR G",York,0,43.5074792,-70.409177
32248,MANDY'S COTTON CANDY,0,1,2024-09-05,2025-08-30,EATING PLACE - MOBILE,No,280 WATER ST,GARDINER,ME,4345,207-592-5799,REGULAR,"RICHARDS, AMANDA",Kennebec,0.01351351351,44.229554,-69.7731355
32247,NEWTY'S SHACK BY THE RAILROAD TRACK,2,6,2024-09-06,2025-07-31,EATING PLACE - TAKEOUT,No,84 CRESCENT ST,ROCKLAND,ME,4841,323-898-8131,REGULAR,"TURGEON, DOMINIC",Knox,0.1621621622,44.0969835,-69.1047557
32244,MIMI'S SMASHIN FOOD TRUCK,2,0,2025-07-17,2026-07-19,EATING PLACE - MOBILE,No,69 LOMBARD ST,PRESQUE ISLE,ME,4769,207-551-0913,REGULAR,"MICHAUD, LORI",Aroostook,0.08108108108,46.6854621,-67.9945065
32233,THE SPICE & TEA EXCHANGE,1,0,2025-03-03,2025-07-22,EATING PLACE - TAKEOUT,No,6 MILL ST,FREEPORT,ME,4032,207-944-0226,REGULAR,ACCRETION LLC,Cumberland,0.04054054054,43.8559847,-70.1039578
32227,SPYRO'S GYROS,3,10,2025-03-07,2024-09-06,EATING PLACE TIER 1,No,248 MAIN ST,BRIDGTON,ME,4009,929-225-7062,REGULAR,SPYROS GYROS LLC,Cumberland,0.2567567568,44.054316,-70.7029993
32227,SPYRO'S GYROS,1,7,2024-08-01,2024-09-06,EATING PLACE TIER 1,No,248 MAIN ST,BRIDGTON,ME,4009,929-225-7062,NEWOWNER,SPYROS GYROS LLC,Cumberland,0.1351351351,44.054316,-70.7029993
32217,BLACK SHEEP DELI,2,3,2025-06-03,2025-07-16,EATING PLACE - MOBILE,No,9 WINDY WAY,VINALHAVEN,ME,4863,843-442-6855,REGULAR,"WHITE, CHELSEA",Knox,0.1216216216,44.0478496,-68.8327854
32215,BLACK SHEEP TREAT TRUCK,2,1,2025-06-03,2025-08-21,EATING PLACE - MOBILE,No,9 WINDY WAY,VINALHAVEN,ME,4863,843-44-6855,REGULAR,"WHITE, CHELSEA",Knox,0.09459459459,44.0478496,-68.8327854
32211,TWO MAINE GUYS,3,4,2025-05-07,2025-08-26,EATING PLACE - MOBILE,No,146 MOUNT VERNON AVE,AUGUSTA,ME,4133,207-480-1706,REGULAR,VADALL2022,Kennebec,0.1756756757,44.3284407,-69.7826485
32207,SWEETIE PIES ICE CREAM,0,1,2025-06-18,2026-07-11,EATING PLACE - MOBILE,No,13 HIO RIDGE RD,DENMARK,ME,4022,207-232-2769,REGULAR,"MCFADDEN, ALLISON",Penobscot,0.01351351351,43.9925497,-70.7743441
32201,SMOKIN GOOD TIMES ME,0,0,2024-09-13,2025-07-02,EATING PLACE - MOBILE,No,9 LOCUST ST,SKOWHEGAN,ME,4976,207-431-1426,REGULAR,SMOKIN' GOOD TIMES ME INC,Somerset,0,44.7784931,-69.7244524
32200,TING TANG DUMPLING,0,0,2025-07-25,2025-07-27,EATING PLACE - TEMPORARY 1-4 DAYS,No,181 HIRAM RD,SOUTH HIRAM,ME,4041,802-825-1290,REGULAR,LOST TRIBE LTD,Oxford,0,43.8108142,-70.8645669
32199,THE FUZION BUFFET,2,3,2024-09-27,,EATING PLACE TIER 3,No,200 HIGH ST,ELLSWORTH,ME,4605,207-801-0644,REGULAR,THE FUZION BUFFET LLC,Hancock,0.1216216216,44.5353755,-68.4097837
32192,DEPOT PAVILION & CONSSESIONS,0,0,2024-07-11,2025-06-25,MUN - EATING PLACE TAKEOUT,No,205 THOMPSONS POINT RD,PORTLAND,ME,4102,978-380-2849,REGULAR,LAM HACK LLC,Cumberland,0,43.6545136,-70.2911934
32192,DEPOT PAVILION & CONSSESIONS,0,0,2025-07-17,2026-06-25,MUN - EATING PLACE TAKEOUT,No,205 THOMPSONS POINT RD,PORTLAND,ME,4102,978-380-2849,REGULAR,LAM HACK LLC,Cumberland,0,43.6545136,-70.2911934
32186,DOSE COFFEE (BHIVE),0,0,2024-06-22,2025-06-30,EATING PLACE - TAKEOUT,No,852 ROOSEVELT TRL,NAPLES,ME,4055,207-310-4103,REGULAR,BHIVE LLC,Oxford,0,43.9688702,-70.6024654
32183,THE LUNCH BOX,1,5,2024-07-19,2025-06-26,EATING PLACE - MOBILE,No,92 S PERLEY BROOK RD,FORT KENT,ME,4743,207-834-2368,REGULAR,THE WHISTLE STOP DINER LLC,Aroostook,0.1081081081,47.2379876,-68.5698816
32182,PINSA ROMANA,0,1,2024-10-25,2025-06-20,EATING PLACE - TAKEOUT,No,180 PORT RD,KENNEBUNK,ME,4043,516-306-1992,REGULAR,PIZZUTI. LUCA,York,0.01351351351,43.3603151,-70.4824145
32182,PINSA KENNEBUNK,0,0,2025-05-23,2025-06-20,EATING PLACE - TAKEOUT,No,180 PORT RD,KENNEBUNK,ME,4043,516-306-1992,REGULAR,PINSA KENNEBUNK CORP,York,0,43.3603151,-70.4824145
32181,DEERTREES THEATRE,0,0,2025-05-15,2025-10-08,EATING PLACE TIER 3,No,156 DEERTREES RD,HARRISON,ME,4040,617-267-6961,REGULAR,DEERTREES THEATRE LTD,Cumberland,0,44.1180571,-70.664611
32177,STARBUCKS COFFEE #80961,0,0,2025-01-24,2025-12-02,EATING PLACE TIER 1,No,1364 MAIN ST,SANFORD,ME,4073,206-594-7282,REGULAR,STARBUCKS CORP,York,0,43.413606,-70.7443281
32176,WICKED POTATAHS,0,0,2024-07-31,2025-07-08,EATING PLACE - MOBILE,No,109 COTTLE RD,OAKLAND,ME,4963,207-660-5460,REGULAR,WICKED POTATAHS LLC,Kennebec,0,44.5221011,-69.72257
32176,WICKED POTATAHS,0,0,2025-07-17,2026-07-08,EATING PLACE - MOBILE,No,109 COTTLE RD,OAKLAND,ME,4963,207-660-5460,REGULAR,WICKED POTATAHS LLC,Kennebec,0,44.5221011,-69.72257
32175,NACHO MAMA'S,2,2,2025-07-13,2025-08-01,EATING PLACE - MOBILE,No,SWEDEN ST,CARIBOU,ME,4736,207-999-2239,REGULAR,"OUELLETTE, SHELLY",Aroostook,0.1081081081,46.8601685,-68.0150491
32175,NACHO MAMA'S,2,1,2025-07-17,2025-08-01,EATING PLACE - MOBILE,No,SWEDEN ST,CARIBOU,ME,4736,207-999-2239,REGULAR,"OULLETE, SHELLY",Aroostook,0.09459459459,46.8601685,-68.0150491
32173,MAI TAKEOUT,1,1,2024-06-27,,EATING PLACE - TAKEOUT,No,69 MAIN ST,EAST MILLINOCKET,ME,4430,207-746-7224,REGULAR,YORK. MAI & DANIEL,Aroostook,0.05405405405,45.6259274,-68.5764918
32170,NO BONES GRILL,0,0,2025-06-16,2026-07-03,EATING PLACE - MOBILE,No,154 MOUNT HOPE AVE,BANGOR,ME,4401,207-478-5499,REGULAR,NO BONES GRILL LLC,Penobscot,0,44.8144849,-68.7593691
32169,GREAT SCOTTS MAC WAGON,0,0,2024-06-18,,EATING PLACE - MOBILE,No,7 DOGLEG DR,WINDHAM,ME,4062,207-210-0992,REGULAR,"BODLOVICK, SCOTT A",Cumberland,0,43.7341678,-70.3673027
32167,SUNRISE GRILL,0,0,2024-06-18,,EATING PLACE - MOBILE,No,396 N LUBEC RD,LUBEC,ME,4562,207-259-0358,REGULAR,"BAILEY, GARY",Hancock,0,44.864066,-67.0162347
32165,CHUCKS CAFE,0,3,2024-07-12,2024-08-11,EATING PLACE - MOBILE,No,123 FRITH RD,MOSCOW,ME,4920,571-278-0839,REGULAR,CHUCK'S CAFE LLC,Kennebec,0.04054054054,45.0769073,-69.883389
32165,CHUCKS CAFE,1,0,2025-05-21,2026-05-28,EATING PLACE - MOBILE,No,123 FRITH RD,MOSCOW,ME,4920,571-278-0839,REGULAR,CHUCK'S CAFE LLC,Kennebec,0.04054054054,45.0769073,-69.883389
32159,CHAPPY'S MCE,1,0,2024-06-21,2024-06-24,EATING PLACE - TEMPORARY 5-14 DAYS,No,THOMAS POINT BEACH,BRUNSWICK,ME,4011,413-531-5322,REGULAR,"WOOD, JAMES",Cumberland,0.04054054054,43.8980015,-69.8932407
32155,BARN & TABLE CATERING,0,0,2024-08-09,2025-06-24,CATERING,No,120 WHITNEY RD,GRAY,ME,4039,207-650-0481,REGULAR,THE BAR ASSCOCIATION LLC,Cumberland,0,43.8402651,-70.310674
32150,BROTHERS CONCESSIONS,0,0,2025-07-18,,EATING PLACE - MOBILE,No,243 PECK RD,ACTON,ME,4001,207-477-2626,REGULAR,"REED, JOSEPH, REED, MATTHEW",York,0,43.5089218,-70.9379466
32148,RILEY'S QUENCH LEMONADE,0,3,2025-05-23,2026-06-18,EATING PLACE - MOBILE,No,51 LINCOLN AVE,RUMFORD,ME,4276,207-357-8290,REGULAR,"WINDOVER, JAMES A",Franklin,0.04054054054,44.5542799,-70.548954
32147,MOOSESHACK,2,5,2024-11-26,2024-11-10,EATING PLACE TIER 2,No,112 MAIN ST,EAST MILLINOCKET,ME,4430,207-316-7359,REGULAR,"LAWN, BECKY",Aroostook,0.1486486486,45.6270654,-68.5816862
32145,AIRLINE LODGE AND SNACKBAR,0,1,2024-06-20,,EATING PLACE - MOBILE,No,3752 AIRLINE RD,BEDDINGTON,ME,4622,207-598-0039,REGULAR,AIRLINE LODGE & SNACKBAR LLC,Hancock,0.01351351351,44.8282183,-68.0918522
32137,WANDERWOOD,0,0,2025-07-22,2025-10-07,EATING PLACE TIER 3,No,79 SIDELINGER RD,NOBLEBORO,ME,4555,508-615-4252,REGULAR,WANDERWOOD LLC,Kennebec,0,44.0780707,-69.471294
32135,FREEDOMS EDGE CIDER,3,4,2025-07-11,2025-07-08,EATING PLACE TIER 2,No,440 QUAKER HILL RD,ALBION,ME,4910,917-282-5186,REGULAR,FREEDOM'S EDGE LLC,Kennebec,0.1756756757,44.508965,-69.3948405
32134,THAMES LANDING,3,4,2025-04-23,2025-06-11,MUN - EATING PLACE,No,60 THAMES ST,PORTLAND,ME,4101,207-210-5176,REGULAR,THAMES LLC,Cumberland,0.1756756757,43.6608027,-70.2464284
32134,THAMES LANDING,2,0,2024-09-16,2025-06-11,MUN - EATING PLACE,No,60 THAMES ST,PORTLAND,ME,4101,207-210-5176,REGULAR,THAMES LLC,Cumberland,0.08108108108,43.6608027,-70.2464284
32132,AROMA JOES COFFEE,0,3,2024-07-11,,MUN - EATING PLACE - MOBILE,No,1569 FOREST AVE,PORTLAND,ME,4103,603-312-9665,REGULAR,INTEGRITY VENTURES INC,Cumberland,0.04054054054,43.6967978,-70.3060614
32126,TWICE SOLD TALES,0,0,2024-10-21,2025-06-06,EATING PLACE TIER 1,No,155 MAIN ST,FARMINGTON,ME,4938,207-779-6276,REGULAR,TWICE SOLD TALES LLC,Franklin,0,44.6707777,-70.1517402
32124,ALL AMERICAN SUBS & LOBSTER,0,2,2025-01-27,2025-05-29,EATING PLACE - MOBILE,No,24 LANCASTER RD,RICHMOND,ME,4357,207-522-2311,REGULAR,ALL AMERICAN SUBS AND LOBSTERS LLC,Kennebec,0.02702702703,44.1050678,-69.8904248
32123,LA ARTS,0,1,2025-06-18,2025-08-05,MUN - EATING PLACE - LIMITED MENU,No,168 LISBON ST,LEWISTON,ME,4240,207-782-7228,REGULAR,LA ARTS,Androscoggin,0.01351351351,44.0959792,-70.2164986
32112,EDUARDO'S BRAZILIAN GRILL ONE TAKEOUT,0,0,2024-10-24,2025-06-06,MUN - EATING PLACE TAKEOUT,No,95 DARLING AVE,SOUTH PORTLAND,ME,4106,207-602-8091,REGULAR,EDUARDOS BRAZILIAN GRILL ONE CORP,Cumberland,0,43.6405865,-70.3302466
32111,EDUADRO'S BRAZILIAN GRILL ONE,0,0,2024-10-24,2025-06-06,MUN - CATERING,No,95 DARLING AVE,SOUTH PORTLAND,ME,4106,207-602-8091,REGULAR,EDUARDOS BRAZILIAN GRILL ONE CORP,Cumberland,0,43.6405865,-70.3302466
32108,B & R DAIRY BAR,0,0,2024-05-09,2025-05-29,EATING PLACE - MOBILE,No,108 YARMOUTH RD,GRAY,ME,4039,207-807-8817,REGULAR,TASTY TREATS LLC,Cumberland,0,43.8836418,-70.3101372
32107,TRUCKIN PIZZA # 2,0,0,2024-07-11,2025-06-06,EATING PLACE - MOBILE,No,95 DARLING AVE,SOUTH PORTLAND,ME,4046,207-632-2162,REGULAR,TRUCKIN PIZZA LLC,Cumberland,0,43.6405865,-70.3302466
32106,EL RODEO SCARBOROUGH,1,0,2024-08-01,2025-06-03,EATING PLACE - MOBILE,No,623 US ROUTE 1,SCARBOROUGH,ME,4074,614-254-4976,REGULAR,EL RODEO SCARBOROUG LLC,Cumberland,0.04054054054,43.5555407,-70.4036774
32105,LOVE POINT OYSTERS,0,0,2025-06-28,2025-06-29,EATING PLACE - TEMPORARY 1-4 DAYS,No,43 MAIN ST,FREEPORT,ME,4032,508-380-9371,REGULAR,LOVE POINT OYSTERS LLC,Cumberland,0,43.8220019,-70.1086175
32105,LOVE POINT OYSTERS,1,2,2024-06-29,2024-06-30,EATING PLACE - TEMPORARY 5-14 DAYS,No,43 MAIN ST,FREEPORT,ME,4032,508-380-9371,REGULAR,LOVE POINT OYSTERS LLC,Cumberland,0.06756756757,43.8220019,-70.1086175
32101,SWEETEST MEMORY,1,3,2025-04-24,2025-06-06,EATING PLACE - MOBILE,No,1264 CARL BROGGI HWY,LEBANON,ME,4027,603-781-0535,REGULAR,SWEETEST MEMORY LLC,York,0.08108108108,43.3613659,-70.9123365
32099,THE OUTPOST SCOOP SHOPPE,3,2,2024-08-16,2025-05-23,EATING PLACE - TAKEOUT,No,380 PEQUAWKET TRL,STANDISH,ME,4084,207-68-4244,REGULAR,THE OUTPOST SCOOP SHOPPE LLC,Cumberland,0.1486486486,43.750936,-70.6122381
32095,STONINGTON FOOD COMPANY,0,3,2024-08-21,2025-06-21,EATING PLACE TIER 2,No,68 MAIN ST,STONINGTON,ME,4681,331-806-9755,REGULAR,"WATSON, RONALD G",Hancock,0.04054054054,44.1561725,-68.6630276
32095,STONINGTON FOOD COMPANY,0,0,2024-06-21,,EATING PLACE TIER 2,No,68 MAIN ST,STONINGTON,ME,4681,331-806-9755,REGULAR,"WATSON, RONALD G",Hancock,0,44.1561725,-68.6630276
32094,DEER ISLE MUSIC HALL & BBQ,0,2,2024-06-21,,EATING PLACE TIER 3,No,661 SUNSET RD,DEER ISLE,ME,4627,773-412-6628,REGULAR,DEER ISLE MUSIC LLC,Hancock,0.02702702703,44.1848661,-68.7020322
32091,THE TRAVELIN LOBSTER FRENCHMAN BAY LOBSTER ROLLS,0,1,2024-09-25,2025-06-06,EATING PLACE - TAKEOUT,No,36 PAMS WAY,BAR HARBOR,ME,4609,207-460-8028,REGULAR,NICKS SUM DAY,Hancock,0.01351351351,44.401943,-68.3422473
32089,Y KNOT FARM,0,1,2024-06-25,,EATING PLACE - MOBILE,No,48 AUGUSTA RD,BELMONT,ME,4952,207-322-5248,REGULAR,"LITTLEFIELD, SUSAN",Waldo,0.01351351351,44.4067738,-69.1022364
32087,COASTAL CREAMERY,0,0,2024-05-16,2025-05-22,EATING PLACE - MOBILE,No,136 COMMERCIAL ST,PORTLAND,ME,4101,617-620-3255,REGULAR,KTLW ENTERPRISES LLC,Cumberland,0,43.6561896,-70.2514777
32087,COASTAL CREAMERY,0,0,2025-05-04,2025-05-22,EATING PLACE - MOBILE,No,136 COMMERCIAL ST,PORTLAND,ME,4101,617-620-3255,REGULAR,KTLW ENTERPRISES LLC,Cumberland,0,43.6561896,-70.2514777
32084,NORTHEAST HOLDINGS {COFFEE ),1,0,2024-06-14,2025-06-11,EATING PLACE - MOBILE,No,209 THOMPSON RD,CARIBOU,ME,4736,401-787-3367,REGULAR,NORTHEAST HOLDINGS LLC,Aroostook,0.04054054054,46.9168361,-67.9348881
32084,NORTHEAST HOLDINGS {COFFEE ),0,0,2024-06-26,2025-06-11,EATING PLACE - MOBILE,No,209 THOMPSON RD,CARIBOU,ME,4736,401-787-3367,REGULAR,NORTHEAST HOLDINGS LLC,Aroostook,0,46.9168361,-67.9348881
32078,THE CONTENTED SOLE,2,6,2024-07-24,2024-10-21,EATING PLACE TIER 2,No,32 SOUTHSIDE RD,NEW HARBOR,ME,4554,207-975-8522,REGULAR,"BUSTEED, WARREN T",Lincoln,0.1621621622,43.8736423,-69.4964771
32073,SHANNONS UNSHELLED,0,3,2024-06-20,,,No,586 WISCASSET RD,BOOTHBAY,ME,4568,207-350-8094,REGULAR,,Lincoln,0.04054054054,43.9024999,-69.6208622
32071,EXTRA EXTRA,1,0,2024-08-27,2025-05-28,EATING PLACE - MOBILE,No,14 GOWELL LN,LITCHFIELD,ME,4350,207-319-9604,REGULAR,EXTRA EXTRA LLC,Kennebec,0.04054054054,44.1476304,-70.0044557
32067,HAZY WATER BREWERY,1,3,2024-08-15,2025-05-14,EATING PLACE - MOBILE,No,746 AUBURN RD,TURNER,ME,4282,207-713-5153,REGULAR,HAZYWATER BREWERY LLC,Androscoggin,0.08108108108,44.2249093,-70.2500808
32065,CHUBBYS DAIRY BAR,1,5,2025-07-10,2026-06-21,EATING PLACE TIER 1,No,1 COFFIN ST,HOWLAND,ME,4448,207-333-0559,REGULAR,CHUBBY'S DAIRY BAR LLC,Penobscot,0.1081081081,45.239138,-68.660291
32063,ASIAN BOBA AND APPETIZER,1,1,2024-07-26,,,No,64 PORTLAND RD,BRIDGTON,ME,4015,207-461-1416,REGULAR,ASIAN BOBA & APPETIZERS LLC,Cumberland,0.05405405405,44.0492945,-70.7010328
32061,ALLEN AVE UNITARIAN UNIVERSALIST CHURCH,1,1,2024-10-08,2025-05-15,MUN - EATING AND CATERING,No,524 ALLEN AVE,PORTLAND,ME,4101,207-797-7240,REGULAR,ALLEN AVE UNITARIAN UNIVERSALIST CHURCH,Cumberland,0.05405405405,43.7056622,-70.283618
32059,SILLY GOOSE BAR N GRILL,0,0,2024-11-27,2025-05-28,EATING PLACE TIER 2,No,164 MAIN ST,KINGFIELD,ME,4947,770-298-9221,REGULAR,WHERE THE SIDEWALK ENDS LLC,Franklin,0,44.9530132,-70.1530411
32057,SMOKIN GOOD BBQ #2,1,0,2025-06-27,2026-05-31,EATING PLACE - MOBILE,No,212 MAYVILLE RD,BETHEL,ME,4217,207-653-6110,REGULAR,EPA INC,Oxford,0.04054054054,44.4249827,-70.7977165
32053,SPARK BAGEL,0,0,2024-09-24,2025-05-13,EATING PLACE - MOBILE,No,256 HIGH ST,BELFAST,ME,4915,503-423-7381,REGULAR,SPARK BAGEL LLC,Waldo,0,44.4295104,-69.0138642
32052,WEST BRANCH FARMS,1,0,2024-10-10,2025-08-20,EATING PLACE - MOBILE,No,222 DUBLIN ST,MACHIAS,ME,4654,207-598-6992,REGULAR,WEST BRANCH FARM LLC,Hancock,0.04054054054,44.7008912,-67.4687164
32052,WEST BRANCH FARMS,0,0,2024-08-20,2025-08-20,EATING PLACE - MOBILE,No,222 DUBLIN ST,MACHIAS,ME,4654,207-598-6992,REGULAR,WEST BRANCH FARM LLC,Hancock,0,44.7008912,-67.4687164
32049,STREET FOOD,0,0,2024-07-03,,EATING PLACE - MOBILE,No,115 CHASE ST SOUTH PORTLAND,PORTLAND,ME,4106,207-318-9775,REGULAR,"CRONIN, TIMOTHY A",Cumberland,0,43.636721,-70.2391713
32046,TOKU TRUCK,1,0,2024-07-11,2025-05-31,MUN - EATING PLACE - MOBILE,No,82 PARRIS ST,PORTLAND,ME,4101,207-239-6659,REGULAR,TOKU TRUCK LLC,Cumberland,0.04054054054,43.6593536,-70.2655005
32045,MORNING MOOSE COFFEE 2,0,1,2024-06-21,2025-05-13,EATING PLACE - MOBILE,No,2 BAKER ST,RICHMOND,ME,4357,207-837-5209,REGULAR,MORNING MOOSE COFFEE LLC,Sagadahoc,0.01351351351,44.0854135,-69.8010397
32045,MORNING MOOSE COFFEE 2,0,0,2025-04-04,2025-05-13,EATING PLACE - MOBILE,No,2 BAKER ST,RICHMOND,ME,4357,207-837-5209,REGULAR,MORNING MOOSE COFFEE LLC,Sagadahoc,0,44.0854135,-69.8010397
32041,THE SYRUP SQUAD,0,0,2024-06-21,2025-05-08,EATING PLACE - MOBILE,No,141 LIBERTY ST,DEXTER,ME,4930,207-270-2007,REGULAR,THE SYRUP SQUAD LLC,Penobscot,0,45.0142475,-69.2868794
32038,VIP MAINE MOBILE,2,2,2025-03-14,2025-05-23,EATING PLACE - TAKEOUT,No,2186 BRISTOL RD,PEMAQUID,ME,4558,207-592-7089,REGULAR,"YOST, JOSEPH",Lincoln,0.1081081081,43.9044785,-69.5054312
32037,FARMER BILLS FROZEN CUSTARD,0,0,2025-07-02,2026-05-13,EATING PLACE - MOBILE,No,150 DOW HIGHWAY,ELIOT,ME,3903,207-475-7360,REGULAR,SANDY HILL PROPERTIES LLC,York,0,43.1276791,-70.7680912
32035,THE LOVING BITE CATERING,0,0,2025-05-14,2025-07-02,MUN - CATERING,No,179 WOODFORD ST,PORTLAND,ME,4101,646-858-9600,REGULAR,"THE LOVING BITE CATERING, LLC",Cumberland,0,43.6711991,-70.2860256
32033,BIG SUMBATTUS BBQ #2,1,0,2024-08-28,2025-05-01,EATING PLACE - MOBILE,No,21 DUBE DR,SABATTUS,ME,4280,207-576-5849,REGULAR,"WATERS, JENNIFER",Androscoggin,0.04054054054,44.0707581,-70.0873024
32030,ANOTHER ROUND,1,0,2024-08-01,2025-05-21,MUN - EATING PLACE - LIMITED MENU,No,549 CONGRESS ST,PORTLAND,ME,4101,207-200-1883,REGULAR,ANOTHER ROUND LLC,Cumberland,0.04054054054,43.655575,-70.2618315
32028,BRICKYARD HOLLOW BREWING,1,4,2024-10-11,2025-06-14,EATING PLACE TIER 3,No,180 MAIN ST,BIDDEFORD,ME,4005,207-747-8065,REGULAR,BIDDEFORD BRICKYARD LLC,York,0.09459459459,43.4935391,-70.4555455
32027,GUNNARS ICELANDIC HOT DOGS,0,0,2025-05-04,2026-05-13,EATING PLACE - MOBILE,No,95 DARLING AVE,SOUTH PORTLAND,ME,4106,860-707-4600,REGULAR,GUNNARS ICELANDIC HOT DOGS,Cumberland,0,43.6405865,-70.3302466
32026,NORTHERN SPILL,1,2,2024-06-14,,EATING PLACE - MOBILE,No,64 ELM ST,FORT KENT,ME,4743,207-231-4405,NEWOWNER,"RANKINE, AMBER & DAMION",Aroostook,0.06756756757,47.2475462,-68.6003499
32026,NORTHERN SPICE,0,0,2024-07-22,2024-07-18,EATING PLACE - MOBILE,No,64 ELM ST,FORT KENT,ME,4743,207-231-4405,REGULAR,"RANKINE, AMBER & DAMION",Aroostook,0,47.2475462,-68.6003499
32021,HARBOR TREATS,0,1,2025-05-28,2026-05-17,EATING PLACE - TAKEOUT,No,12 BRIDGE ST,BOOTHBAY HARBOR,ME,4538,207-798-2907,REGULAR,MEST LLC,Lincoln,0.01351351351,43.8517764,-69.6270906
32016,SAWYER SHAVE ICE COMPANY,0,1,2025-07-11,2026-05-07,EATING PLACE - MOBILE,No,700 HAMMOND ST,BANGOR,ME,4401,207-385-3516,REGULAR,SAWYER SHAVE ICE COMPANY LLC,Penobscot,0.01351351351,44.7989172,-68.7973461
32016,SAWYER SHAVE ICE COMPANY,0,0,2024-06-28,2024-06-06,EATING PLACE - MOBILE,No,700 HAMMOND ST,BANGOR,ME,4401,207-385-3516,REGULAR,SAWYER SHAVE ICE COMPANY LLC,Penobscot,0,44.7989172,-68.7973461
32010,MILLSIDE CREATIONS,0,1,2025-05-14,2026-05-02,EATING PLACE - MOBILE,No,524 BRIDGE ST,WESTBROOK,ME,4092,207-310-3701,REGULAR,MILLSIDE CREATIONS  LLC,Cumberland,0.01351351351,43.6921075,-70.3592798
32009,WANDER WITH ME,0,0,2025-07-01,2026-05-23,EATING PLACE - MOBILE,No,972 HOPPER RD,ACTON,ME,4001,207-432-9563,REGULAR,WANDER WITH ME LLC,York,0,43.5257944,-70.9475326
32003,THE THIRSTY TRAVELER,0,0,2024-04-26,2025-04-18,CATERING,No,71 CHETS WAY,CUMBERLAND,ME,4021,207-838-5251,REGULAR,"BAGSHAW, JOHN",Cumberland,0,43.7737305,-70.2243715
32001,"ROSTON, ASHTON",0,0,2024-04-30,,,No,321 ELM ST,BIDDEFORD,ME,4005,818-792-3122,REGULAR,"ROSTON, ASHTON",York,0,43.4868708,-70.4665751
31998,TAP & BARREL TAVERN,2,2,2024-07-10,2024-07-07,EATING PLACE TIER 2,No,41 RODICK ST,BAR HARBOR,ME,4009,207-299-0138,REGULAR,"THE TAP AND BARREL TAVERN, LLC",Hancock,0.1081081081,44.3886928,-68.2066131
31996,BILLYS CRAZY SPUDS,0,2,2024-06-21,2025-04-25,EATING PLACE - MOBILE,No,127 SMITHFIELD RD,OAKLAND,ME,4963,207-578-4452,REGULAR,"DAVIS, BILLY-LANE",Kennebec,0.02702702703,44.5809756,-69.7535178
31993,LAVA KAVA,0,0,2025-07-17,2026-04-17,MUN - EATING PLACE,No,550 WASHINGTON AVE,PORTLAND,ME,4103,772-201-8790,REGULAR,LAVA KAVA LLC,Cumberland,0,43.680845,-70.2593401
31989,AMATO'S,0,0,2024-06-12,2025-04-18,EATING PLACE - MOBILE,No,19 LINCOLN ST,RICHMOND,ME,4357,207-737-9354,REGULAR,FREE HERD CORPORATION,Sagadahoc,0,44.0924675,-69.796544
31988,THE SCALE SHACK,2,1,2024-09-28,2025-06-16,EATING PLACE - MOBILE,No,91 HOME RUN RD,BRIDGTON,ME,4009,207-228-4903,REGULAR,THE SCALE SHACK LLC,Cumberland,0.09459459459,44.0247209,-70.6988511
31984,OF MAINE ORIGIN,1,1,2025-07-26,2026-05-31,EATING PLACE - MOBILE,No,120 SPRING HILL RD,MOUNT VERNON,ME,4352,530-598-5332,REGULAR,OF MAINE ORIGIN LLC,Kennebec,0.05405405405,44.4391711,-69.9143456
31980,TNT EVENT SERVICES,0,0,2024-04-17,,,No,96 SINNOTT RD,ARUNDEL,ME,4046,207-937-8447,REGULAR,TMM INC,York,0,43.3890064,-70.4918366
31979,WATERSHED CENTER FOR CERAMIC ARTS,0,1,2024-09-26,2025-05-17,EATING AND LODGING,No,19 BRICK HILL RD,NEWCASTLE,ME,4553,207-882-6075,REGULAR,WATERSHED CENTER FOR THE CERAMIC ARTS,Lincoln,0.01351351351,44.0117643,-69.6244456
31979,WATERSHED CENTER FOR CERAMIC ARTS,0,1,2025-05-14,2026-05-17,EATING AND LODGING,No,19 BRICK HILL RD,NEWCASTLE,ME,4553,207-882-6075,REGULAR,WATERSHED CENTER FOR THE CERAMIC ARTS,Lincoln,0.01351351351,44.0117643,-69.6244456
31976,THE OUTPOST INC,0,2,2024-09-16,2025-04-08,EATING AND CATERING,No,495 WILTON RD,FARMINGTON,ME,4938,207-620-0344,REGULAR,THE OUTPOST INC,Franklin,0.02702702703,44.6365822,-70.1538041
31976,THE OUTPOST INC,0,1,2024-05-08,2025-04-08,EATING AND CATERING,No,495 WILTON RD,FARMINGTON,ME,4938,207-620-0344,REGULAR,THE OUTPOST INC,Franklin,0.01351351351,44.6365822,-70.1538041
31973,BELL THE CAT,0,3,2025-03-28,2026-04-17,EATING PLACE TIER 3,No,18 HATLEY RD,BELFAST,ME,4915,207-338-2084,REGULAR,BELL THE CAT INC,Waldo,0.04054054054,44.4209437,-69.0223198
31969,LICENSED TO GRILL,0,0,2025-05-27,2025-05-19,EATING PLACE - MOBILE,No,663 OSSIPEE TRL,LIMINGTON,ME,4046,207-252-4604,REGULAR,"MAYO, JONATHAN",York,0,43.7819783,-70.7539097
31966,SEAWOLVES CAFE,2,3,2024-03-27,2025-03-27,MUN - EATING PLACE,No,14 FORT RD,SOUTH PORTLAND,ME,4106,207-741-5999,REGULAR,SODEXO OPERATIONS LLC,Cumberland,0.1216216216,43.6460608,-70.2300784
31965,STRAIT JAMAICAN CUISINE,0,2,2024-06-27,2025-05-24,EATING PLACE - TAKEOUT,No,15 SCHOOL ST,WATERVILLE,ME,4901,207-509-8350,REGULAR,"POMERLEAU, JAMIE",Kennebec,0.02702702703,44.5494377,-69.6354985
31963,SKY VIEW PITCH AND PUTT,0,0,2024-10-10,2025-06-14,EATING PLACE - TAKEOUT,No,1569 MAIN ST,SANFORD,ME,4073,207-692-3959,REGULAR,SKY VIEW PITCH AND PUTT LLC,York,0,43.4054713,-70.7326904
31962,DOS ELONAS GELATO,0,0,2024-03-25,2025-03-25,EATING PLACE - MOBILE,No,77 PIER RD,KENNEBUNKPORT,ME,4046,646-241-7600,REGULAR,OLIVIS LLC,York,0,43.3662336,-70.431542
31959,FRED'S FRIED DOUGH #2,0,0,2024-05-06,2025-04-19,EATING PLACE - MOBILE,No,27 PEAVEY AVE,WINDHAM,ME,4062,845-707-9007,REGULAR,FREDS FRIED DOUGH LLC,Cumberland,0,43.8219558,-70.4318683
31959,FRED'S FRIED DOUGH #2,0,0,2024-07-04,2025-04-19,EATING PLACE - MOBILE,No,27 PEAVEY AVE,WINDHAM,ME,4062,845-707-9007,REGULAR,FREDS FRIED DOUGH LLC,Cumberland,0,43.8219558,-70.4318683
31956,HARBOR BURGER SHACK,0,1,2024-08-05,2025-05-06,EATING PLACE TIER 3,No,355 US ROUTE 1,KITTERY,ME,3904,203-434-7205,REGULAR,HARBOR BURGER SHACK LLC,York,0.01351351351,43.1322042,-70.7027214
31955,THE GOOD SAUCE COMPANY,1,5,2024-08-05,2025-05-06,COMMISSARY,No,355 US ROUTE 1,KITTERY,ME,3904,203-434-7205,REGULAR,THE GOOD SAUCE COMPANY LLC,York,0.1081081081,43.1322042,-70.7027214
31953,SWELL NITRO COFFEE,0,0,2024-05-02,2025-03-25,EATING PLACE TIER 1,No,200 MAIN ST,SACO,ME,4072,978-808-5142,REGULAR,SWELL NITRO COFFEE LLC,Cumberland,0,43.4972142,-70.4466812
31952,"WEEKS, CHLOE",0,0,2024-03-14,,,No,51 WASHINGTON ST,BANGOR,ME,4401,207-299-8616,REGULAR,"WEEKS, CHLOE",Penobscot,0,44.7993592,-68.7671257
31950,NOTHERN MAINE SODA WAGON,0,1,2024-07-19,2025-04-18,EATING PLACE - MOBILE,No,880 E PRESQUE ISLE RD,CARIBOU,ME,4736,207-227-0795,REGULAR,"LISTER, JACOB",Aroostook,0.01351351351,46.8021753,-67.9585618
31950,NOTHERN MAINE SODA WAGON,0,1,2025-07-17,2026-04-18,EATING PLACE - MOBILE,No,880 E PRESQUE ISLE RD,CARIBOU,ME,4736,804-519-0049,REGULAR,"LISTER, JASON",Aroostook,0.01351351351,46.8021753,-67.9585618
31950,NOTHERN MAINE SODA WAGON,0,0,2024-07-26,2025-04-18,EATING PLACE - MOBILE,No,880 E PRESQUE ISLE RD,CARIBOU,ME,4736,207-227-0795,REGULAR,"LISTER, JACOB",Aroostook,0,46.8021753,-67.9585618
31950,NOTHERN MAINE SODA WAGON,0,0,2024-07-27,2025-04-18,EATING PLACE - MOBILE,No,880 E PRESQUE ISLE RD,CARIBOU,ME,4736,207-227-0795,REGULAR,"LISTER, JASON",Aroostook,0,46.8021753,-67.9585618
31949,LOCO TACO,1,2,2025-05-01,2025-03-20,MUN - EATING PLACE,No,849 FOREST AVE,PORTLAND,ME,4101,207-317-7677,REGULAR,"ABBAS, MOHAMMED",Cumberland,0.06756756757,43.6769816,-70.2872898
31945,QUISISANA RESORT,0,1,2025-06-27,2026-06-21,EATING PLACE - TAKEOUT,No,42 QUISISANA DR,LOVELL,ME,4016,608-438-5388,REGULAR,QUISISANA CORPORATION II,Oxford,0.01351351351,44.178646,-70.9040237
31944,HELLENIC KITCHEN,0,0,2024-06-06,2025-03-14,MUN - EATING PLACE TAKEOUT,No,95 DARLING AVE,SOUTH PORTLAND,ME,4106,207-815-7591,REGULAR,HELLENIC KITCHEN LLC,Cumberland,0,43.6405865,-70.3302466
31943,VINTAGE FOOD & BEVERAGE,0,1,2024-07-09,2025-03-26,EATING PLACE - MOBILE,No,185 NORTHERN AVE,AUGUSTA,ME,4330,804-664-7397,REGULAR,"EKLUND, ZAC & EMILY",Kennebec,0.01351351351,44.330191,-69.7763127
31943,VINTAGE FOOD & BEVERAGE,0,0,2024-09-23,2025-03-26,EATING PLACE - MOBILE,No,185 NORTHERN AVE,AUGUSTA,ME,4330,804-664-7397,REGULAR,"EKLUND, ZAC & EMILY",Kennebec,0,44.330191,-69.7763127
31942,BUFFALO WILD WINGS GO 3984,0,0,2024-06-11,2025-03-13,MUN - EATING PLACE,No,180 WATERMAN DR,SOUTH PORTLAND,ME,4106,207-910-6677,REGULAR,MAINE WINGS TO GO LLC,Cumberland,0,43.6368182,-70.2544694
31938,ALBISTON FOUNDATION,0,1,2025-03-19,2026-03-19,COMMISSARY,No,675 OLD PORTLAND RD,BRUNSWICK,ME,4011,207-415-3133,REGULAR,ALBISTON FOUNDATION,Cumberland,0.01351351351,43.8996629,-70.0597345
31934,LOST VALLEY WAFFLE BARN,1,0,2025-01-03,2025-03-05,EATING PLACE - TAKEOUT,No,200 LOST VALLEY RD,AUBURN,ME,4210,207-784-1561,REGULAR,LOST VALLEY MANAGEMENT LLC,Androscoggin,0.04054054054,44.1352844,-70.2810045
31932,LONGFELLOW HOTEL,3,4,2025-06-24,2026-05-15,MUN - EATING AND LODGING,No,754 CONGRESS ST,PORTLAND,ME,4101,207-747-8177,REGULAR,LONGFELLOW PROPERTY LLC,Cumberland,0.1756756757,43.653309,-70.270955
31932,LONGFELLOW HOTEL,2,4,2024-09-12,2025-05-15,MUN - EATING AND LODGING,No,754 CONGRESS ST,PORTLAND,ME,4101,207-747-8177,REGULAR,LONGFELLOW PROPERTY LLC,Cumberland,0.1351351351,43.653309,-70.270955
31932,LONGFELLOW HOTEL,1,0,2024-09-12,2025-05-15,MUN - EATING AND LODGING,No,754 CONGRESS ST,PORTLAND,ME,4101,207-747-8177,REGULAR,LONGFELLOW PROPERTY LLC,Cumberland,0.04054054054,43.653309,-70.270955
31932,LONGFELLOW HOTEL,0,0,2025-06-24,2026-05-15,MUN - EATING AND LODGING,No,754 CONGRESS ST,PORTLAND,ME,4101,207-747-8177,REGULAR,LONGFELLOW PROPERTY LLC,Cumberland,0,43.653309,-70.270955
31930,THE HOLY DONUT,0,0,2024-03-04,2025-03-04,EATING PLACE - MOBILE,No,1197 PORTLAND RD,ARUNDEL,ME,4046,207-761-7775,REGULAR,THE HOLY DONUT INC,York,0,43.4094232,-70.5218705
31928,SHIFT WOOD FIRED,0,1,2024-04-11,,EATING PLACE - MOBILE,No,129 Sawpit Road,Appleton,ME,4862,518-683-8090,REGULAR,SHIFT WOOD FIRED LLC,Knox,0.01351351351,44.3046966,-69.2948874
31921,BECKERS BARBECUE,1,0,2025-06-22,2026-06-12,EATING PLACE - MOBILE,No,1787 MAIN ST,SANFORD,ME,4073,603-498-7972,REGULAR,BECKERS BARBECUE LLC,York,0.04054054054,43.4023302,-70.7134307
31920,207 TAVERN,0,0,2025-06-27,2025-05-11,EATING PLACE - MOBILE,No,811 DOW HWY,ELIOT,ME,3903,978-836-7274,REGULAR,207 TAVERN INC,York,0,43.1651778,-70.8057512
31919,"LABRIE, ALICIA",0,0,2024-02-26,,,No,21 B NORTHBROOK DR,FALMOUTH,ME,4105,207-671-4107,REGULAR,"LABRIE, ALICIA",Cumberland,0,43.7367847,-70.2235766
31918,KINGS PLACE RESTAURANT,0,1,2025-03-27,2025-03-20,EATING PLACE TIER 2,No,858 VILLAGE RD,SMITHFIELD,ME,4978,207-242-6725,REGULAR,KING'S PLACE  INC,Kennebec,0.01351351351,44.6309571,-69.8271149
31916,CHERI'S WIENER WAGON,1,0,2024-07-19,2025-04-08,EATING PLACE - MOBILE,No,64 MECHANIC ST,PRESQUE ISLE,ME,4769,207-227-6962,REGULAR,C & M CONCESSIONS LLC,Aroostook,0.04054054054,46.682715,-68.0250166
31916,CHERI'S WIENER WAGON,0,0,2025-07-17,2026-04-08,EATING PLACE - MOBILE,No,64 MECHANIC ST,PRESQUE ISLE,ME,4769,207-227-6962,REGULAR,C & M CONCESSIONS LLC,Aroostook,0,46.682715,-68.0250166
31913,MOM AND ME PIZZERIA,3,14,2025-02-05,2025-03-04,EATING PLACE - TAKEOUT,Yes,830 MAIN ST,PRESQUE ISLE,ME,4769,207-496-7230,REGULAR,"CLARK, LISA A",Aroostook,0.3108108108,46.6998996,-68.0056002
31913,MOM AND ME PIZZERIA,2,6,2024-02-23,,EATING PLACE - TAKEOUT,No,830 MAIN ST,PRESQUE ISLE,ME,4769,207-496-7230,NEWOWNER,"MELISSA VALENZA, CLARK, LISA A",Aroostook,0.1621621622,46.6998996,-68.0056002
31913,MOM AND ME PIZZERIA,0,9,2025-02-20,2025-03-04,EATING PLACE - TAKEOUT,No,830 MAIN ST,PRESQUE ISLE,ME,4769,207-496-7230,FOLLOW_UP_FULL,"CLARK, LISA A",Aroostook,0.1216216216,46.6998996,-68.0056002
31911,"ISELY, NATALIE A",0,0,2024-03-14,,,No,51 WASHINGTON ST,BANGOR,ME,4401,484-719-1457,REGULAR,"ISELY, NATALIE A",Penobscot,0,44.7993592,-68.7671257
31910,THE SUNFLOWER PLAYSPACE & CAFE,2,1,2024-04-02,2025-03-01,EATING PLACE TIER 1,No,3 GORHAM INDUSTRIAL PARKWAY,GORHAM,ME,4038,207-591-0399,REGULAR,"CARRASCO, MEGHANN",Cumberland,0.09459459459,43.6834624,-70.3845001
31910,THE SUNFLOWER PLAYSPACE & CAFE,0,0,2024-04-02,2025-03-01,EATING PLACE TIER 1,No,3 GORHAM INDUSTRIAL PARKWAY,GORHAM,ME,4038,207-591-0399,REGULAR,"CARRASCO, MEGHANN",Cumberland,0,43.6834624,-70.3845001
31908,BILL HILLYS,1,0,2024-11-18,2025-04-05,EATING PLACE TIER 2,No,1255 ROXBURY NOTCH RD,ROXBURY,ME,4275,774-722-4718,REGULAR,BILL HILLYS LLC,Oxford,0.04054054054,44.6440102,-70.6762692
31907,THE WICKED TATER,0,0,2024-06-21,2025-03-20,EATING PLACE - MOBILE,No,148 STAGECOACH RD,WOOLWICH,ME,4579,207-991-7635,REGULAR,THE WICKED TATER,Sagadahoc,0,43.9661352,-69.7979329
31905,LEMONT HALL,0,2,2025-03-31,2026-03-11,EATING PLACE - LIMITED MENU,No,2 PLEASANT ST,BRUNSWICK,ME,4011,207-400-4746,REGULAR,HERMITAGE LEMONT BLOCK LLC,Cumberland,0.02702702703,43.914641,-69.965106
31889,PORTLAND PRESS,0,0,2024-08-08,2025-06-07,MUN - EATING PLACE - MOBILE,No,121 NEAL ST,PORTLAND,ME,4101,207-400-4067,REGULAR,"BUTTERFIELD, BRYCE",Cumberland,0,43.6512565,-70.2716861
31887,THISTLE INN RESTAURANT,6,6,2025-05-08,2026-03-13,EATING PLACE TIER 3,Yes,55 OAK ST,BOOTHBAY HARBOR,ME,4538,207-303-8298,REGULAR,CHEN INC,Kennebec,0.3243243243,43.8551808,-69.6265354
31887,THISTLE INN RESTAURANT,0,2,2025-05-28,2026-03-13,EATING PLACE TIER 3,No,55 OAK ST,BOOTHBAY HARBOR,ME,4538,207-303-8298,FOLLOW_UP_FULL,CHEN INC,Kennebec,0.02702702703,43.8551808,-69.6265354
31878,BAB'S TABLE,0,0,2025-05-19,2026-02-23,CATERING,No,179 NEPTUNE DR,BRUNSWICK,ME,4011,347-585-2934,REGULAR,BAB'S TABLE LLC,Cumberland,0,43.8920732,-69.9226154
31876,PORT KITCHEN AT OCEAN HOUSE HOTEL,1,1,2025-04-17,2026-02-28,EATING PLACE TIER 1,No,870 PORT CLYDE RD,PORT CLYDE,ME,4855,207-372-6543,REGULAR,PORT CLYDE GENERAL STORE,Knox,0.05405405405,43.9269495,-69.2581293
31876,PORT KITCHEN @ OCEAN HOUSE DINING ROOM,0,3,2024-03-13,2024-04-28,EATING PLACE TIER 1,No,870 PORT CLYDE RD,PORT CLYDE,ME,4855,207-542-7040,REGULAR,PORT CLYDE GENERAL STORE,Knox,0.04054054054,43.9269495,-69.2581293
31874,THE TREAT TRUCK,0,0,2024-03-25,2025-03-25,EATING PLACE - MOBILE,No,61 MAIN ST,KENNEBUNK,ME,4043,617-455-7643,REGULAR,ICE CREAM SUNDAYS LLC,York,0,43.3861303,-70.5396686
31874,THE TREAT TRUCK,0,0,2025-04-04,2026-03-25,EATING PLACE - MOBILE,No,61 MAIN ST,KENNEBUNK,ME,4043,617-455-7643,REGULAR,ICE CREAM SUNDAYS LLC,York,0,43.3861303,-70.5396686
31874,THE TREAT TRUCK,0,0,2025-06-08,2026-03-25,EATING PLACE - MOBILE,No,61 MAIN ST,KENNEBUNK,ME,4043,617-455-7643,REGULAR,ICE CREAM SUNDAYS LLC,York,0,43.3861303,-70.5396686
31870,CHRISTYS COUNTRY STORE,0,0,2024-11-25,2025-02-03,CATERING,No,932 AUGUSTA RD,BELGRADE,ME,4917,207-441-2103,REGULAR,SAY LLC,Kennebec,0,44.46985,-69.8341029
31866,VY BANH MI 2,0,2,2024-07-10,2025-04-11,EATING PLACE - MOBILE,No,95 DARLING AVE,SOUTH PORTLAND,ME,4106,207-608-5663,REGULAR,VY BANH MI LLC,Cumberland,0.02702702703,43.6405865,-70.3302466
31866,VY BANH MI,0,1,2024-09-23,2025-04-11,EATING PLACE - MOBILE,No,95 DARLING AVE,SOUTH PORTLAND,ME,4106,207-608-5663,REGULAR,VY BANH MI LLC,Cumberland,0.01351351351,43.6405865,-70.3302466
31866,VY BANH MI,0,0,2024-08-01,2025-04-11,EATING PLACE - MOBILE,No,95 DARLING AVE,SOUTH PORTLAND,ME,4106,207-608-5663,REGULAR,VY BANH MI LLC,Cumberland,0,43.6405865,-70.3302466
31865,MOW'S MUNCHIES 2,0,0,2024-05-06,2025-04-02,EATING PLACE - MOBILE,No,82 CAPE RD,RAYMOND,ME,4071,207-240-9387,REGULAR,MOW'S MUNCHIES LLC,Cumberland,0,43.8976263,-70.5085131
31850,MILE 1 NUTRITION,0,3,2024-11-25,2025-02-09,EATING PLACE - TAKEOUT,No,204 MARKET ST,FORT KENT,ME,4743,207-316-3029,REGULAR,MILE 1 NUTRITION,Aroostook,0.04054054054,47.2472078,-68.5775045
31849,SALVATORE'S HOAGIE SHOP,1,0,2024-06-06,2025-01-31,MUN - EATING PLACE TAKEOUT,No,95 DARLING AVE,SOUTH PORTLAND,ME,4106,207-710-3969,REGULAR,PRICE PICONE GROUP LLC,Cumberland,0.04054054054,43.6405865,-70.3302466
31821,HOTEL URSA,1,2,2025-06-03,2026-02-21,EATING AND LODGING,No,1 MOOSEHEAD RD,ORONO,ME,4469,207-512-0012,REGULAR,HS-RPG ORONO MASTER TENANT LLC,Penobscot,0.06756756757,44.8990513,-68.670163
31821,HOTEL URSA,0,3,2025-06-03,2026-02-21,EATING AND LODGING,No,1 MOOSEHEAD RD,ORONO,ME,4469,207-512-0012,REGULAR,HS-RPG ORONO MASTER TENANT LLC,Penobscot,0.04054054054,44.8990513,-68.670163
31806,SLYVIAS MOBILE BAR & CATERING 2,0,0,2024-03-15,,EATING PLACE - MOBILE,No,12 VALLEY LN,SEBAGO,ME,4029,207-590-9146,REGULAR,"MURRAY, APRIL",Cumberland,0,43.8667432,-70.6527287
31805,SYLVIAS MOBIULE BAR & CATERING 1,1,1,2024-07-12,2025-03-18,CATERING,No,12 VALLEY LN,SEBAGO,ME,4029,207-590-9146,REGULAR,MURRAY APRIL,Cumberland,0.05405405405,43.8667432,-70.6527287
31805,SYLVIAS MOBIULE BAR & CATERING 1,0,0,2024-03-15,,,No,12 VALLEY LN,SEBAGO,ME,4029,207-590-9146,REGULAR,MURRAY APRIL,Cumberland,0,43.8667432,-70.6527287
31804,RYTHMIC ROASTS,0,1,2024-02-07,2025-01-22,EATING PLACE - MOBILE,No,44 ALLEN ST,WILTON,ME,4294,509-496-7525,REGULAR,RYTHMIC ROASTS,Somerset,0.01351351351,44.5841066,-70.2255261
31794,REVERIE COFFEE HOUSE,1,6,2024-04-02,2025-01-26,EATING PLACE TIER 1,No,117 MAINE ST,BRUNSWICK,ME,4011,802-779-2798,REGULAR,REVERIE COFFEE LLC,Cumberland,0.1216216216,43.9157464,-69.9651
31792,AROMA JOES COFFEE,0,2,2024-05-23,2025-03-08,EATING PLACE TIER 1,No,3 SCHOOL ST,BERWICK,ME,3820,603-696-5279,REGULAR,AJC NORTHEAST LLC,York,0.02702702703,43.2673739,-70.8624322
31791,ALAN DAY COMMUINITY GARDEN,0,4,2024-10-25,2025-02-02,COMMISSARY,No,26 WHITMAN ST,NORWAY,ME,4268,207-346-0708,REGULAR,OXFORD HILLS COMMUNITY GARDENS,Oxford,0.05405405405,44.2163631,-70.5441064
31788,HILLVIEW MARKET & DELI,1,1,2024-02-23,2025-01-19,EATING PLACE TIER 1,No,21 BUXTON RD,SACO,ME,4072,207-660-1733,REGULAR,"MAIN, JUSTIN",York,0.05405405405,43.5251029,-70.4620236
31770,FAWNS COFFEE,0,0,2024-02-15,,MUN - EATING PLACE - MOBILE,No,33 PEMBROKE ST,PORTLAND,ME,4101,207-415-3030,REGULAR,FAWNS COFFEE LLC,Cumberland,0,43.6817771,-70.2581004
31770,FAWNS COFFEE,0,0,2024-04-23,2025-02-16,MUN - EATING PLACE - MOBILE,No,33 PEMBROKE ST,PORTLAND,ME,4101,207-415-3030,REGULAR,FAWNS COFFEE LLC,Cumberland,0,43.6817771,-70.2581004
31770,FAWNS COFFEE,0,0,2025-03-10,2025-02-16,MUN - EATING PLACE - MOBILE,No,33 PEMBROKE ST,PORTLAND,ME,4101,207-415-3030,REGULAR,FAWNS COFFEE LLC,Cumberland,0,43.6817771,-70.2581004
31769,SWISH INDOOR GOLF,0,3,2024-04-03,2025-01-22,EATING PLACE TIER 2,No,109 WATER ST,WATERVILLE,ME,4901,207-313-2932,REGULAR,SWISH LLC,Kennebec,0.04054054054,44.5410066,-69.635742
31768,"ELLIS, KYRA",0,0,2024-01-10,,,No,833 PORTLAND RD,SACO,ME,4072,207-653-8287,REGULAR,"ELLIS, KYRA",York,0,43.5355812,-70.4226163
31760,STONE AND FIRE,0,0,2024-06-06,2024-12-18,CATERING,No,331 ROUTE 103,YORK,ME,3909,207-475-7055,REGULAR,STONE AND FIRE LLC,York,0,43.1151287,-70.6698241
31759,STONE AND FIRE,0,0,2024-06-06,2024-12-18,EATING PLACE - MOBILE,No,1 MEADOW VIEW LN,YORK,ME,3909,207-475-7055,REGULAR,STONE AND FIRE LLC,York,0,43.1162894,-70.673769
31750,CORNERSTONE NUTRITION,0,3,2024-05-06,2024-12-26,EATING PLACE - TAKEOUT,No,1288 CLINTON AVE,BENTON,ME,4401,207-314-8533,REGULAR,"SANBORN, KYLE",Kennebec,0.04054054054,44.5836971,-69.5532499
31735,AROMA JOES,0,4,2024-09-27,2024-12-11,EATING PLACE - TAKEOUT,No,97 MOOSEHEAD TRL,NEWPORT,ME,4953,207-252-5145,REGULAR,ME COFFEE COMPANY LLC,Penobscot,0.05405405405,44.8406751,-69.2808853
31734,ANGOOR WINE BAR,1,0,2025-05-29,2026-05-02,MUN - EATING PLACE,No,120 FORE ST,PORTLAND,ME,4101,617-719-7759,REGULAR,ANGOOR INC,Cumberland,0.04054054054,43.6615506,-70.2474821
31729,OXBOW POP UP TRAILER,1,1,2025-07-23,2025-11-27,MUN - EATING PLACE - MOBILE,No,49 WASHINGTON AVE,PORTLAND,ME,4101,207-350-0025,REGULAR,OXBOW BREWING COMPANY LLC,Cumberland,0.05405405405,43.664967,-70.251183
31729,OXBOW POP UP TRAILER,0,1,2024-08-22,2024-11-27,MUN - EATING PLACE - MOBILE,No,49 WASHINGTON AVE,PORTLAND,ME,4101,207-350-0025,REGULAR,OXBOW BREWING COMPANY LLC,Cumberland,0.01351351351,43.664967,-70.251183
31728,EASTPORT ARTS CENTER,0,2,2023-11-28,,EATING PLACE TIER 3,No,36 WASHINGTON ST,EASTPORT,ME,4681,917-865-9395,REGULAR,EASTPORT ARTS CENTER,Washington,0.02702702703,44.9057525,-66.9872805
31728,EASTPORT ARTS CENTER,0,0,2024-02-02,2024-02-03,EATING PLACE TIER 3,No,36 WASHINGTON ST,EASTPORT,ME,4681,917-865-9395,REGULAR,EASTPORT ARTS CENTER,Washington,0,44.9057525,-66.9872805
31727,TACO BELL,1,0,2024-04-02,2025-02-02,EATING PLACE TIER 2,No,740 HOGAN RD,BANGOR,ME,4401,423-587-0690,REGULAR,CHARTER FOODS LLC,Penobscot,0.04054054054,44.8391165,-68.7437998
31726,"MORTON, AMY",0,0,2023-12-04,,,No,533 ROOSEVELT TRL,NAPLES,ME,4055,207-310-3147,REGULAR,"MORTON, AMY",Oxford,0,43.9990561,-70.661032
31723,MESA GRANDE TAQUERIA,0,1,2024-06-26,2025-05-17,MUN - EATING AND CATERING,No,140 FORE ST,PORTLAND,ME,4101,276-608-3397,REGULAR,MGT PORTLAND LLC,Cumberland,0.01351351351,43.6614321,-70.2475625
31723,MESA GRANDE TAQUERIA,0,1,2025-05-29,2026-05-17,MUN - EATING AND CATERING,No,140 FORE ST,PORTLAND,ME,4101,276-608-3397,REGULAR,MGT PORTLAND LLC,Cumberland,0.01351351351,43.6614321,-70.2475625
31719,A COFFEEHOUSE,1,0,2024-06-07,2025-04-24,EATING PLACE TIER 1,No,252 MAIN ST,WATERVILLE,ME,4901,808-557-9913,REGULAR,A COFFEEHOUSE LLC,Kennebec,0.04054054054,44.5574844,-69.6325516
31717,58 CULINARY,0,0,2024-05-02,2024-12-06,CATERING,No,15 PLEASANT HILL RD,SCARBOROUGH,ME,4074,207-899-6770,REGULAR,58 CULINARY LLC,Cumberland,0,43.6103899,-70.31248
31716,SMOKEYS BBQ,1,7,2024-04-25,2024-12-11,EATING AND CATERING,No,500 S MAIN ST,BREWER,ME,4417,207-907-0966,REGULAR,SMOKEYS BBQ LLC,Penobscot,0.1351351351,44.7727153,-68.7798898
31708,KENS LUNCH BOX,1,0,2024-09-23,2024-11-09,EATING PLACE - MOBILE,No,271 ELM ST,MECHANIC FALLS,ME,4256,207-754-8128,REGULAR,"SUMNER, KENNETH",Androscoggin,0.04054054054,44.0965168,-70.380661
31705,MAINE IRISH HERITAGE CENTER,0,0,2024-02-15,2024-11-07,MUN - EATING PLACE - LIMITED MENU,No,34 GRAY ST,PORTLAND,ME,4102,203-536-6055,REGULAR,MAINE IRISH HERITAGE CENTER,Cumberland,0,43.6503672,-70.2625188
31705,MAINE IRISH HERITAGE CENTER,0,0,2025-02-20,2025-11-07,MUN - EATING PLACE - LIMITED MENU,No,34 GRAY ST,PORTLAND,ME,4102,203-536-6055,REGULAR,MAINE IRISH HERITAGE CENTER,Cumberland,0,43.6503672,-70.2625188
31704,THE WELL AT JORDAN'S FARM,1,0,2023-08-23,2024-11-16,EATING AND CATERING,No,19 WELLS RD,CAPE ELIZABETH,ME,4107,207-831-9350,REGULAR,WELL LLC,Cumberland,0.04054054054,43.5947055,-70.249762
31704,THE WELL AT JORDAN'S FARM,0,1,2025-06-11,2025-11-16,EATING AND CATERING,No,19 WELLS RD,CAPE ELIZABETH,ME,4107,207-831-9350,REGULAR,WELL LLC,Cumberland,0.01351351351,43.5947055,-70.249762
31699,HELLENIC KITCHEN,0,1,2024-06-06,2024-12-14,MUN - CATERING,No,95 DARLING AVE,SOUTH PORTLAND,ME,4106,207-815-7951,REGULAR,HELLENIC KITCHEN LLC,Cumberland,0.01351351351,43.6405865,-70.3302466
31696,SALTED BUTTER FARM,3,6,2024-08-09,2025-05-30,EATING PLACE TIER 2,No,6 GARDINER ST,SHERMAN,ME,4776,207-852-2503,REGULAR,"MACARTHUR, JENNY",Aroostook,0.2027027027,45.8727863,-68.3886383
31694,THE HUNGRY GAINS,0,0,2024-06-06,2024-11-20,MUN - CATERING,No,95 DARLING AVE,SOUTH PORTLAND,ME,4106,863-634-0230,REGULAR,"VALCANIANT, ALICIA",Cumberland,0,43.6405865,-70.3302466
31685,THE PUBLIC THEATRE,0,1,2024-10-24,2024-11-01,MUN - EATING PLACE - LIMITED MENU,No,31 MAPLE ST,LEWISTON,ME,4240,207-782-2211,REGULAR,LA PUBLIC THEATRE,Androscoggin,0.01351351351,44.0903776,-70.2126686
31683,BEADIES,0,3,2024-06-21,,EATING PLACE TIER 2,No,71 WATER ST,EASTPORT,ME,4631,207-214-6657,REGULAR,BEADIES LLC,Hancock,0.04054054054,44.9048934,-66.9844232
31682,DUNKIN,0,3,2024-08-26,2024-12-20,EATING PLACE TIER 1,No,30 CENTRAL AVE,LIMERICK,ME,4048,207-229-8600,REGULAR,ORACLE MANAGEMENT XXIV INC,York,0.04054054054,43.6988987,-70.7822746
31680,MISS HAMILLS HOSPITALITY,2,1,2025-01-24,2025-10-31,MUN - CATERING,No,179 WOODFORD ST,PORTLAND,ME,4101,703-282-0962,REGULAR,MISS HAMILLS HOSPITALITY,Cumberland,0.09459459459,43.6711991,-70.2860256
31679,DUNKIN DONUTS,0,0,2024-07-11,2024-11-17,EATING PLACE - TAKEOUT,No,770 MAIN ST,PRESQUE ISLE,ME,4769,860-747-6782,REGULAR,DREWCO LLC,Aroostook,0,46.6963165,-68.0117157
31677,LA CASITA,0,0,2025-06-27,2025-10-16,EATING PLACE - MOBILE,No,58 A BRADSTREET LN,ELIOT,ME,3903,207-703-2653,REGULAR,LA CASITA,York,0,43.1381074,-70.7845668
31672,KATHI'S KATERING,0,0,2024-03-20,2024-10-20,CATERING,No,766 LONG PLAINS RD,BUXTON,ME,4093,207-205-2397,REGULAR,"MCKEOWN, KATHLEEN",York,0,43.6559065,-70.5545869
31670,NXGEN FITNESS CENTER,0,0,2023-12-27,2024-12-12,EATING PLACE - TAKEOUT,No,29 PLEASANT HILL RD,SCARBOROUGH,ME,4074,207-807-7295,REGULAR,P & E FITNESS INC,Cumberland,0,43.6092967,-70.3118152
31664,TURCOTTE HOLDING,0,0,2023-11-30,2024-11-01,EATING PLACE - TAKEOUT,No,547 WATERVILLE RD,NORRIDGEWOCK,ME,4957,207-713-2431,REGULAR,TURCOTTE HOLDINGS LLC,Somerset,0,44.692692,-69.7455401
31659,TURCOTTES TO GO,0,1,2025-06-21,2025-11-01,EATING PLACE - MOBILE,No,547 WATERVILLE RD,NORRIDGEWOCK,ME,4340,207-577-4968,REGULAR,TURCOTTES TO GO,Somerset,0.01351351351,44.692692,-69.7455401
31655,BOARD,0,0,2023-12-12,2024-10-30,EATING AND CATERING,No,5 SHAPLEIGH RD,KITTERY,ME,3904,508-723-4936,REGULAR,BOARD LLC,York,0,43.0891493,-70.7370784
31652,WENDYS,1,3,2024-09-12,2025-06-14,EATING PLACE TIER 2,No,184 WEST BROADWAY,LINCOLN,ME,4457,207-517-5712,REGULAR,LEGACY CAPITAL PARTNERS,Penobscot,0.08108108108,45.3595275,-68.5214663
31651,PAPA JOHNS PIZZA,3,2,2024-11-21,2024-10-04,MUN - EATING PLACE TAKEOUT,No,181 FOREST AVE,PORTLAND,ME,4101,908-239-7277,REGULAR,PAPA ERDR PORTLAND LLC,Cumberland,0.1486486486,43.6574913,-70.265713
31651,PAPA JOHNS PIZZA,0,3,2023-11-28,2024-10-04,MUN - EATING PLACE TAKEOUT,No,181 FOREST AVE,PORTLAND,ME,4101,908-239-7277,REGULAR,PAPA ERDR PORTLAND LLC,Cumberland,0.04054054054,43.6574913,-70.265713
31651,PAPA JOHNS PIZZA,0,2,2025-05-23,2025-10-04,MUN - EATING PLACE TAKEOUT,No,181 FOREST AVE,PORTLAND,ME,4101,908-239-7277,REGULAR,PAPA ERDR PORTLAND LLC,Cumberland,0.02702702703,43.6574913,-70.265713
31650,HARDSHORE DISTILLING CO,2,1,2023-12-13,2024-10-06,MUN - EATING PLACE,No,53 WASHINGTON AVE,PORTLAND,ME,4102,315-750-8278,REGULAR,MILNE SPIRIT WORKS LLC,Cumberland,0.09459459459,43.6651691,-70.2519051
31650,HARDSHORE DISTILLING CO,1,1,2024-10-17,2024-10-06,MUN - EATING PLACE,No,53 WASHINGTON AVE,PORTLAND,ME,4102,315-750-8278,REGULAR,MILNE SPIRIT WORKS LLC,Cumberland,0.05405405405,43.6651691,-70.2519051
31649,LITTLE LHASA,0,2,2025-06-25,,,No,112 MCKEEN ST,BRUNSWICK,ME,4011,207-975-6755,REGULAR,LITTLE LHASA LLC,Cumberland,0.02702702703,43.9063242,-69.9823066
31648,ZIGGIS COFFEE,0,0,2024-03-07,2025-02-12,EATING PLACE - TAKEOUT,No,3 WATERFALL DR,SACO,ME,4072,207-232-2294,REGULAR,RHPEC 2 LLC,York,0,43.5498525,-70.3967687
31647,AROMA JOES COFFEE,1,1,2023-11-30,2024-10-02,EATING PLACE TIER 1,No,931 MAIN ST,SANFORD,ME,3820,,REGULAR,AJC NORTHEAST LLC,York,0.05405405405,43.4374835,-70.7744291
31644,FATBOYS BACON WRAPPED STICK STAND,1,1,2023-10-02,2024-09-29,EATING PLACE - MOBILE STICK BUILT,No,24 VAN VEEN DR,LEBANON,ME,4027,207-459-6269,REGULAR,"HOLTBY, STEPHEN",York,0.05405405405,43.4140419,-70.8736351
31643,FATBOYS CHICKEN WING,0,1,2023-10-04,2024-09-29,EATING PLACE - MOBILE,No,24 VAN VEEN DR,LEBANON,ME,4027,207-459-6269,REGULAR,"HOLTBY, STEPHEN",York,0.01351351351,43.4140419,-70.8736351
31642,THE MAINE LOBSTERBAKE CO,0,0,2024-08-28,2024-10-04,MUN - EATING AND CATERING,No,416 COMMERCIAL ST,PORTLAND,ME,4101,207-828-6374,REGULAR,LUNA SOLE CREATIVE PARTY PLANNING,Cumberland,0,43.6498202,-70.2570054
31641,FIRE AND ICE MAINE,0,0,2024-01-12,2024-11-28,EATING PLACE TIER 1,No,856 ROOSEVELT TRL,WINDHAM,ME,4062,207-615-2040,REGULAR,207 BOUNCE LLC,Cumberland,0,43.8438975,-70.4468983
31640,FAHIE FAIR FOODS - LEMONADE OASIS,2,3,2023-10-03,2023-10-08,EATING PLACE - TEMPORARY 1-4 DAYS,No,1154 MAIN ST,FRYEBURG,ME,4037,207-653-4131,REGULAR,"FAHIE, DEVIN",Oxford,0.1216216216,44.0327324,-70.9678946
31636,COASTAL SUBS,0,2,2023-10-20,,EATING PLACE - TAKEOUT,No,468 US ROUTE 1,PEMBROKE,ME,4666,207-266-4651,REGULAR,"BROWN, JEREMY",Washington,0.02702702703,44.945811,-67.2019755
31632,"FREIBERG, ALLISON",0,0,2023-10-06,,,No,20 EDWARDS AVE,BIDDEFORD,ME,4005,202-304-9414,REGULAR,"FREIBERG, ALLISON",York,0,43.4801423,-70.4814218
31630,"GOODMAN, BONNIE",0,0,2023-09-27,,,No,198 MAINE MALL RD,SOUTH PORTLAND,ME,4106,603-662-7669,REGULAR,"GOODMAN, BONNIE",Cumberland,0,43.6398345,-70.3326569
31626,BIRD & CO,1,2,2024-02-06,2024-09-25,MUN - CATERING,No,140 THADEUS ST,SOUTH PORTLAND,ME,4106,323-514-6013,REGULAR,DEERING 539 LLC,Cumberland,0.06756756757,43.6253182,-70.2879715
31625,BOOTHBAY PLAYHOUSE EVENTS,0,1,2025-04-24,2025-10-30,EATING AND CATERING,No,275 WISCASSET RD,BOOTHBAY,ME,4537,207-228-3590,REGULAR,BOOTHBAY PLAYHOUSE EVENTS LLC,Lincoln,0.01351351351,43.9233446,-69.6170673
31624,GOURMET PASSIONISTA,0,0,2024-06-06,2024-10-16,MUN - CATERING,No,95 DARLING AVE,SOUTH PORTLAND,ME,4106,207-321-1945,REGULAR,GOURMET PASSIONISTA LLC,Cumberland,0,43.6405865,-70.3302466
31623,MR SHISHKEBOB,0,1,2023-10-03,2023-09-24,MUN - EATING PLACE - TEMPORARY,No,364 MAINE MALL RD,SOUTH PORTLAND,ME,4106,570-234-5482,REGULAR,MARIN. BRYAN,Cumberland,0.01351351351,43.6341705,-70.3365511
31615,HARVEST MOON DELI,1,6,2024-11-25,2025-01-12,EATING PLACE TIER 2,No,152 WESTERN AVE,AUGUSTA,ME,4330,207-735-4997,REGULAR,HARVEST MOON DELI LLC,Kennebec,0.1216216216,44.3112924,-69.7935423
31614,HOT DOGS ON THE GO,2,0,2024-09-18,2024-11-21,EATING PLACE - MOBILE,No,11 ORCHARD ST,GARDINER,ME,4345,207-413-0602,FOLLOW_UP_FULL,"DILL, BARBARA",Kennebec,0.08108108108,44.2323511,-69.7906525
31614,HOT DOGS ON THE GO,0,4,2024-07-31,2024-09-22,EATING PLACE - MOBILE,No,11 ORCHARD ST,GARDINER,ME,4345,207413-0602,REGULAR,"DILL, BARBARA",Kennebec,0.05405405405,44.2323511,-69.7906525
31607,SUNRISE BAGEL,2,3,2024-08-13,2024-09-26,EATING PLACE - TAKEOUT,No,60 WESTERN AVE,AUGUSTA,ME,4330,207-314-2074,REGULAR,DOWNTOWN BAGEL LLC,Kennebec,0.1216216216,44.3113487,-69.7867278
31604,BERRY KIND SMOOTHIES,0,1,2023-09-25,,EATING PLACE - TEMPORARY 5-14 DAYS,No,175 BLANCHARD RD,CUMBERLAND,ME,4021,207-550-1290,REGULAR,BERRY KIND SMOOTHIES LLC,Cumberland,0.01351351351,43.8099726,-70.2852023
31604,BERRY KIND SMOOTHIES,0,0,2025-04-18,2025-06-18,EATING PLACE - MOBILE,No,752 MAYALL RD,NEW GLOUCESTER,ME,4260,207-550-1290,REGULAR,BERRY KIND SMOOTHIES LLC,Cumberland,0,43.9444962,-70.3362272
31601,CARIBBEAN COMFORT,0,1,2024-06-21,2024-09-14,EATING PLACE - MOBILE,No,79 MAIN ST,SKOWHEGAN,ME,4976,646-633-2171,REGULAR,CARIBBEAN COMFORT LLC,Somerset,0.01351351351,44.7573379,-69.7173021
31596,YETI DOGS LLC,0,0,2024-08-27,2024-10-18,EATING PLACE - MOBILE,No,12 JORDAN RD,BUCKFIELD,ME,4220,207-346-4284,REGULAR,THOMAS BEAULIER,Androscoggin,0,44.3048199,-70.3514486
31590,THE SAUSAGE KITCHEN (TEMP),1,2,2023-09-25,,,No,175 BLANCHARD RD,CUMBERLAND,ME,4021,207-353-5503,REGULAR,"GEORGEY BOY'S BBQ, LLC",Bristol Bay,0.06756756757,43.8099726,-70.2852023
31589,LONG COVE SEA FARM,1,1,2023-09-22,2023-08-24,EATING PLACE - TEMPORARY 1-4 DAYS,No,294 CROSBY BROOK RD,UNITY,ME,4988,207-730-3370,REGULAR,LONG COVE SEA FARM LLC,Waldo,0.05405405405,44.5898513,-69.2892817
31585,REDBANK COMMUNITY CENTER,0,2,2023-09-14,,MUN - EATING PLACE,No,95 MACARTHUR CIRCLE WEST,SOUTH PORTLAND,ME,4106,207-767-7650,REGULAR,CITY OF SOUTH PORTLAND,Cumberland,0.02702702703,43.637241,-70.3182465
31575,HUSKY BREW,1,0,2025-03-06,2025-08-28,MUN - EATING AND CATERING,No,35 BEDFORD ST,PORTLAND,ME,4103,207-228-8358,REGULAR,SODEXO AMERICA LLC,Cumberland,0.04054054054,43.6631145,-70.2728987
31575,HUSKY BREW,0,1,2024-04-23,2024-08-28,MUN - EATING AND CATERING,No,35 BEDFORD ST,PORTLAND,ME,4103,207-228-8358,REGULAR,SODEXO AMERICA LLC,Cumberland,0.01351351351,43.6631145,-70.2728987
31575,HUSKY BREW,0,0,2023-10-12,2024-08-28,MUN - EATING AND CATERING,No,35 BEDFORD ST,PORTLAND,ME,4103,207-228-8358,REGULAR,SODEXO AMERICA LLC,Cumberland,0,43.6631145,-70.2728987
31574,MAMA LICHAS MAINELY A FOOD TRUCK,0,0,2023-11-03,2024-08-31,EATING PLACE - MOBILE,No,181 MORRISON HILL RD,FARMINGTON,ME,4938,207-779-6674,REGULAR,"DALRYMPLE, ZACHARY",Franklin,0,44.658201,-70.1693559
31557,WOLFES NECK CENTER,0,2,2025-03-21,2025-08-28,COMMISSARY,No,184 BURNETT RD,FREEPORT,ME,4032,207-865-4469,REGULAR,WOLFES NECK CENTER,Cumberland,0.02702702703,43.8308062,-70.0721411
31556,DANDELION SPRING FARM,1,6,2024-06-18,2024-11-17,EATING AND CATERING,No,961 RIDGE RD,BOWDOINHAM,ME,4008,207-380-4199,REGULAR,DANDELION SPRING FARM LLC,Sagadahoc,0.1216216216,44.0722971,-69.875672
31554,JASONS NY STYLE PIZZA STILLWATER,3,8,2025-04-28,2024-08-13,EATING PLACE - TAKEOUT,No,340 STILLWATER AVE,BANGOR,ME,4401,207-944-6032,REGULAR,DONMAR INC,Penobscot,0.2297297297,44.8225041,-68.7606575
31553,HONEYCONE YARMOUTH,1,1,2023-12-20,2024-08-28,EATING PLACE TIER 1,No,881 US ROUTE 1,YARMOUTH,ME,4094,207-776-8908,REGULAR,HONEYCONE YARMOUTH LLC,Cumberland,0.05405405405,43.8051101,-70.1729819
31553,THE ICE CREAM SHOPPE,0,0,2025-05-22,2025-08-28,EATING PLACE TIER 1,No,881 US ROUTE 1,YARMOUTH,ME,4094,207-691-2879,NEWOWNER,THE ICE CREAM SHOPPE;  HONEYCONE YARMOUTH LLC,Cumberland,0,43.8051101,-70.1729819
31547,STARBUCKS COFFEE # 71113,1,2,2025-03-03,2025-06-07,EATING PLACE TIER 1,No,699 BROADWAY,BANGOR,ME,4401,603-505-5633,REGULAR,STARBUCKS CORP,Penobscot,0.06756756757,44.8245454,-68.779699
31545,HILLBILLY POPCORN,2,0,2023-09-26,2024-09-01,EATING PLACE - MOBILE,No,520 HARTLAND RD,CANAAN,ME,4924,207-249-9267,REGULAR,"SMITH, ROGER",Somerset,0.08108108108,44.7989411,-69.5447434
31545,HILLBILLY POPCORN,0,0,2024-08-08,2025-09-01,EATING PLACE - MOBILE,No,520 HARTLAND RD,CANAAN,ME,4924,207-249-9267,REGULAR,"SMITH, ROGER",Somerset,0,44.7989411,-69.5447434
31544,MERE POINT OYSTER CO,0,0,2025-06-28,2026-04-12,EATING PLACE - MOBILE,No,1087 MERE  POINT RD,BRUNSWICK,ME,4011,207-729-3651,REGULAR,MERE POINT OYSTER CO LLC,Cumberland,0,43.833211,-70.0146454
31543,EAST COAST BBQ,1,1,2024-03-15,2024-08-25,EATING PLACE - MOBILE,No,612 RIDGE RD,ROBBINSTON,ME,4671,207-214-9257,REGULAR,EAST COAST BBQ LLC,Hancock,0.05405405405,45.0369601,-67.1653306
31543,EAST COAST BBQ,1,0,2024-08-24,2025-08-25,EATING PLACE - MOBILE,No,612 RIDGE RD,ROBBINSTON,ME,4671,207-214-9257,REGULAR,EAST COAST BBQ LLC,Hancock,0.04054054054,45.0369601,-67.1653306
31542,"TOFILO, SAMANTHA",1,0,2023-08-23,,,No,11 HIGH ST,ELLSWORTH,ME,4605,847-636-7405,REGULAR,TOFILO. SAMANTHA,Hancock,0.04054054054,44.542318,-68.4197186
31541,CHURCHILL BARN,0,0,2023-09-22,2024-08-16,CATERING,No,1 CHURCHILL CT,YORK,ME,3909,617-407-6096,REGULAR,"CHURCHILL, KENNETH",York,0,43.1553158,-70.6769388
31540,BOW JANGLES BEVERAGE,6,8,2025-02-07,2025-08-17,EATING PLACE - TAKEOUT,Yes,2025 BRISTOL RD,PEMAQUID,ME,4558,207-380-1576,REGULAR,ASK ENT INC,Lincoln,0.3513513514,43.9084827,-69.5135602
31540,BOW JANGLES BEVERAGE,2,3,2025-03-03,2024-08-17,EATING PLACE - TAKEOUT,No,2025 BRISTOL RD,PEMAQUID,ME,4558,207-380-1576,FOLLOW_UP_FULL,ASK ENT INC,Lincoln,0.1216216216,43.9084827,-69.5135602
31539,GRIFFINS FOOD FOR THE SOUL,2,4,2023-08-18,,,No,57 BIRCH ST,BIDDEFORD,ME,4005,207-423-3470,REGULAR,"GREGOIRE, JASON",York,0.1351351351,43.489418,-70.4572111
31533,NINJA JAPANESE EXPRESS (MOBILE),3,6,2024-09-06,2024-10-12,EATING PLACE - MOBILE,No,552 STILLWATER AVE,OLD TOWN,ME,4468,207-838-4811,REGULAR,SASAK LLC,Penobscot,0.2027027027,44.9277375,-68.6652873
31531,NORTH SHORE BEEFIE BOYS,4,2,2025-06-20,2026-04-17,EATING PLACE - MOBILE,Yes,1 CONGRESSIONAL DR,FALMOUTH,ME,4105,781-706-7675,REGULAR,NORTH SHORE BEEFIE BOYS,Cumberland,0.1891891892,43.7694279,-70.2746485
31527,BOURBON STREET,0,0,2023-10-27,2024-08-25,EATING PLACE - MOBILE,No,15 WINTER ST,CALAIS,ME,4619,207-214-0044,REGULAR,BOURBON STREET LLC,Hancock,0,45.1860785,-67.2750253
31524,JUJIS,0,1,2023-11-22,2024-10-30,EATING AND CATERING,No,95 MAIN ST,DENNYSVILLE,ME,4628,202-279-2076,REGULAR,JUJIS LLC,Hancock,0.01351351351,44.9028934,-67.228285
31522,DIRIGO NUTRITION,2,2,2024-06-26,2024-09-20,EATING PLACE - TAKEOUT,No,60 B MAIN RD NORTH,HAMPDEN,ME,4444,207-478-6001,REGULAR,PINE STATE NUTRITION COMPANY,Penobscot,0.1081081081,44.7473939,-68.8356445
31521,MATCHA MOOD,1,1,2024-10-03,2025-09-14,MUN - EATING PLACE,No,645 CONGRESS ST,PORTLAND,ME,4101,646-639-4265,REGULAR,TIPAROS 88 LLC,Cumberland,0.05405405405,43.653479,-70.2653219
31521,MATCHA MOOD,0,2,2023-10-03,2024-09-14,MUN - EATING PLACE,No,645 CONGRESS ST,PORTLAND,ME,4101,646-639-4265,REGULAR,TIPAROS 88 LLC,Cumberland,0.02702702703,43.653479,-70.2653219
31520,PUFFIN PINES,1,1,2023-12-07,2024-02-10,EATING PLACE TIER 1,No,240 US ROUTE 1,WHITING,ME,4691,207-733-9782,REGULAR,CL & JAB LLC,Hancock,0.05405405405,44.7881816,-67.1824975
31513,CHEZ MERE JOS AFRICAN RESTAURANT,0,0,2023-11-28,2024-08-18,MUN - CATERING,No,134 PARK ST,PORTLAND,ME,4101,207-352-8797,REGULAR,CHEZ MERE JOS AFRICAN RESTUARANT LLC,Cumberland,0,43.6523648,-70.2643002
31512,SOUTH PORTLAND MIDDLE SCHOOL,3,1,2024-01-17,2024-09-27,MUN - EATING - SCHOOL,No,130 WESCOTT RD,SOUTH PORTLAND,ME,4106,207-871-0555,REGULAR,SOUTH PORTLAND PUBLIC SCHOOL,Cumberland,0.1351351351,43.6262661,-70.3040069
31512,SOUTH PORTLAND MIDDLE SCHOOL,2,2,2025-01-28,2025-09-27,MUN - EATING - SCHOOL,No,130 WESCOTT RD,SOUTH PORTLAND,ME,4106,207-871-0555,REGULAR,SOUTH PORTLAND PUBLIC SCHOOL,Cumberland,0.1081081081,43.6262661,-70.3040069
31511,GREENLADLE CAFE,0,4,2024-04-30,2024-08-29,EATING AND CATERING,No,77 HARRIS ST,AUBURN,ME,4210,207-777-3199,REGULAR,"SCHERRER, TONY",Androscoggin,0.05405405405,44.0940945,-70.2347372
31508,POLAR PUG ICE CREAM,1,0,2023-11-17,,,No,201 MAIN ST,EAST WATERBORO,ME,4030,207-730-0962,REGULAR,POLAR PUG ICE CREAM LLC,York,0.04054054054,43.5708012,-70.6626082
31504,HAPPY VALLEY BEER AND WINE GARDEN,0,0,2024-08-19,2025-09-07,EATING PLACE TIER 2,No,406 MAIN ST,SOUTH BERWICK,ME,3908,207-420-8707,REGULAR,HAPPY VALLEY LLC,York,0,43.2366838,-70.8136318
31502,LILJENS KEY NUTRITION,0,1,2024-07-03,2024-09-22,EATING PLACE - TAKEOUT,No,325 MAIN ST,MADAWASKA,ME,4756,207-436-9164,REGULAR,LILJENS KEY NUTRITION,Aroostook,0.01351351351,47.3556742,-68.3265894
31499,AROMA JOES TURNER,0,1,2024-09-19,2025-08-01,EATING PLACE - TAKEOUT,No,60 AUBURN RD,TURNER,ME,4282,207-224-0211,REGULAR,LEVEX INC,Androscoggin,0.01351351351,44.1882917,-70.2376268
31498,CHOCOLATE FREAKING BACON,0,2,2023-08-02,2023-08-06,EATING PLACE - TEMPORARY 5-14 DAYS,No,1 PARK DR,ROCKLAND,ME,4841,810-206-9375,REGULAR,CHOCOLATE FREAKING BACON,Lincoln,0.02702702703,44.1020467,-69.1078991
31495,HAMSA COOKING INC AT CAMP KINGSWOOD,3,3,2023-07-31,,EATING AND CATERING,No,104 WILDWOOD RD,BRIDGTON,ME,4009,954-547-3507,REGULAR,HAMSA COOKING INC,Cumberland,0.1621621622,44.027979,-70.7232649
31490,THE PEJEPSCOT,1,0,2024-09-11,2024-08-08,EATING PLACE - MOBILE,No,600 LEWISTON RD,TOPSHAM,ME,4086,207-504-6378,REGULAR,THE PEJEPSCOT,Sagadahoc,0.04054054054,43.9609629,-70.0116507
31489,SMOKE SHACK SOUTHERN BARBECUE,0,2,2023-09-15,2024-07-28,EATING AND CATERING,No,1 CHURCHILL CT,YORK,ME,3909,603-55-2630,REGULAR,SMOKE SHACK SOUTHERN BARBECUE LLC,York,0.02702702703,43.1553158,-70.6769388
31485,HALO SIPS,0,0,2025-06-11,2026-03-01,EATING PLACE - MOBILE STICK BUILT,No,65 SIMARD AVE,LEWISTON,ME,4240,207-713-6999,REGULAR,"BURLEIGH, TRAVIS",Androscoggin,0,44.0830679,-70.1933007
31478,MOONGLOW MUNCHIES,0,2,2025-05-15,2025-09-08,EATING PLACE - MOBILE,No,271 MOUNTAIN RD,ALFRED,ME,4002,207-206-6086,REGULAR,MOONGLOW MUNCHIES LLC,York,0.02702702703,43.4812028,-70.7659434
31463,BOWLICIOUS,1,1,2023-09-25,,EATING PLACE - MOBILE,No,567 MEADOW RD,TOPSHAM,ME,4086,207-458-1404,REGULAR,"LLC, BOWLICIOUS",Valdez Cordova,0.05405405405,43.9889343,-69.982527
31463,BOWLICIOUS,0,2,2024-08-27,2025-09-13,EATING PLACE - MOBILE,No,567 MEADOW RD,TOPSHAM,ME,4086,207-458-1404,REGULAR,BOWLICIOUS LLC,Kennebec,0.02702702703,43.9889343,-69.982527
31461,LITTLE IPOH,0,0,2025-07-08,2026-03-08,EATING PLACE - MOBILE,No,194 BIRCH HILL RD,YORK,ME,3909,347-280-4270,REGULAR,LITTLE IPOH LLC,York,0,43.1550924,-70.7344934
31459,THE LUNCH PAIL,0,0,2023-08-02,,EATING PLACE - MOBILE,No,427 MAIN RD,ISLE AU HAUT,ME,4645,207-266-7108,REGULAR,"HILTZ, ABIGAIL SCHRADER",Knox,0,44.0760163,-68.6316918
31458,WEENERS ON WHEELS,0,1,2023-08-24,2024-07-25,EATING PLACE - MOBILE,No,58 HUBBARD RD,BERWICK,ME,3901,207-337-8513,REGULAR,WEENERS ON WHEELS LLC,York,0.01351351351,43.2853563,-70.8838538
31456,NIGHT MARES,0,0,2023-11-09,2024-07-24,MUN - EATING PLACE,No,44 ROMASCO LN,PORTLAND,ME,4101,914-912-2149,REGULAR,NIGHT MARES LLC,Cumberland,0,43.6656302,-70.2511788
31456,NIGHT MARES,0,0,2024-12-04,2025-07-24,MUN - EATING PLACE,No,44 ROMASCO LN,PORTLAND,ME,4101,914-912-2149,REGULAR,NIGHT MARES LLC,Cumberland,0,43.6656302,-70.2511788
31454,SUBWAY,0,3,2023-09-29,2024-08-01,EATING PLACE TIER 1,No,80 SPRING ST,DEXTER,ME,4930,207-924-7202,REGULAR,HIGHLANDER INSPIRED SUBS,Penobscot,0.04054054054,45.0196045,-69.2899223
31452,PERKINS COVE KITCHEN,0,0,2025-02-12,2025-01-25,EATING AND CATERING,No,312 SHORE RD,OGUNQUIT,ME,3907,207-466-2683,REGULAR,PERKINSCOVE KITCHEN LLC,York,0,43.2392803,-70.5951724
31452,IL COVO RESTAURANT,1,8,2023-10-25,2024-07-27,EATING PLACE TIER 2,No,312 SHORE RD,OGUNQUIT,ME,3907,603-828-8025,REGULAR,HOSPITALITY GROUP LLC,York,0.1486486486,43.2392803,-70.5951724
31452,II COVO RESTAURANT,0,2,2023-07-26,,EATING PLACE TIER 2,No,312 SHORE RD,OGUNQUIT,ME,,603-828-8025,REGULAR,HOSPITALITY GROUP LLC,,0.02702702703,43.2392803,-70.5951724
31452,PERKINS COVE KITCHEN,0,1,2024-01-25,2024-07-27,EATING PLACE TIER 2,No,312 SHORE RD,OGUNQUIT,ME,3907,207-466-2683,NEWOWNER,HOSPITALITY GROUP LLC,York,0.01351351351,43.2392803,-70.5951724
31449,MCGOLDRICK CENTER,3,4,2025-03-06,2025-07-17,MUN - EATING AND CATERING,No,35 BEDFORD ST,PORTLAND,ME,4101,207-780-5762,REGULAR,SODEXO AMERICA LLC,Cumberland,0.1756756757,43.6631145,-70.2728987
31449,MCGOLDBRICK,3,1,2023-10-12,2024-07-17,MUN - EATING AND CATERING,No,35 BEDFORD ST,PORTLAND,ME,4101,207-780-5762,REGULAR,"LLC, SODEXO AMERICA",Cumberland,0.1351351351,43.6631145,-70.2728987
31449,MCGOLDRICK CENTER,2,2,2024-04-23,2024-07-17,MUN - EATING AND CATERING,No,35 BEDFORD ST,PORTLAND,ME,4101,207-780-5762,REGULAR,"LLC, SODEXO AMERICA",Cumberland,0.1081081081,43.6631145,-70.2728987
31448,BUFFALO HILL,1,1,2025-06-12,2025-07-19,EATING PLACE - MOBILE,No,200 BUTTERS HILL RD,STONEHAM,ME,42311,207-312-8641,REGULAR,"HILL, CLIFFORD",Oxford,0.05405405405,44.2480889,-70.8318543
31444,"SANDLIN, AIDIA",0,0,2023-07-20,,,No,615 CONGRESS ST,PORTLAND,ME,4101,603-866-2549,REGULAR,"SANDLIN, AIDIA",Cumberland,0,43.6538901,-70.2639726
31437,PORTABLE PIE PLACE,0,0,2024-08-30,2025-08-10,EATING PLACE - MOBILE,No,331 E MAIN ST,SEARSPORT,ME,4974,661-406-5389,REGULAR,PORTABLE PIE PLACE LLC,Hancock,0,44.4741608,-68.886047
31436,ON THE HORIZON BAKERY,2,1,2024-08-30,2025-07-13,EATING PLACE - MOBILE,No,345 GARY MOORE RD,ELLSWORTH,ME,4605,207-460-6223,REGULAR,"CARTER, HAILEE",Hancock,0.09459459459,44.6529751,-68.4326873
31436,ON THE HORIZON BAKERY,0,1,2023-08-31,2024-07-13,EATING PLACE - MOBILE,No,345 GARY MOORE RD,ELLSWORTH,ME,4605,207-460-6223,REGULAR,"CARTER, HAILEE",Hancock,0.01351351351,44.6529751,-68.4326873
31433,EL SALERITO,2,4,2025-07-15,2025-08-23,EATING PLACE - MOBILE,No,581 CONGRESS ST,PORTLAND,ME,4101,207-899-6183,REGULAR,LA SAL DE LA TIERRA LLC,Cumberland,0.1351351351,43.6546202,-70.2626796
31433,EL SALERITO,1,1,2023-11-16,2024-08-23,EATING PLACE - MOBILE,No,581 CONGRESS ST,PORTLAND,ME,4101,207-899-6183,REGULAR,LA SAL DE LA TIERRA LLC,Cumberland,0.05405405405,43.6546202,-70.2626796
31433,EL SALERITO,0,3,2024-07-04,2024-08-23,EATING PLACE - MOBILE,No,581 CONGRESS ST,PORTLAND,ME,4101,207-899-6183,REGULAR,LA SAL DE LA TIERRA LLC,Cumberland,0.04054054054,43.6546202,-70.2626796
31430,CAFE LUNA,0,5,2024-01-25,2024-12-14,EATING PLACE TIER 2,No,370 US ROUTE 1,SCARBOROUGH,ME,4074,207-408-1522,REGULAR,JKJ LLC,Cumberland,0.06756756757,43.5555407,-70.4036774
31428,FAMILY CAFE,0,2,2023-07-26,2024-07-18,EATING AND CATERING,No,175 FAIRGROUNDS LN,UNION,ME,4862,207-505-6065,REGULAR,"BOTLEY, JEAN",Knox,0.02702702703,44.2142544,-69.2844124
31428,FAMILY CAFE,0,0,2023-07-18,2024-07-18,EATING AND CATERING,No,175 FAIRGROUNDS LN,UNION,ME,4862,207-505-6065,NEWOWNER,"BOTLEY, JEAN",Knox,0,44.2142544,-69.2844124
31424,"SCHAUMBURG, MIA",0,0,2023-07-14,,,No,15 YORK ST,BIDDEFORD,ME,4005,908-268-9717,REGULAR,"SCHAUMBURG, MIA",York,0,43.4937613,-70.4541185
31421,"FATES, COREY PIKE",0,0,2023-07-19,,,No,545 WESTBROOK ST,SOUTH PORTLAND,ME,4106,207-251-5382,REGULAR,"FATES, COREY PIKE",Cumberland,0,43.6358499,-70.3143358
31418,KING DONAIR,0,0,2023-09-26,2024-08-10,EATING PLACE - MOBILE,No,95 DARLING AVE,SOUTH PORTLAND,ME,4106,207-317-6188,REGULAR,KING OF DONAIR LLC,Cumberland,0,43.6405865,-70.3302466
31418,KING DONAIR,0,0,2024-07-04,2024-08-10,EATING PLACE - MOBILE,No,95 DARLING AVE,SOUTH PORTLAND,ME,4106,207-317-6188,REGULAR,KING OF DONAIR LLC,Cumberland,0,43.6405865,-70.3302466
31409,EMPANADA CLUB,1,1,2023-09-22,2024-07-20,EATING PLACE - MOBILE,No,95 DARLING AVE,SOUTH PORTLAND,ME,4096,603-577-0617,REGULAR,"GARCIA, ANDRIAN",Cumberland,0.05405405405,43.6405865,-70.3302466
31409,EMPANADA CLUB,1,1,2025-06-28,2024-07-20,EATING PLACE - MOBILE,No,95 DARLING AVE,SOUTH PORTLAND,ME,4096,603-577-0617,REGULAR,"GARCIA, ANDRIAN",Cumberland,0.05405405405,43.6405865,-70.3302466
31409,EMPANADA CLUB,0,3,2024-06-29,2025-07-20,EATING PLACE - MOBILE,No,95 DARLING AVE,SOUTH PORTLAND,ME,4096,603-577-0617,REGULAR,"GARCIA, ANDRIAN",Cumberland,0.04054054054,43.6405865,-70.3302466
31406,SMOKING GUNS BBQ,1,0,2023-08-04,2024-07-24,EATING PLACE - MOBILE,No,291 S HIRAM RD,HIRAM,ME,4041,603-915-0207,REGULAR,SMOKING GUNS BBQ AND CATERING LLC,Oxford,0.04054054054,43.8094014,-70.8532262
31406,SMOKING GUNS BBQ,1,0,2023-07-07,,,No,291 S HIRAM RD,HIRAM,ME,4041,603-915-0207,REGULAR,SMOKING GUNS BBQ AND CATERING LLC,Oxford,0.04054054054,43.8094014,-70.8532262
31404,SHANTYTOWN RUM TASTING ROOM,2,1,2023-10-27,2023-10-16,EATING PLACE - LIMITED MENU,No,509 US ROUTE 1,PEMBROKE,ME,4666,310-922-7534,REGULAR,DOORYARD SHINE LLC,Washington,0.09459459459,44.945811,-67.2019755
31404,SHANTYTOWN RUM TASTING ROOM,2,1,2024-10-04,2025-07-18,EATING PLACE - LIMITED MENU,No,509 US ROUTE 1,PEMBROKE,ME,4666,310-922-7534,REGULAR,DOORYARD SHINE LLC,Washington,0.09459459459,44.945811,-67.2019755
31403,TIDE 2 TABLE,2,0,2023-09-25,2024-07-07,EATING PLACE - MOBILE,No,501 LISBON ST,LISBON FALLS,ME,4252,207-857-9677,REGULAR,"LLC, TIDE 2 TABLE",Androscoggin,0.08108108108,43.9934029,-70.0527324
31403,TIDE 2 TABLE,1,0,2024-08-06,2025-07-07,EATING PLACE - MOBILE,No,501 LISBON ST,LISBON FALLS,ME,4252,207-857-9677,REGULAR,TIDE 2 TABLE LLC,Androscoggin,0.04054054054,43.9934029,-70.0527324
31402,STARLIGHT LODGE AT ROCKPORT HARBOR,0,2,2024-09-18,2025-07-10,EATING PLACE - MOBILE,No,360 COMMERCIAL ST,ROCKPORT,ME,4856,207-236-3276,REGULAR,STARLIGHT LODGE ROCKPORT LLC,Knox,0.02702702703,44.1769845,-69.0796831
31401,12 INCH PIZZA,0,2,2023-07-15,2024-07-12,EATING PLACE - MOBILE,No,15 SEA ST,CASTINE,ME,4421,914-52-3930,REGULAR,15 SEA LLC,Hancock,0.02702702703,44.388123,-68.795755
31395,VERA IDYLIC PIZZA,1,1,2025-06-12,2025-07-07,EATING PLACE - MOBILE,No,612 WISCASSET RD,BOOTHBAY,ME,4537,207-350-9960,REGULAR,"L HEUREUX JR, NORMAND",Lincoln,0.05405405405,43.901752,-69.6240479
31391,STARBUCKS COFFEE #68630,0,1,2024-03-28,2025-03-15,EATING PLACE TIER 1,No,451 PAYNE RD,SCARBOROUGH,ME,4074,603-505-5633,REGULAR,STARBUCKS CORP,Cumberland,0.01351351351,43.6222008,-70.3478972
31390,DELICIOUS THYMES,0,0,2023-07-07,,,No,2 CHURCH ST,GORHAM,ME,4002,207-205-751,REGULAR,	DELICIOUS THYMES CATERING AND PERSONAL CHEF SERVI,Cumberland,0,43.6810783,-70.4432849
31388,MOES ITALIAN SANDWICHES,0,0,2023-08-24,2024-06-30,EATING PLACE - MOBILE,No,1900 MAIN ST,SANFORD,ME,4073,207-629-8548,REGULAR,STAYA FLOAT,York,0,43.4020422,-70.7025345
31383,CHURCH OF PIZZA,1,1,2024-06-05,2024-09-11,EATING PLACE - TAKEOUT,No,20 MAPLE ST,MECHANIC FALLS,ME,4256,207-713-8856,REGULAR,"NOEL, MELISSA",Androscoggin,0.05405405405,44.1103111,-70.3927908
31382,TRIPPS FARMHOUSE CAFE,0,0,2025-06-30,2026-06-30,EATING PLACE - MOBILE,No,522 ROOSEVELT TRL,NAPLES,ME,4055,207-357-5532,REGULAR,TRIPPS FARM HOUSE CAFE LLC,Cumberland,0,43.9674167,-70.5875982
31381,TIMBERWOLVES RESTAURANT,2,1,2024-08-01,2024-08-16,EATING PLACE - MOBILE,No,45 MAIN ST,MARS HILL,ME,4758,207-551-7297,REGULAR,TIMBERWOLVES INC,Aroostook,0.09459459459,46.5143038,-67.8667541
31381,TIMBERWOLVES RESTAURANT,1,3,2025-07-17,2025-08-16,EATING PLACE - MOBILE,No,45 MAIN ST,MARS HILL,ME,4758,207-551-7297,REGULAR,TIMBERWOLVES INC,Aroostook,0.08108108108,46.5143038,-67.8667541
31381,TIMBERWOLVES RESTAURANT,1,1,2023-10-04,2024-08-16,EATING PLACE - MOBILE,No,45 MAIN ST,MARS HILL,ME,4758,207-551-7297,REGULAR,TIMBERWOLVES INC,Aroostook,0.05405405405,46.5143038,-67.8667541
31381,TIMBERWOLVES RESTAURANT,0,1,2024-09-30,2025-08-16,EATING PLACE - MOBILE,No,45 MAIN ST,MARS HILL,ME,4758,207-551-7297,REGULAR,TIMBERWOLVES INC,Aroostook,0.01351351351,46.5143038,-67.8667541
31380,MID COAST HUNGER PREVENTION PROGRAM,1,1,2025-03-20,2025-07-06,COMMISSARY,No,179 NEPTUNE DR,BRUNSWICK,ME,4011,207-725-2716,REGULAR,MID COAST HUNGER PREVENTION PROGR,Cumberland,0.05405405405,43.8920732,-69.9226154
31379,SPINNEY CREEK SHELLFISH,0,1,2023-06-24,2023-06-25,EATING PLACE - TEMPORARY 1-4 DAYS,No,95 MAIN ST,FREEPORT,ME,4032,207-439-7950,REGULAR,SPINNEY CREEK SHELLFISH INC,Cumberland,0.01351351351,43.8579275,-70.1032664
31378,MEET ON THE STREET FOOD TRUCK,0,0,2023-07-13,,EATING PLACE - MOBILE,No,THOMAS POINT,BRUNSWICK,ME,4011,847-361-2808,REGULAR,TIDEWALKER VENTURES LLC,Cumberland,0,43.8980015,-69.8932407
31378,MEET ON THE STREET FOOD TRUCK,2,5,2024-05-17,2024-06-11,EATING PLACE - MOBILE,No,19A EASTERN PROMENADE,PORTLAND,ME,4101,847-361-2808,REGULAR,TIDEWALKER VENTURES LLC,Cumberland,0.1486486486,43.6698049,-70.2462095
31378,MEET ON THE STREET FOOD TRUCK,0,0,2025-05-04,2025-06-11,EATING PLACE - MOBILE,No,19A EASTERN PROMENADE,PORTLAND,ME,4101,847-361-2808,REGULAR,TIDEWALKER VENTURES LLC,Cumberland,0,43.6698049,-70.2462095
31369,"MARINIC, SANELA",0,0,2023-06-30,,,No,352 WARREN AVE,PORTLAND,ME,4103,207-766-6450,REGULAR,"MARINIC, SANELA",Cumberland,0,43.687046,-70.312401
31351,THE ROLLIN ROOSTER,1,0,2024-08-01,2025-06-26,EATING PLACE - MOBILE,No,1100 POST RD,WELLS,ME,4090,802-683-4124,REGULAR,"LLC, THE ROLLIN ROOSTER",York,0.04054054054,43.308397,-70.584806
31344,THE FOOD DUDES,0,1,2023-07-14,2024-06-13,EATING PLACE - MOBILE,No,113 WRIGHT ST,VAN BUREN,ME,4785,207-602-0155,REGULAR,"PARENT, DEVIN & HEATHER & CARON, LANCE",Aroostook,0.01351351351,47.1756404,-67.9493804
31343,REGGAE EATS,2,2,2024-08-27,2025-07-05,EATING PLACE - MOBILE,No,33 HANNA LN,BRISTOL,ME,4539,207-449-2216,REGULAR,REGGAE EATS LLC,Lincoln,0.1081081081,43.963172,-69.5142993
31341,HONEY BOBA,2,0,2023-08-14,,,No,974 MAIN ST,WESTBROOK,ME,4092,978-328-4453,REGULAR,"NEANG, TINANA S",Cumberland,0.08108108108,43.6771824,-70.3711068
31340,IRONCLAD EATS,0,0,2024-06-18,2024-07-20,MUN - EATING PLACE - MOBILE,No,95 DARLING AVE,SOUTH PORTLAND,ME,4106,207-200-7265,REGULAR,IRONCLAD EATS LLC,Cumberland,0,43.6405865,-70.3302466
31339,EAST COAST BBQ,0,0,2023-06-23,,EATING PLACE - TEMPORARY 5-14 DAYS,No,,EASTPORT,ME,4671,207-214-9257,REGULAR,"CALDELMO, GREGORY",Hancock,0,44.9296093,-67.0262162
31338,TWIRL,0,0,2023-11-09,2024-07-06,MUN - EATING PLACE,No,28 MONUMENT SQ,PORTLAND,ME,4101,207-730-2402,REGULAR,TWIST LLC,Cumberland,0,43.6569245,-70.2590745
31337,BALLAST BY PORTLAND SCHOONER,1,1,2023-10-12,2024-06-15,MUN - EATING AND CATERING,No,345 FORE ST,PORTLAND,ME,4101,207-766-2500,REGULAR,PORTLAND SCHOONER COMPANY,Cumberland,0.05405405405,43.6570495,-70.2522016
31337,BALLAST BY PORTLAND SCHOONER,0,0,2023-06-14,,MUN - EATING AND CATERING,No,345 FORE ST,PORTLAND,ME,4101,207-766-2500,NEWOWNER,PORTLAND SCHOONER COMPANY,Cumberland,0,43.6570495,-70.2522016
31337,BALLAST BY PORTLAND SCHOONER CO,0,0,2024-10-21,2025-06-15,MUN - EATING AND CATERING,No,345 FORE ST,PORTLAND,ME,4101,207-232-8654,REGULAR,PORTLAND SCHOONER COMPANY,Cumberland,0,43.6570495,-70.2522016
31330,NOR' EASTER OYSTER CO (CATERING),0,0,2025-04-15,2025-09-29,CATERING,No,179 NEPTUNE DR,BRUNSWICK,ME,4011,248-761-8791,REGULAR,NOR EASTER OYSTER CO,Cumberland,0,43.8920732,-69.9226154
31325,GISELAINE'S SPA,1,0,2024-06-10,2025-06-09,EATING PLACE TIER 2,No,25 WHITE BIRCH LN,BOOTHBAY,ME,4537,207-633-3673,REGULAR,PGC2 LLC,Lincoln,0.04054054054,43.8740389,-69.6313347
31317,CARMINE RED SNAPPERS,0,1,2024-07-26,2025-06-05,EATING PLACE - MOBILE,No,601 WESTERN AVE,MANCHESTER,ME,4351,207-931-7378,REGULAR,SCALIA INVESTMENT,Kennebec,0.01351351351,44.3245713,-69.8612332
31316,BONISSONI CATERING,0,0,2023-06-05,,CATERING,No,82 SHORE RD,OGUNQUIT,ME,3907,207-3600380,REGULAR,BONISSONY BRAZILIAN STEAK HOUSE LLC,York,0,43.2467436,-70.5976677
31316,BONISSONI CATERING,0,0,2023-07-13,2024-06-06,CATERING,No,82 SHORE RD,OGUNQUIT,ME,3907,207-3600380,REGULAR,BONISSONY BRAZILIAN STEAK HOUSE LLC,York,0,43.2467436,-70.5976677
31315,THE TIPSY CHARIOT,0,0,2023-06-09,,CATERING,No,743 PORTLAND RD,SACO,ME,4072,207-835-9373,REGULAR,THE TIPSY CHARIOT LLC,York,0,43.5236399,-70.4274584
31313,LOADED TOTZ NUFFSIAD,1,1,2024-10-01,1999-12-30,,No,ROUTE 1,KITTERY,ME,3904,802-738-2315,REGULAR,LOADED TOTZ NUFFSAID,Oxford,0.05405405405,43.1061837,-70.7489803
31312,THE WALDOBORO INN,1,1,2023-07-19,2024-06-09,BED AND BREAKFAST 5 ROOMS OR LESS,No,926 MAIN ST,WALDOBORO,ME,4572,503-754-1892,REGULAR,926 MAIN ST LLC,Lincoln,0.05405405405,44.0961121,-69.3748764
31312,THE WALDOBORO INN,0,2,2023-07-19,2024-06-09,BED AND BREAKFAST 5 ROOMS OR LESS,No,926 MAIN ST,WALDOBORO,ME,4572,503-754-1892,REGULAR,926 MAIN ST LLC,Lincoln,0.02702702703,44.0961121,-69.3748764
31309,LARK COFFEE,0,0,2024-05-29,2024-01-26,EATING PLACE - MOBILE,No,64 HIGH ST,KENNEBUNK,ME,4043,603-455-0601,REGULAR,LARK COFFEE LLC,York,0,43.3832407,-70.55491
31305,APHRODITE OYSTERS,1,0,2025-06-28,2025-06-29,EATING PLACE - TEMPORARY 1-4 DAYS,No,115 MAIN ST,FREEPORT,ME,4033,207-542-0121,REGULAR,APHRODITE OYSTERS LLC.,Cumberland,0.04054054054,43.8582467,-70.1027771
31305,APHRODITE OYSTERS,0,1,2023-06-24,2023-06-25,EATING PLACE - TEMPORARY 1-4 DAYS,No,115 MAIN ST,FREEPORT,ME,4033,207-542-0121,REGULAR,APHRODITE OYSTERS LLC.,Cumberland,0.01351351351,43.8582467,-70.1027771
31304,THE BLACK SHEEP,0,1,2023-09-01,2024-06-08,EATING PLACE - MOBILE,No,92 DOWNEAST HWY,ELLSWORTH,ME,4605,207-479-3923,REGULAR,BLACK SHEEP LLC,Hancock,0.01351351351,44.5302591,-68.3979016
31298,BEACONLIGHT GUEST HOUSE,0,0,2025-04-15,2025-06-05,BED AND BREAKFAST 5 ROOMS OR LESS,No,298 SHORE RD,OGUNQUIT,ME,3907,617-875-7373,REGULAR,298 SHORE ROAD LLC,York,0,43.23957,-70.5957177
31297,1A RELICS,0,0,2024-09-27,2024-11-27,EATING PLACE - TAKEOUT,No,444 BANGOR RD,ELLSWORTH,ME,4605,207-412-0822,REGULAR,1A RELICS LLC,Hancock,0,44.5775614,-68.4751695
31296,TRAIL HEADZ GRILL,0,0,2023-10-05,2024-09-28,EATING PLACE - MOBILE,No,46 NORTH MAIN ST,SOLON,ME,4979,207-399-3253,REGULAR,MOBILE FOOD CONCESSIONS LLC,Somerset,0,44.9529488,-69.861329
31290,SPRUCE CREEK PIZZA,1,3,2023-08-07,2024-06-20,EATING PLACE TIER 1,No,290 US ROUTE 1,KITTERY,ME,3904,203-434-7205,REGULAR,SPRUCE CREEK PIZZA LLC,York,0.08108108108,43.1322042,-70.7027214
31289,BARRY LARRYS,0,0,2023-05-31,2024-05-31,EATING PLACE - MOBILE,No,30 LYDIA LN,SOUTH PORTLAND,ME,4106,207-400-4108,REGULAR,BARRY LARRYS LLC,Cumberland,0,43.6376893,-70.3062142
31289,BARRY LARRYS,0,0,2025-05-14,2026-05-31,EATING PLACE - MOBILE,No,30 LYDIA LN,SOUTH PORTLAND,ME,4106,207-400-4108,REGULAR,BARRY LARRYS LLC,Cumberland,0,43.6376893,-70.3062142
31288,MAINE ENTREE,0,0,2023-08-11,2024-06-08,EATING PLACE - MOBILE,No,1701 HAMMOND ST,BANGOR,ME,4404,207-735-8623,REGULAR,MAINE ENTREE,Penobscot,0,44.7943193,-68.8482688
31284,DEB'S ON WHEELS,1,2,2023-08-10,2024-06-05,EATING PLACE - MOBILE,No,268 ODLIN RD,BANGOR,ME,4401,207-291-6408,REGULAR,"RYAN, DEBRA",Penobscot,0.06756756757,44.790737,-68.8094604
31282,PORKS BBQ PIT LLC,1,1,2024-07-31,2025-06-21,EATING PLACE - MOBILE,No,283 VILLAGE RD,SMITHFIELD,ME,4978,207-399-9357,REGULAR,PORK'S BBQ PIT LLC,Somerset,0.05405405405,44.6309571,-69.8271149
31282,PORKS BBQ PIT LLC,0,1,2023-08-02,2024-06-21,EATING PLACE - MOBILE,No,283 VILLAGE RD,SMITHFIELD,ME,4978,207-399-9357,REGULAR,PORK'S BBQ PIT LLC,Somerset,0.01351351351,44.6309571,-69.8271149
31269,HORIZON CENTER DINING,0,0,2024-01-11,2024-09-26,EATING PLACE TIER 3,No,240 INNOVATION WAY,SCARBOROUGH,ME,4074,207-632-2249,REGULAR,IDEXX LABORATORIES INC,Cumberland,0,43.6092618,-70.3486795
31264,FIKA MAINE,0,2,2023-08-16,2024-06-22,EATING PLACE - TAKEOUT,No,17 STORER ST,SACO,ME,4072,207-299-0292,REGULAR,FIKA MAINE LLC,York,0.02702702703,43.4978533,-70.446789
31254,"MCDONALD, PAM",0,0,2023-06-23,2024-06-02,EATING PLACE - MOBILE STICK BUILT,No,42 ABIJAH HILL RD,STARKS,ME,4911,352-895-9311,REGULAR,"MCDONALD, PAM",Somerset,0,44.721818,-69.9726266
31253,HART FARM,0,2,2024-02-16,2024-06-09,CATERING,No,430 COPELAND HILL RD,HOLDEN,ME,4429,503-891-6424,REGULAR,WHYNOT FARM LLC,Penobscot,0.02702702703,44.737974,-68.7173776
31252,WANDER AT LONGWOODS,1,2,2023-12-06,2024-07-14,EATING AND CATERING,No,36 WANDER WAY,CUMBERLAND,ME,4021,207-899-7373,REGULAR,WANDER GROUP LLC,Cumberland,0.06756756757,43.8421358,-70.2637436
31252,WANDER AT LONGWOODS,1,1,2025-05-30,2025-09-11,EATING PLACE TIER 3,No,36 WANDER WAY,CUMBERLAND,ME,4021,207-619-5900,NEWOWNER,Wander Events LLC,Cumberland,0.05405405405,43.8421358,-70.2637436
31243,EDWARD LITTLE HIGH SCHOOL,0,1,2023-12-14,2024-09-27,EATING - SCHOOL CATERING,No,77 HARRIS ST,AUBURN,ME,4210,207-333-6658,REGULAR,AUBURN SCHOOL DEPARTMENT,Androscoggin,0.01351351351,44.0940945,-70.2347372
31243,EDWARD LITTLE HIGH SCHOOL,0,1,2024-10-10,2025-09-27,EATING - SCHOOL CATERING,No,77 HARRIS ST,AUBURN,ME,4210,207-333-6658,REGULAR,AUBURN SCHOOL DEPARTMENT,Androscoggin,0.01351351351,44.0940945,-70.2347372
31240,FRESH EATZ,0,0,2023-07-10,2024-06-15,EATING PLACE - MOBILE,No,74 KEEP RD,JAY,ME,4239,207-418-0139,REGULAR,FRESH EATZ LLC,Franklin,0,44.5563734,-70.2451524
31240,FRESH EATZ,0,0,2024-04-12,2024-06-15,EATING PLACE - MOBILE,No,74 KEEP RD,JAY,ME,4239,207-418-0139,REGULAR,FRESH EATZ LLC,Franklin,0,44.5563734,-70.2451524
31236,MILK & HONEY CAFE,0,0,2023-11-28,2024-06-09,EATING PLACE TIER 1,No,765 ROOSEVELT TRL,WINDHAM,ME,4062,614-733-8431,REGULAR,THE REFUGE CHURCH,Cumberland,0,43.8366898,-70.4395326
31235,CATHYS LOBSTER BAKE,0,0,2024-04-24,2024-06-20,CATERING,No,15 LEWISTON RD,GRAY,ME,4039,207-657-3060,REGULAR,"BLANCHARD, CATHY",Cumberland,0,43.8915512,-70.328136
31233,FAIR GROUNDS COFFEE,1,1,2024-08-23,2025-09-11,EATING PLACE TIER 1,No,627 MAIN ST,FRYEBURG,ME,4037,603-662-7744,REGULAR,TEN FIVE LLC,Oxford,0.05405405405,44.0168536,-70.9801793
31226,AND N BED & BREAKFAST,0,0,2024-01-22,2024-07-14,BED AND BREAKFAST 5 ROOMS OR LESS,No,14 YARMOUTH RD,GRAY,ME,4039,207-894-4819,REGULAR,GOETZ LLC,Cumberland,0,43.8852582,-70.3284411
31225,JOES FLAT IRON CAFE,0,2,2023-10-13,,EATING PLACE TIER 1,No,65 WATER ST,SKOWHEGAN,ME,4976,207-416-2564,REGULAR,"ALMAND, JOSEPH",Kennebec,0.02702702703,44.7651254,-69.7185765
31223,HAWAIIAN JIMS SHAVE ICE AND COMPANY,0,0,2024-12-20,2025-05-24,EATING PLACE - MOBILE,No,20 Sheru Lane,York,ME,3904,207-459-8811,NEWOWNER,Laurie and Brian Westover,York,0,43.142012,-70.6330324
31222,AROMA JOES,1,0,2025-03-31,2025-06-04,EATING AND CATERING,No,3 BANGOR ST,AUGUSTA,ME,4330,207-831-6038,REGULAR,FUEL ME UP LLC,Kennebec,0.04054054054,44.3169777,-69.7671913
31222,AROMA JOES,1,0,2023-08-24,2024-06-20,EATING PLACE - TAKEOUT,No,3 BANGOR ST,AUGUSTA,ME,4330,207-831-6038,REGULAR,FUEL ME UP LLC,Kennebec,0.04054054054,44.3169777,-69.7671913
31222,AROMA JOES,0,0,2023-11-07,2024-06-20,EATING PLACE - TAKEOUT,No,3 BANGOR ST,AUGUSTA,ME,4330,207-831-6038,REGULAR,FUEL ME UP LLC,Kennebec,0,44.3169777,-69.7671913
31220,WATERFORD INNE,0,0,2024-09-12,2025-06-26,EATING PLACE TIER 1,No,258 CHADBOURNE RD,WATERFORD,ME,4088,207-461-0504,REGULAR,KEDOGA WATERFORD INNE INC,Oxford,0,44.2129976,-70.694486
31174,STOP DROP N ROLL,0,0,2024-07-05,2025-06-01,EATING PLACE - MOBILE,No,236 COTTAGE ST,SANFORD,ME,4073,617-913-0023,REGULAR,STOP DROP N ROLL LLC,York,0,43.452411,-70.7670644
31163,GOURMET IN A PINCH,0,1,2024-08-26,2025-05-16,EATING AND CATERING,No,164 MAYVILLE RD,BETHEL,ME,4217,207-824-6000,REGULAR,GOURMET IN A PINCH,Oxford,0.01351351351,44.4218055,-70.7981887
31162,"KUTZER, JONATHAN DANIEL",0,0,2023-05-23,,,No,15 YORK ST,BIDDEFORD,ME,4005,508-404-8231,REGULAR,"KUTZER, JONATHAN DANIEL",York,0,43.4937613,-70.4541185
31161,HIGHROLLER LOBSTER CO TRUCK,0,0,2023-05-02,2024-05-17,EATING PLACE - MOBILE,No,104 EXCHANGE ST,PORTLAND,ME,4101,207-536-1623,REGULAR,HIGHROLLER LOBSTER LLC,Cumberland,0,43.6582858,-70.2558935
31158,AROMA JOES COFFEE,0,1,2023-09-12,2024-07-31,EATING PLACE - TAKEOUT,No,523 US ROUTE 1,KITTERY,ME,3904,207-878-1595,REGULAR,AMERICAN BREWERS LLC,York,0.01351351351,43.1297769,-70.7057112
31158,AROMA JOES COFFEE,0,1,2025-07-08,2026-07-31,EATING PLACE - TAKEOUT,No,523 US ROUTE 1,KITTERY,ME,3904,207-878-1595,REGULAR,AMERICAN BREWERS LLC,York,0.01351351351,43.1297769,-70.7057112
31125,ASIAN MOBILE NOODLE,1,2,2024-07-30,2024-07-14,EATING PLACE - MOBILE,No,EASTERN PROM,PORTLAND,ME,4101,207-318-9377,REGULAR,ASIAN MOBILE NOODLE LLC,Cumberland,0.06756756757,43.6698049,-70.2462095
31125,ASIAN MOBILE NOODLE,0,1,2023-09-20,2024-07-14,EATING PLACE - MOBILE,No,EASTERN PROM,PORTLAND,ME,4101,207-318-9377,REGULAR,ASIAN MOBILE NOODLE LLC,Cumberland,0.01351351351,43.6698049,-70.2462095
31124,TISH'S FOODS-THE FRIED PICKLE,0,0,2023-07-24,2024-07-07,EATING PLACE - MOBILE,No,,WESTBROOK,ME,1952,978-758-8474,REGULAR,"SAUCIER, TISH",Cumberland,0,43.6763036,-70.3663874
31120,BOTANICALLY CURIOUS,0,2,2025-05-22,2025-12-20,MUN - EATING PLACE,No,419 CONGRESS ST,PORTLAND,ME,4074,541-292-1624,REGULAR,BOTANICALLY CURIOUS LLC,Cumberland,0.02702702703,43.658329,-70.25812
31120,BOTANICALLY CURIOUS,0,0,2024-04-02,2024-12-20,MUN - EATING PLACE,No,419 CONGRESS ST,PORTLAND,ME,4074,541-292-1624,REGULAR,BOTANICALLY CURIOUS LLC,Cumberland,0,43.658329,-70.25812
31117,YETI BOYS,1,1,2025-05-30,2025-05-24,EATING PLACE - MOBILE,No,2447 BRISTOL RD,BRISTOL,ME,4553,207-707-0369,NEWOWNER,YETI BOYS LLC,Lincoln,0.05405405405,43.8820258,-69.5003496
31117,BROTHER SHUCKER,2,4,2023-08-02,2024-05-24,EATING PLACE - MOBILE,No,274 JONES WOODS RD,NEWCASTLE,ME,4553,646-992-1233,REGULAR,BROTHER SHUCKER LLC,Lincoln,0.1351351351,44.083165,-69.5640499
31115,THE MAINE BEAN AND TEA,2,1,2023-09-12,2024-05-19,EATING PLACE TIER 1,No,46 FORT ST,CARIBOU,ME,4736,207-227-3206,REGULAR,THE MAINE BEAN & TEA LLC,Aroostook,0.09459459459,46.8539308,-68.0064086
31115,THE MAINE BEAN AND TEA,1,4,2025-03-06,2025-05-19,EATING PLACE TIER 1,No,46 FORT ST,CARIBOU,ME,4736,207-227-3206,REGULAR,THE MAINE BEAN & TEA LLC,Aroostook,0.09459459459,46.8539308,-68.0064086
31105,WAFFLE ME,1,0,2023-09-01,2024-06-05,EATING PLACE - MOBILE,No,9 RESORT WAY,ELLSWORTH,ME,4605,207-370-2332,REGULAR,WAFFLE ME LLC,Hancock,0.04054054054,44.5319136,-68.403639
31105,WAFFLE ME,0,1,2023-08-02,2024-06-05,EATING PLACE - MOBILE,No,9 RESORT WAY,ELLSWORTH,ME,4605,207-370-2332,REGULAR,WAFFLE ME LLC,Hancock,0.01351351351,44.5319136,-68.403639
31105,WAFFLE ME,0,1,2024-07-31,2025-06-05,EATING PLACE - MOBILE,No,9 RESORT WAY,ELLSWORTH,ME,4605,207-370-2332,REGULAR,WAFFLE ME LLC,Hancock,0.01351351351,44.5319136,-68.403639
31103,EMPANADA CLUB - MOBILE,4,0,2023-08-10,2024-05-31,EATING PLACE - MOBILE,Yes,72 PARRIS ST,PORTLAND,ME,4101,603-577-0617,REGULAR,"OSVALDO, ADRIAN & GARCIA, ESPINOZA",Cumberland,0.1621621622,43.658959,-70.2653576
31103,EMPANADA CLUB - MOBILE,1,2,2023-06-24,2024-05-31,EATING PLACE - MOBILE,No,72 PARRIS ST,PORTLAND,ME,4101,603-577-0617,REGULAR,"OSVALDO, ADRIAN & GARCIA, ESPINOZA",Cumberland,0.06756756757,43.658959,-70.2653576
31103,EMPANADA CLUB - MOBILE,0,0,2023-07-13,2024-05-31,EATING PLACE - MOBILE,No,72 PARRIS ST,PORTLAND,ME,4101,603-577-0617,REGULAR,"OSVALDO, ADRIAN & GARCIA, ESPINOZA",Cumberland,0,43.658959,-70.2653576
31103,EMPANADA CLUB - MOBILE,0,0,2025-05-04,2024-05-31,EATING PLACE - MOBILE,No,72 PARRIS ST,PORTLAND,ME,4101,603-577-0617,REGULAR,ADRIAN ESPENOZA,Cumberland,0,43.658959,-70.2653576
31095,VAGABOND COFFEE,1,6,2024-05-17,2024-06-21,EATING PLACE - MOBILE,No,8  CHESTNUT ST,FALMOUTH,ME,1405,207-795-6982,REGULAR,VAGABOND COFFEE LLC,Cumberland,0.1216216216,43.7354216,-70.2038154
31087,WATERFRONT CONCERTS LAWN CONCESSIONS,1,3,2023-08-02,2023-07-23,EATING PLACE - TAKEOUT,No,1 RAILROAD ST,BANGOR,ME,4401,207-631-0239,REGULAR,WATERFRONT CONCERTS LLC,Penobscot,0.08108108108,44.7923517,-68.7754961
31084,TUNKJOY BAKERY,1,2,2025-07-10,2025-06-16,EATING PLACE TIER 2,No,61 ROGERS POINT RD,STEUBEN,ME,4680,207-749-6307,REGULAR,TUNKJOY LLC,Washington,0.06756756757,44.5066692,-67.9633943
31082,GOLFER CROSSING MINI GOLF AND ICE CREAM,2,2,2025-07-01,2026-07-10,EATING PLACE - TAKEOUT,No,7 COUNTRY INN WAY,ROCKPORT,ME,4856,207-380-9170,REGULAR,CAMDEN ROCKPORT HOTEL,Knox,0.1081081081,44.1972015,-69.0794217
31081,LAMBS,0,1,2023-11-30,2024-07-31,MUN - EATING PLACE - LIMITED MENU,No,695 BROADWAY,SOUTH PORTLAND,ME,4106,508-221-2627,REGULAR,"RITCHEY, WADE",Cumberland,0.01351351351,43.6340691,-70.2592113
31080,ICE CREAM,0,0,2024-06-14,2025-05-25,EATING PLACE - MOBILE,No,91 PARK ST,SPRINGFIELD,ME,4487,207-290-0760,REGULAR,THE SPRINGFIELD FAIRGROUNDS LLC,Aroostook,0,45.4021854,-68.1326625
31079,KRAPF'S PIZZA,0,1,2024-06-14,2025-05-25,EATING PLACE - MOBILE,No,91 PARK ST,SPRINGFIELD,ME,4487,207-290-0760,REGULAR,THE SPRINGFIELD FAIRGROUNDS LLC,Aroostook,0.01351351351,45.4021854,-68.1326625
31078,FINE FOODS,1,0,2024-06-14,2025-05-25,EATING PLACE - MOBILE,No,91 PARK ST,SPRINGFIELD,ME,4487,207-290-0760,REGULAR,THE SPRINGFIELD FAIRGROUNDS LLC,Aroostook,0.04054054054,45.4021854,-68.1326625
31077,HAMPDEN NUTRITION,2,6,2024-06-26,2025-05-08,EATING PLACE TIER 1,No,109 MAIN RD SOUTH,HAMPDEN,ME,4444,207-862-2023,REGULAR,"CYR JR, RICHARD",Penobscot,0.1621621622,44.7321675,-68.8415226
31075,LECHA,0,2,2024-07-16,2025-06-02,MUN - EATING PLACE,No,502 STEVENS AVE,PORTLAND,ME,4103,207-939-8300,REGULAR,LECHA CAFE LLC,Cumberland,0.02702702703,43.6757189,-70.2950533
31075,LECHA,0,2,2025-07-11,2026-06-02,MUN - EATING PLACE,No,502 STEVENS AVE,PORTLAND,ME,4103,207-939-8300,REGULAR,LECHA CAFE LLC,Cumberland,0.02702702703,43.6757189,-70.2950533
31075,LECHA,0,0,2023-07-06,2024-06-02,MUN - EATING PLACE,No,502 STEVENS AVE,PORTLAND,ME,4103,207-939-8300,REGULAR,LECHA CAFE LLC,Cumberland,0,43.6757189,-70.2950533
31066,BLISS CATERERS,0,0,2024-10-24,2025-06-15,MUN - CATERING,No,95 DARLING AVE,SOUTH PORTLAND,ME,4096,207-318-9060,REGULAR,"JONES, SUSAN",Cumberland,0,43.6405865,-70.3302466
31063,BRIANS BARBEQUE GRILL,0,0,2025-06-03,2026-05-08,EATING PLACE - MOBILE,No,24 ALEC DR,STANDISH,ME,4084,207-650-5850,REGULAR,BRIANS BARBEQUE GRILL LLC,Cumberland,0,43.7186228,-70.5645327
31062,"CLAY, ALIAH",0,0,2023-05-02,,,No,39 EXCHANGE ST,PORTLAND,ME,4101,207-205-3304,REGULAR,"CLAY, ALIAH",Cumberland,0,43.6572646,-70.2538918
31061,GRATEFUL GARDENS,0,0,2025-07-09,2026-05-09,EATING PLACE - MOBILE,No,81 WEBBER RD,YORK,ME,3909,603-584-2251,REGULAR,GRATEFUL GARDENS LLC,York,0,43.1588698,-70.6287978
31058,ARCHIE'S LOBSTER,0,0,2024-05-16,2024-04-19,EATING PLACE - TAKEOUT,No,90 TREMONT RD,TREMONT,ME,4660,207-266-9225,REGULAR,ARCHIE'S LOBSTER LLC,Hancock,0,44.2518677,-68.3482886
31055,THE CLUCKIN MOO,0,3,2023-05-30,2024-05-15,EATING PLACE - MOBILE,No,103 S SOUTH ST,DOVER-FOXCROFT,ME,4426,207-205-3106,REGULAR,LITTLE SHOP OF  CANDY LLC,Piscataquis,0.04054054054,45.1790591,-69.229723
31053,MERE POINT OYSTER COMPANY LLC,0,1,2023-07-13,,CATERING,No,1087 MERE POINT RD,BRUNSWICK,ME,4011,207-729-3651,REGULAR,MERE POINT OYSTER CO LLC,Cumberland,0.01351351351,43.833211,-70.0146454
31053,MERE POINT OYSTER COMPANY,0,0,2025-07-17,2026-07-12,CATERING,No,179 NEPTUNE DRIVE,BRUNSWICK,ME,4011,207-729-3651,REGULAR,MERE POINT OYSTER CO LLC,Cumberland,0,43.8920732,-69.9226154
31052,THE SCONE GODDESS,0,0,2023-08-29,2024-04-25,EATING PLACE - MOBILE,No,1390 ATLANTIC HWY,NORTHPORT,ME,4849,207-323-0249,NEWOWNER,THE SCONE GODDESS,Waldo,0,44.3875068,-68.9891352
31052,THE SCONE GODDESS ROCKLAND,0,0,2023-08-02,2024-04-25,EATING PLACE - MOBILE,No,MECHANIC ST,ROCKLAND,ME,4841,207-691-3805,REGULAR,TWELVE HERONS LLC,Knox,0,44.0937777,-69.1069839
31050,RUM RUNNERS,0,0,2023-05-04,,,No,102 EDEN ST,BAR HARBOR,ME,4609,207653-8338,REGULAR,RUM RUNNERS LLC,Hancock,0,44.3961963,-68.2264001
31049,GREENVILLE GRINDS COFFEE SHOPPE,0,3,2023-10-20,2024-06-09,EATING PLACE TIER 1,No,3 LAKEVIEW ST,GREENVILLE,ME,4441,207-219-0806,REGULAR,GREENVILLE GRINDS COFFEE SHOPPE LLC,Piscataquis,0.04054054054,45.459017,-69.594039
31044,KNIFE AND PLOW LLC,0,0,2023-05-07,,EATING PLACE - MOBILE STICK BUILT,No,10 SHAPLEIGH RD,KITTERY,ME,3904,603-781-2931,REGULAR,"KNIFE & PLOW, LLC",York,0,43.0903689,-70.735475
31042,PENOBSCOT THEATRE COMPANY  STAGE DOOR,1,5,2025-05-06,2026-06-06,EATING PLACE TIER 2,No,115 MAIN ST,BANGOR,ME,4401,207-942-3333,REGULAR,PENOBSCOT THEATRE COMPANY,Penobscot,0.1081081081,44.799532,-68.7724607
31036,LINCOLN HOTEL (POOL),2,0,2023-07-14,,,No,17 LINCOLN ST,BIDDEFORD,ME,4005,207-815-3977,REGULAR,HOTEL AT 17 LINCOLN LLC,York,0.08108108108,43.4943024,-70.4556645
31026,SWEET PEA'S CAFE PREP KITCHEN,1,1,2025-06-26,2025-05-03,CATERING,No,71 SANDY LN,BAR HARBOR,ME,4609,207-801-9099,REGULAR,SWEET PEAS CAFE INC,Hancock,0.05405405405,44.415445,-68.3291432
31024,QWEENIES VENDING,0,0,2024-08-15,2025-04-28,EATING PLACE - MOBILE,No,1462 AUBURN RD,TURNER,ME,4282,207-520-4787,REGULAR,QUEENIES VENDING LLC,Androscoggin,0,44.2760656,-70.271798
31022,NOVEL,1,1,2025-01-03,2025-11-27,MUN - EATING PLACE,No,643 CONGRESS ST,PORTLAND,ME,4101,207-660-5799,REGULAR,NOVEL LLC,Cumberland,0.05405405405,43.6535075,-70.2651923
31022,NOVEL,0,0,2023-12-27,2024-11-27,MUN - EATING PLACE,No,643 CONGRESS ST,PORTLAND,ME,4101,207-660-5799,REGULAR,NOVEL LLC,Cumberland,0,43.6535075,-70.2651923
31020,"KENDRIX, DESTINY",0,0,2023-04-24,,,No,20 EDWARDS AVE,BIDDEFORD,ME,4005,207-229-6017,REGULAR,"KENDRIX, DESTINY",Cumberland,0,43.4801423,-70.4814218
31019,COBS DOGS STREE FOOD,1,2,2023-06-09,,,No,7 DOGLEG DR,WINDHAM,ME,4062,207-329-0161,REGULAR,"BODLOVICK, JAKE",Cumberland,0.06756756757,43.7341678,-70.3673027
31018,WOOK NOOK,2,7,2024-04-25,2024-09-19,EATING PLACE TIER 3,No,495 MAIN ST,NORWAY,ME,4268,207-739-9531,REGULAR,WOOK NOOK LLC,Oxford,0.1756756757,44.2140715,-70.5461245
31004,LAKESIDE NUTRITION,0,0,2023-06-06,2024-07-17,EATING PLACE - TAKEOUT,No,522 ROOSEVELT TRL,NAPLES,ME,4055,207-215-1432,REGULAR,LAKES ENVIRONMENTAL ASSOCIATION,Oxford,0,43.9674167,-70.5875982
31004,LAKESIDE NUTRITION,0,0,2025-05-19,2025-07-17,EATING PLACE - TAKEOUT,No,522 ROOSEVELT TRL,NAPLES,ME,4055,207-215-1432,REGULAR,LAKES ENVIRONMENTAL ASSOCIATION,Oxford,0,43.9674167,-70.5875982
31003,TERRA FIRMA FOOD TRUCK,2,1,2024-08-02,2025-04-24,EATING PLACE - MOBILE,No,428 E HUSSEY HILL RD,ACTON,ME,4001,603-264-1656,REGULAR,TERRA FIRMA FOOD TRUCK LLC,York,0.09459459459,43.5107804,-70.9516503
31003,TERRA FIRMA FOOD TRUCK,0,0,2023-06-02,2024-04-24,EATING PLACE - MOBILE,No,428 E HUSSEY HILL RD,ACTON,ME,4001,603-264-1656,REGULAR,TERRA FIRMA FOOD TRUCK LLC,York,0,43.5107804,-70.9516503
31003,TERRA FIRMA FOOD TRUCK,0,0,2024-07-12,2025-04-24,EATING PLACE - MOBILE,No,428 E HUSSEY HILL RD,ACTON,ME,4001,603-264-1656,REGULAR,TERRA FIRMA FOOD TRUCK LLC,York,0,43.5107804,-70.9516503
31003,TERRA FIRMA FOOD TRUCK,0,0,2024-08-22,2025-04-24,EATING PLACE - MOBILE,No,428 E HUSSEY HILL RD,ACTON,ME,4001,603-264-1656,REGULAR,TERRA FIRMA FOOD TRUCK LLC,York,0,43.5107804,-70.9516503
31002,MAINE STREET BISTRO,4,2,2025-04-17,2026-05-03,EATING AND CATERING,Yes,148 MAINE ST,BRUNSWICK,ME,4011,207-844-8275,REGULAR,MAINE STREET MARKET LLC,Cumberland,0.1891891892,43.9147107,-69.9652799
31002,MAINE STREET BISTRO,0,1,2025-05-06,2026-05-03,EATING AND CATERING,No,148 MAINE ST,BRUNSWICK,ME,4011,207-844-8275,FOLLOW_UP_FULL,MAINE STREET MARKET LLC,Cumberland,0.01351351351,43.9147107,-69.9652799
31001,ZEEROX BBQ,3,0,2023-08-10,2024-05-17,EATING PLACE - MOBILE,No,219 ANDERSON ST,PORTLAND,ME,4101,207-406-1801,REGULAR,C & B FOODS LLC,Bristol Bay,0.1216216216,43.6701973,-70.2559113
31000,JOLIE ROGERS,0,1,2024-10-11,2025-08-21,EATING AND CATERING,No,8 RAILROAD AVE,WISCASSET,ME,4578,207-752-4659,REGULAR,JOLIE ROGERS LLC,Lincoln,0.01351351351,44.003407,-69.6635696
30999,RED CITY ALE HOUSE,3,5,2023-09-21,2024-05-23,EATING PLACE TIER 3,No,8 MAIN ST,WINDHAM,ME,4062,207-329-6401,REGULAR,JBN3 LLC,Cumberland,0.1891891892,43.735542,-70.4259525
30980,BUBBLE BEE MILK TEA,1,2,2025-07-11,2026-05-01,EATING PLACE - MOBILE,No,ROUTE 1,KITTERY,ME,3904,781-350-0326,REGULAR,EASY KITCHEN ME LLC,York,0.06756756757,43.1061837,-70.7489803
30980,EASY KITCHEN ME,0,2,2023-08-03,2024-05-01,EATING PLACE - MOBILE,No,ROUTE 1,KITTERY,ME,3904,781-350-0326,REGULAR,EASY KITCHEN ME LLC,York,0.02702702703,43.1061837,-70.7489803
30980,BUBBLE BEE MILK TEA,0,0,2024-08-06,2025-05-01,EATING PLACE - MOBILE,No,ROUTE 1,KITTERY,ME,3904,781-350-0326,REGULAR,EASY KITCHEN ME LLC,York,0,43.1061837,-70.7489803
30976,WATERFRONT CONCERTS (NORTHWEST CONCESSIONS),0,1,2023-08-02,2023-07-23,EATING PLACE - TAKEOUT,No,1 RAILROAD ST,BANGOR,ME,4401,207-631-0239,REGULAR,WATERFRONT CONCERTS LLC,Penobscot,0.01351351351,44.7923517,-68.7754961
30974,BROAD ARROW TAVERN,2,4,2023-05-10,2024-04-07,EATING PLACE TIER 3,No,162 MAIN STREET,FREEPORT,ME,4032,207-865-9377,REGULAR,"HARRASEEKET INN, INC.",Bristol Bay,0.1351351351,43.8603623,-70.10085
30974,BROAD ARROW TAVERN,2,1,2023-06-05,2024-04-07,EATING PLACE TIER 3,No,162 MAIN STREET,FREEPORT,ME,4032,207-865-9377,NEWOWNER,"HARRASEEKET INN, INC.",Bristol Bay,0.09459459459,43.8603623,-70.10085
30974,BROAD ARROW TAVERN,0,0,2024-01-12,2024-06-07,EATING PLACE TIER 3,No,162 MAIN STREET,FREEPORT,ME,4032,617-770-3722,FOLLOW_UP_FULL,GIRI HARRASEEKET LLC,Cumberland,0,43.8603623,-70.10085
30972,WATERFRONT CONCERTS MAIN ST CONCESSIONS,2,2,2023-08-02,2023-07-25,EATING PLACE - TAKEOUT,No,1 RAILROAD ST,BANGOR,ME,4401,207-631-0239,REGULAR,WATERFRONT CONCERTS LLC,Penobscot,0.1081081081,44.7923517,-68.7754961
30971,BREALU CAFE,3,5,2024-02-21,2025-01-26,EATING PLACE TIER 3,No,511 MAIN ST,WESTBROOK,ME,4092,207-591-0611,REGULAR,DELUCA LLC,Cumberland,0.1891891892,43.68096,-70.3521239
30969,NATE & OLLIES ROLLED ICE CREAM,1,0,2023-09-22,2024-05-18,EATING PLACE - MOBILE,No,52 VICKERY LN,UNITY,ME,4988,207-380-9266,REGULAR,NATE AND OLLIES ROLLED ICE CREAM,Penobscot,0.04054054054,44.6129756,-69.3352614
30969,NATE & OLLIES ROLLED ICE CREAM,0,1,2024-07-31,2025-05-18,EATING PLACE - MOBILE,No,52 VICKERY LN,UNITY,ME,4988,207-380-9266,REGULAR,NATE AND OLLIES ROLLED ICE CREAM,Penobscot,0.01351351351,44.6129756,-69.3352614
30967,WOLFIES LINKS,0,0,2023-09-30,2024-05-17,EATING PLACE - MOBILE,No,295 MAIN ST,BRIDGTON,ME,4009,917-842-2465,REGULAR,WOLFIES LINKS LLC,Cumberland,0,44.0537491,-70.7002106
30967,WOLFIES LINKS,0,0,2025-07-26,2026-05-17,EATING PLACE - MOBILE,No,295 MAIN ST,BRIDGTON,ME,4009,917-842-2465,REGULAR,WOLFIES LINKS LLC,Cumberland,0,44.0537491,-70.7002106
30964,CRISPY GAI,1,0,2023-07-05,2024-04-07,EATING PLACE - MOBILE,No,90 EXCHANGE ST,PORTLAND,ME,4101,413-636-9688,REGULAR,CRISPY GAI LLC,Cumberland,0.04054054054,43.6580535,-70.2555048
30964,CRISPY GAI,0,1,2024-07-04,2024-07-20,EATING PLACE - MOBILE,No,90 EXCHANGE ST,PORTLAND,ME,4101,207-239-0045,REGULAR,CRISPY GAI LLC,Cumberland,0.01351351351,43.6580535,-70.2555048
30964,CRISPY GAI,0,0,2024-07-11,2024-07-20,EATING PLACE - MOBILE,No,90 EXCHANGE ST,PORTLAND,ME,4101,207-239-0045,REGULAR,CRISPY GAI LLC,Cumberland,0,43.6580535,-70.2555048
30964,CRISPY GAI,0,0,2025-07-17,2026-04-07,EATING PLACE - MOBILE,No,90 EXCHANGE ST,PORTLAND,ME,4101,207-239-0045,REGULAR,CRISPY GAI LLC,Cumberland,0,43.6580535,-70.2555048
30963,THE UGLY DUMPLING,0,0,2023-08-02,2024-04-27,EATING PLACE - MOBILE,No,18 BROOKSIDE AVE,LIVERMORE FALLS,ME,4254,20-747-7302,REGULAR,THE UGLY DUMPLING LLC,Androscoggin,0,44.4630451,-70.1695699
30961,BLACK SALT,0,0,2025-05-07,2026-04-24,EATING PLACE - MOBILE,No,95 DARLING AVE,SOUTH PORTLAND,ME,4106,207-406-3080,REGULAR,BLACK SALT LLC,Cumberland,0,43.6405865,-70.3302466
30959,HOWLING HUNGER,0,0,2023-08-28,2024-05-08,EATING PLACE - MOBILE,No,345 H ROAD,ACTON,ME,4076,802-359-2139,REGULAR,"RILEY, TIFFANY",York,0,43.541156,-70.912021
30958,JAVA JOINT,0,0,2023-08-04,2024-05-18,EATING PLACE TIER 1,No,1363 MAIN ST,HARRINGTON,ME,4643,401-338-4951,REGULAR,"SPAULDING, MYRON",Washington,0,44.622271,-67.8174112
30957,ADDY'S,0,1,2023-05-17,2024-04-18,EATING PLACE - MOBILE,No,22 WEBSTER ST,SPRINGVALE,ME,4083,207-608-9094,REGULAR,ADDY'S LLC,York,0.01351351351,43.4682775,-70.789836
30955,THE DOGHAUS,2,2,2023-07-14,,EATING PLACE - MOBILE,No,877 NORWAY RD,WATERFORD,ME,4088,804-307-1434,REGULAR,"LUTWIN, ANDREW",Oxford,0.1081081081,44.2219043,-70.6939966
30954,SALSA SHACK,1,2,2024-09-20,2025-05-04,EATING PLACE - MOBILE,No,16 SCHOOL HOUSE RD,ORLAND,ME,4472,207-691-0531,REGULAR,LAFORGE CATERING AND CONCESSIONS LLC,Hancock,0.06756756757,44.5698145,-68.7376731
30954,SALSA SHACK,0,1,2023-09-22,2024-05-04,EATING PLACE - MOBILE,No,16 SCHOOL HOUSE RD,ORLAND,ME,4472,207-691-0531,REGULAR,LAFORGE CATERING AND CONCESSIONS LLC,Hancock,0.01351351351,44.5698145,-68.7376731
30954,SALSA SHACK,0,0,2023-05-04,,EATING PLACE - MOBILE,No,16 SCHOOL HOUSE RD,ORLAND,ME,4472,207-691-0531,REGULAR,LAFORGE CATERING AND CONCESSIONS LLC,Hancock,0,44.5698145,-68.7376731
30951,WICKED THAI FOOD,0,0,2023-06-06,2024-05-11,EATING PLACE - MOBILE,No,4 Country Club Road,Manchester,ME,4351,207-321-1298,REGULAR,WICKED THAI FOOD LLC,Franklin,0,44.3254602,-69.8746892
30945,WOODSONG MARKET,2,4,2023-08-16,2024-04-11,EATING PLACE TIER 1,No,23 TOWNSEND AVE,BOOTHBAY HARBOR,ME,4538,207-315-6214,REGULAR,MIRABILE FAMILY LLC,Lincoln,0.1351351351,43.852076,-69.6274019
30942,BUCK AND EDDIES,1,0,2025-02-11,2025-04-05,EATING PLACE - TAKEOUT,No,7 KATAHDIN ST,PATTEN,ME,4765,207-267-1452,REGULAR,"RUSH, BEN",Aroostook,0.04054054054,45.9967473,-68.4480919
30936,NEW ENGLAND IRON POLLO,0,0,2023-10-07,2024-07-21,EATING PLACE - MOBILE,No,142 HUSSON AVE,BANGOR,ME,4401,347-239-3250,REGULAR,NEW ENGLAND IRON POLLO LLC,Penobscot,0,44.8254708,-68.7883173
30936,NEW ENGLAND IRON POLLO,0,0,2024-07-26,2025-07-21,EATING PLACE - MOBILE,No,18 EVERETT ST,BANGOR,ME,4401,347-239-3250,REGULAR,NEW ENGLAND IRON POLLO LLC,Penobscot,0,44.8046279,-68.7794589
30933,SOOK,2,3,2024-07-04,2025-04-21,EATING PLACE - MOBILE,No,246 STROUDWATER ST,WESTBROOK,ME,4092,207-507-8258,REGULAR,SOOK LLC,Cumberland,0.1216216216,43.6723994,-70.35004
30932,WILMER D COFFEE,0,0,2025-07-08,2026-06-12,CATERING,No,244 HARTLAND RD,CANAAN,ME,4924,615-848-5496,REGULAR,WILMER D COFFE CO,Somerset,0,44.7820192,-69.5527691
30931,A DIFFERENT POINT OF BREW COFFEE & TEA,5,6,2023-08-15,2024-04-21,EATING PLACE - MOBILE,Yes,1 BIG ROCK BLVD,MARS HILL,ME,4758,405-693-8900,REGULAR,A DIFFERENT PINT OF BREW COFFEE & TEA CO,Aroostook,0.2837837838,46.521376,-67.8290782
30930,POLAND PROVISIONS,1,3,2024-10-08,2025-08-29,EATING PLACE TIER 2,No,1220 MAINE ST,POLAND,ME,4274,207-402-7123,REGULAR,POLAND PROVISIONS LLC,Androscoggin,0.08108108108,44.0621348,-70.3949818
30925,GRINDSTONE BBQ,1,0,2023-07-13,2024-03-27,EATING PLACE - MOBILE,No,5 GRINDSTONE RD,MEDWAY,ME,4460,207-447-0513,NEWOWNER,SIMON. LIBBY,Penobscot,0.04054054054,45.6135649,-68.5332112
30925,GRINDSTONE ICE CREAM,1,0,2025-07-03,2025-07-18,EATING PLACE - MOBILE,No,5 GRINDSTONE RD,MEDWAY,ME,4460,207-746-8144,NEWOWNER,"HAYES, DAVE F & HIGHTOWER, KYRIE",Penobscot,0.04054054054,45.6135649,-68.5332112
30921,CA C'EST BON FOOD TRUCK,0,2,2024-07-26,2025-04-07,EATING PLACE - MOBILE,No,446 MAIN ST,ORONO,ME,4473,207-270-3954,REGULAR,CA CEST BON LLC,Penobscot,0.02702702703,44.8543639,-68.6940012
30921,CA C'EST BON FOOD TRUCK,0,0,2023-09-22,2024-04-07,EATING PLACE - MOBILE,No,446 MAIN ST,ORONO,ME,4473,207-270-3954,REGULAR,CA CEST BON LLC,Penobscot,0,44.8543639,-68.6940012
30920,MARINERS CHURCH,0,2,2024-12-20,2025-03-13,MUN - CATERING,No,366 FORE ST,PORTLAND,ME,4103,207-221-5900,REGULAR,PORTLAND REGENCY INC,Cumberland,0.02702702703,43.6565578,-70.2527061
30920,MARINERS CHURCH,0,0,2023-11-14,2024-03-13,MUN - CATERING,No,366 FORE ST,PORTLAND,ME,4103,207-221-5900,REGULAR,PORTLAND REGENCY INC,Cumberland,0,43.6565578,-70.2527061
30919,ECOLOGY LEARNING CENTER,2,2,2024-05-21,2024-09-27,EATING - SCHOOL SATELLITE,No,230 MAIN ST,UNITY,ME,4988,207-948-3520,REGULAR,ECOLOGY LEARNING CENTER,Penobscot,0.1081081081,44.6145714,-69.3313571
30919,ECOLOGY LEARNING CENTER,0,2,2025-03-13,2025-09-27,EATING - SCHOOL SATELLITE,No,230 MAIN ST,UNITY,ME,4988,207-948-3520,REGULAR,PUBLIC CHARTER SCHOOL,Penobscot,0.02702702703,44.6145714,-69.3313571
30919,ECOLOGY LEARNING CENTER,0,1,2023-05-18,,EATING - SCHOOL SATELLITE,No,230 MAIN ST,UNITY,ME,4988,207-948-3520,REGULAR,ECOLOGY LEARNING CENTER,Penobscot,0.01351351351,44.6145714,-69.3313571
30912,ROMERO'S,0,0,2025-06-18,2026-05-10,EATING PLACE - MOBILE,No,27 BETHEL RD,WEST PARIS,ME,4289,239-571-8299,REGULAR,ROMERO'S LLC,Oxford,0,44.2934164,-70.533007
30906,SWEETZ & MORE,1,0,2025-02-18,2025-03-30,EATING PLACE TIER 1,No,298 BATH RD,WISCASSET,ME,4598,207-687-8226,REGULAR,SWEETZ LLC,Lincoln,0.04054054054,43.9932145,-69.6868762
30905,CHEESE THE DAY COMMISARY,0,0,2024-02-07,2024-05-22,COMMISSARY,No,176 GRAY RD,CUMBERLAND,ME,4021,573-823-6543,REGULAR,CHEESE THE DAY LLC,Cumberland,0,43.8146341,-70.3139864
30900,MINI MELTS #2,0,1,2023-08-03,2024-05-26,EATING PLACE - MOBILE,No,791 LEDGE HILL RD,CORINTH,ME,4427,207-991-3687,REGULAR,JIMMY DEES LLC,Penobscot,0.01351351351,44.9422058,-69.0107728
30900,MINI MELTS #2,0,0,2024-07-27,2025-05-26,EATING PLACE - MOBILE,No,791 LEDGE HILL RD,CORINTH,ME,4427,207-991-3687,REGULAR,JIMMY DEES LLC,Penobscot,0,44.9422058,-69.0107728
30900,MINI MELTS #2,0,0,2025-07-24,2026-05-26,EATING PLACE - MOBILE,No,791 LEDGE HILL RD,CORINTH,ME,4427,207-991-3687,REGULAR,JIMMY DEES LLC,Penobscot,0,44.9422058,-69.0107728
30899,MINI MELTS,0,0,2023-08-03,2024-05-26,EATING PLACE - MOBILE,No,791 LEDGE HILL RD,CORINTH,ME,4427,207-991-3687,REGULAR,JIMMY DEES LLC,Penobscot,0,44.9422058,-69.0107728
30899,MINI MELTS,0,0,2024-07-27,2025-05-26,EATING PLACE - MOBILE,No,791 LEDGE HILL RD,CORINTH,ME,4427,207-991-3687,REGULAR,JIMMY DEES LLC,Penobscot,0,44.9422058,-69.0107728
30899,MINI MELTS,0,0,2025-07-24,2026-05-26,EATING PLACE - MOBILE,No,791 LEDGE HILL RD,CORINTH,ME,4427,207-991-3687,REGULAR,JIMMY DEES LLC,Penobscot,0,44.9422058,-69.0107728
30895,ROCKPORT HARBOR HOTEL,2,6,2024-02-14,2024-02-19,EATING AND LODGING,No,20 CENTRAL ST,ROCKPORT,ME,4856,207-230-7211,REGULAR,ROCKPORT HARBOR HOTEL LLC,Knox,0.1621621622,44.1875575,-69.0724109
30895,ROCKPORT HARBOR HOTEL,0,1,2024-02-14,2024-02-19,EATING AND LODGING,No,20 CENTRAL ST,ROCKPORT,ME,4856,207-230-7211,REGULAR,ROCKPORT HARBOR HOTEL LLC,Knox,0.01351351351,44.1875575,-69.0724109
30889,THE VILLAGE KITCHEN,0,3,2023-04-12,2023-04-15,EATING PLACE - TAKEOUT,No,2531 ROUTE 2,HERMON,ME,4401,207-356-1321,REGULAR,THE VILLAGE KITCHEN,Penobscot,0.04054054054,44.810246,-68.913087
30888,THE BREAKFAST JOINT,0,2,2024-08-30,2025-03-30,EATING PLACE - MOBILE,No,435 MAINE ST,POLAND,ME,4274,781-733-4235,REGULAR,THE BREAKFAST JOINT LLC,Androscoggin,0.02702702703,44.0723478,-70.4125428
30886,"GOODE, SUSAN",0,0,2023-03-13,,,No,854 BROADWAY,SOUTH PORTLAND,ME,4074,207-653-7175,REGULAR,"GOODE, SUSAN",Cumberland,0,43.6314091,-70.2662409
30857,YOLKED,1,0,2023-10-19,2024-09-19,EATING PLACE TIER 3,No,868 ROOSEVELT TRL,WINDHAM,ME,4062,207-749-4097,REGULAR,YOLKED LLC,Cumberland,0.04054054054,43.8448002,-70.447424
30856,XTREME NUTRITION,0,4,2023-03-30,2024-03-02,EATING PLACE - TAKEOUT,No,422 MAIN ST,CORINTH,ME,4427,207-951-6800,REGULAR,XTREME NUTRITION LLC,Penobscot,0.05405405405,44.996457,-69.020003
30855,2 AM PIZZA,1,0,2023-08-02,2024-02-24,EATING PLACE - MOBILE,No,363 PLEASANT VIEW RIDGE RD,CHINA,ME,4358,207-649-0990,REGULAR,"ALLEN, MATT",Kennebec,0.04054054054,44.4700255,-69.4859284
30855,2 AM PIZZA,0,1,2024-07-31,2025-02-24,EATING PLACE - MOBILE,No,363 PLEASANT VIEW RIDGE RD,CHINA,ME,4358,207-649-0990,REGULAR,"ALLEN, MATT",Kennebec,0.01351351351,44.4700255,-69.4859284
30853,BITE INTO MAINE,1,1,2024-09-11,2025-06-16,MUN - EATING PLACE,No,31 DIAMOND ST,PORTLAND,ME,4101,207-289-6142,REGULAR,BITE INTO MAINE INC,Cumberland,0.05405405405,43.6667517,-70.2570857
30853,BITE INTO MAINE,0,0,2023-08-18,2024-06-16,MUN - EATING PLACE,No,31 DIAMOND ST,PORTLAND,ME,4101,207-269-6142,REGULAR,BITE INTO MAINE INC,Cumberland,0,43.6667517,-70.2570857
30852,CONTINENTAL,1,2,2024-11-20,2025-07-24,MUN - EATING PLACE,No,170 BRIGHTON AVE,PORTLAND,ME,4101,617-276-5832,REGULAR,SBS WORLDWIDE,Cumberland,0.06756756757,43.6630619,-70.2843564
30852,CONTINENTAL,1,0,2023-10-11,2024-07-24,MUN - EATING PLACE,No,170 BRIGHTON AVE,PORTLAND,ME,4101,617-276-5832,REGULAR,SBS WORLDWIDE,Cumberland,0.04054054054,43.6630619,-70.2843564
30850,"GREEN, RAYVEN M",1,0,2023-02-21,,,No,112 MAIN ST,ELLSWORTH,ME,4605,207-505-2368,REGULAR,"GREEN, RAYVEN M",Hancock,0.04054054054,44.5417337,-68.4240541
30838,CUPPA JO'S,1,2,2025-04-29,2026-03-29,EATING PLACE TIER 1,No,305 US RTE 1,YARMOUTH,ME,4096,207-751-0151,REGULAR,"MILLER, JO",Cumberland,0.06756756757,43.79212,-70.1882687
30836,LUCILLE'S HOMEMADE DONUTS / STEVEN'S LUNCH BUS,4,14,2023-06-12,2024-02-16,EATING PLACE - MOBILE,Yes,54 BOARDMAN RD,MADISON,ME,4950,207-614-4958,REGULAR,"CORSON, STEVEN G",Somerset,0.3513513514,44.8949051,-69.7869947
30836,LUCILLE'S HOMEMADE DONUTS / STEVEN'S LUNCH BOX,2,2,2023-02-22,2024-02-16,EATING PLACE - MOBILE,No,54 BOARDMAN RD,MADISON,ME,4950,207-614-4958,REGULAR,"CORSON, STEVEN G",Somerset,0.1081081081,44.8949051,-69.7869947
30835,404 ELM OTTO LLC,2,0,2023-05-08,2024-03-03,EATING AND CATERING,No,404 ELM ST,BIDDEFORD,ME,4005,207-749-2874,REGULAR,"404 ELM OTTO, LLC",York,0.08108108108,43.4825067,-70.4722277
30835,404 ELM OTTO LLC,2,0,2025-04-15,2026-03-03,EATING AND CATERING,No,404 ELM ST,BIDDEFORD,ME,4005,207-749-2874,REGULAR,"404 ELM OTTO, LLC",York,0.08108108108,43.4825067,-70.4722277
30830,"SWANSON, VERONICA",0,0,2023-02-21,,,No,594 CONGRESS ST,PORTLAND,ME,4101,815-303-5173,REGULAR,"SWANSON, VERONICA",Cumberland,0,43.6542312,-70.2626695
30827,"THOMAS, JORDYN",0,0,2023-02-13,,,No,321 ELM ST,BIDDEFORD,ME,4005,207-459-4672,REGULAR,"THOMAS, JORDYN",York,0,43.4868708,-70.4665751
30822,OYSTHERS RAW BAR & BUBBLY,3,3,2024-08-27,2025-06-02,EATING PLACE TIER 2,No,97 COMMERCIAL ST,BATH,ME,4530,207-522-3950,REGULAR,OYSTHERS RAW BAR & BUBBLY LLC,Sagadahoc,0.1621621622,43.9148603,-69.8131835
30821,HARBOR MARKET,1,1,2023-07-25,2023-07-21,EATING PLACE TIER 1,No,335 MAIN ST,WINTER HARBOR,ME,4693,646-382-1074,REGULAR,"HARBOR MARKET, LLC",Hancock,0.05405405405,44.3923032,-68.08727
30820,"WOLFRAM, SKY",0,0,2023-01-25,,,No,1200 BROADWAY,SOUTH PORTLAND,ME,4106,510-219-2058,REGULAR,"WOLFRAM, SKY",Cumberland,0,43.6284864,-70.281674
30819,JERSEY MIKES SUBS - TOPSHAM FAIR MALL,2,1,2024-05-10,2025-01-27,EATING PLACE TIER 2,No,51 TOPSHAM FAIR MALL RD,TOPSHAM,ME,4086,207-481-7307,REGULAR,JM BEDFORD LLC,Sagadahoc,0.09459459459,43.9377315,-69.9791029
30818,"GRAY, TIFFANY",0,1,2023-02-02,,,No,584 HAMMOND ST,BANGOR,ME,4401,,REGULAR,"GRAY, TIFFANY",Penobscot,0.01351351351,44.7995401,-68.7917817
30817,"DANA, SIENNA",0,0,2023-02-02,,,No,584 HAMMOND ST,BANGOR,ME,4401,207-8570-6893,REGULAR,"DANA, SIERRA",Penobscot,0,44.7995401,-68.7917817
30810,VAGABOND COFFEE,0,3,2024-07-25,2025-01-19,EATING PLACE - MOBILE,No,8 CHESTNUT ST,FALMOUTH,ME,4105,207-295-6982,REGULAR,VAGABOND COFFEE LLC,Cumberland,0.04054054054,43.7354216,-70.2038154
30810,VAGABOND COFFEE,1,0,2023-07-06,2024-01-19,EATING PLACE - MOBILE,No,8 CHESTNUT ST,FALMOUTH,ME,4105,207-295-6982,REGULAR,VAGABOND COFFEE LLC,Cumberland,0.04054054054,43.7354216,-70.2038154
30810,VAGABOND COFFEE,0,1,2023-08-19,2024-01-19,EATING PLACE - MOBILE,No,8 CHESTNUT ST,FALMOUTH,ME,4105,207-295-6982,REGULAR,VAGABOND COFFEE LLC,Cumberland,0.01351351351,43.7354216,-70.2038154
30810,VAGABOND COFFEE,0,0,2023-07-13,2024-01-19,EATING PLACE - MOBILE,No,8 CHESTNUT ST,FALMOUTH,ME,4105,207-295-6982,FOLLOW_UP_FULL,VAGABOND COFFEE LLC,Cumberland,0,43.7354216,-70.2038154
30804,ACES HOT SPOT,0,0,2022-12-30,2024-01-03,EATING PLACE - MOBILE,No,12 SHADY LANE,STRONG,ME,4983,217-20-5521,REGULAR,ACESHOTSPOT LLC,Franklin,0,44.8120732,-70.2137905
30798,MAINE ARTS ACADEMY,2,3,2025-01-06,2025-09-27,EATING - SCHOOL,No,310 CONY RD,AUGUSTA,ME,4330,207-618-8908,REGULAR,MAINE ARTS ACADEMY,Kennebec,0.1216216216,44.2974477,-69.7463479
30798,MAINE ARTS ACADEMY,0,0,2023-10-20,2024-09-27,EATING - SCHOOL,No,310 CONY RD,AUGUSTA,ME,4330,207-618-8908,FOLLOW_UP_FULL,MAINE ARTS ACADEMY,Kennebec,0,44.2974477,-69.7463479
30798,MAINE ARTS ACADEMY,1,10,2023-09-15,2023-09-27,EATING - SCHOOL CATERING,No,310 CONY RD,AUGUSTA,ME,4330,207-618-8908,REGULAR,MAINE ARTS ACADEMY,Kennebec,0.1756756757,44.2974477,-69.7463479
30797,BUBBA FRYES,0,0,2024-08-01,2025-03-22,EATING PLACE - MOBILE,No,40 HALL RD,BERWICK,ME,3905,207-251-5235,REGULAR,K ALECKO INC,York,0,43.3175055,-70.8151528
30783,CAWI,0,0,2024-03-20,2024-12-07,CATERING,No,1026 MIDDLE RD,WATERBORO,ME,4081,207-651-1073,REGULAR,"WOODSOME, CORY",York,0,43.6002326,-70.7626572
30774,RUSKA COFFEE CO,2,6,2025-03-03,2026-02-13,EATING AND CATERING,No,98 SWEDEN ST,CARIBOU,ME,4736,207-493-1616,REGULAR,"LOVEWELL, LANCE & TAMARA",Aroostook,0.1621621622,46.8598193,-68.016846
30774,RUSKA COFFEE CO,0,9,2023-05-23,2024-02-13,EATING AND CATERING,No,98 SWEDEN ST,CARIBOU,ME,4736,207-493-1616,REGULAR,"LOVEWELL, LANCE & TAMARA",Aroostook,0.1216216216,46.8598193,-68.016846
30772,LB KITCHEN,2,2,2023-03-28,2024-01-12,MUN - EATING PLACE,No,255 CONGRESS ST,PORTLAND,ME,4101,207-775-2695,REGULAR,LB KITHCEN LLC,Cumberland,0.1081081081,43.6625513,-70.2521734
30772,LB KITCHEN,1,2,2023-11-29,2025-01-12,MUN - EATING PLACE,No,255 CONGRESS ST,PORTLAND,ME,4101,207-775-2695,REGULAR,LB KITHCEN LLC,Cumberland,0.06756756757,43.6625513,-70.2521734
30769,PELLETIER ENTERPRISES,3,9,2023-07-07,2024-01-13,EATING PLACE TIER 3,No,60 ACCESS HIGHWAY,CARIBOU,ME,4736,207-498-8332,REGULAR,"PELLETIER, SHAWN",Aroostook,0.2432432432,46.8737718,-67.9942346
30768,TOWNE PLACE SUITES BY MARRIOT,0,0,2024-03-19,2024-09-19,MUN - EATING AND LODGING,No,70 MAINE MALL RD,SOUTH PORTLAND,ME,4106,207-371-0070,REGULAR,NEW GEN OPERATIONS LLC,Cumberland,0,43.6427974,-70.3324824
30768,TOWNE PLACE SUITES BY MARRIOT,0,0,2024-03-19,2024-09-19,MUN - EATING AND LODGING,No,70 MAINE MALL RD,SOUTH PORTLAND,ME,4106,207-371-0070,REGULAR,NEW GEN OPERATIONS LLC,Cumberland,0,43.6427974,-70.3324824
30763,Munchies,1,2,2022-11-23,2023-06-21,EATING PLACE - MOBILE,No,32 RIVERSIDE DR,AUBURN,ME,4210,207-754-5417,NEWOWNER,,Androscoggin,0.06756756757,44.0876805,-70.2202934
30760,AROMA JOES COFFEE,1,2,2023-02-01,2024-02-01,EATING PLACE TIER 1,No,12 LAKES PLAZA DR,NAPLES,ME,4055,207-878-1595,REGULAR,GCS ENTERPRISES LLC,Bristol Bay,0.06756756757,43.967947,-70.5831183
30760,AROMA JOES COFFEE,1,2,2025-03-05,2023-02-01,EATING PLACE TIER 1,No,12 LAKES PLAZA DR,NAPLES,ME,4055,207-878-1595,REGULAR,GCS ENTERPRISES LLC,Oxford,0.06756756757,43.967947,-70.5831183
30758,LIN'S KTICHEN,1,5,2023-03-10,2023-02-28,EATING PLACE - TAKEOUT,No,156 PARK ST,ORONO,ME,4473,207-951-2733,REGULAR,"LIN, XING ZHEN",Knox,0.1081081081,44.8957805,-68.6585478
30752,THECORNHOLE CONNECTIONS,0,0,2022-11-29,,EATING PLACE - TAKEOUT,No,1607 ATLANTIC HWY,WALDOBORO,ME,4572,207-790-8033,REGULAR,THE CORNHOLE CONNECTIONS LLC,Oxford,0,44.102036,-69.3785456
30751,HOMETOWN ENERGY AND NUTRITION,0,2,2024-04-24,2024-11-28,EATING PLACE - TAKEOUT,No,70 LAGRANGE RD,HOWLAND,ME,4448,207-403-4265,REGULAR,HOMETOWN ENERGY AND NUTRITION LLC,Penobscot,0.02702702703,45.2364726,-68.6731993
30750,OLD POST CAFE,3,4,2023-03-21,2023-11-10,EATING PLACE TIER 2,No,101 MAIN ST,ASHLAND,ME,4732,207-435-2902,REGULAR,"O'CLAIR, KAY",Aroostook,0.1756756757,46.6277169,-68.4026027
30750,NORTHWOODS DINER,0,1,2025-04-30,2026-02-06,EATING PLACE TIER 2,No,101 MAIN ST,ASHLAND,ME,4732,207-435-2902,NEWOWNER,Courtney J. Levesque,Aroostook,0.01351351351,46.6277169,-68.4026027
30744,BURANO'S WOOD FIRED PIZZERIA,1,2,2023-05-03,2023-11-17,EATING PLACE TIER 3,No,246 US ROUTE 1,SCARBOROUGH,ME,4074,207-751-7231,REGULAR,BRUNO'S WOOD FIRED PIZZERIA LLC,Cumberland,0.06756756757,43.5555407,-70.4036774
30744,BURANO'S WOOD FIRED PIZZERIA,1,0,2025-04-29,2025-11-17,EATING PLACE TIER 3,No,246 US ROUTE 1,SCARBOROUGH,ME,4074,207-751-7231,REGULAR,BRUNO'S WOOD FIRED PIZZERIA LLC,Cumberland,0.04054054054,43.5555407,-70.4036774
30740,BIG DADDY'S HOTBOX,0,1,2023-01-16,,EATING PLACE - MOBILE,No,226 KENDALL CORNER RD,WALDO,ME,4915,860-449-4546,REGULAR,"CONTINO, ISSAC",Hancock,0.01351351351,44.4454894,-69.098408
30737,MAINE FILM CENTER,0,0,2023-01-17,2023-12-09,EATING PLACE - TAKEOUT,No,93 MAIN ST,WATERVILLE,ME,4901,207-873-7000,REGULAR,WATERVILLE CREATE,Kennebec,0,44.5498745,-69.62965
30734,"CORREALE, ELIZABETH",0,0,2022-11-03,,,No,364 MAINE MALL RD,SOUTH PORTLAND,ME,4106,207-745-3010,REGULAR,"CORRREALE, ELIZABETH",Cumberland,0,43.6341705,-70.3365511
30727,"DREW, ALLISON",0,0,2022-11-04,,,No,16 ELMWOOD AVE,WESTBROOK,ME,4092,207-332-2248,REGULAR,"DREW, ALLISON",Cumberland,0,43.7156003,-70.3350706
30721,SWEET THAI,1,0,2025-05-20,2026-04-10,EATING PLACE TIER 2,No,18 ELM ST,GORHAM,ME,4038,207-222-0165,REGULAR,SWEET THAI LLC,Cumberland,0.04054054054,43.6795214,-70.4394373
30721,SWEET THAI,0,0,2025-04-10,2026-04-10,EATING PLACE TIER 2,No,18 ELM ST,GORHAM,ME,4038,207-222-0165,REGULAR,SWEET THAI LLC,Cumberland,0,43.6795214,-70.4394373
30720,TACO BELL,1,0,2024-09-27,2025-10-31,EATING PLACE TIER 2,No,4 MOOSEHEAD TRL,NEWPORT,ME,4953,423-254-5400,REGULAR,CHARTER FOODS NORTH LLC,Sagadahoc,0.04054054054,44.8417684,-69.280857
30719,PAPI PORTLAND,3,1,2025-01-14,2025-02-09,MUN - EATING PLACE,No,18 EXCHANGE ST,PORTLAND,ME,4101,207-318-7815,REGULAR,EIGHTEEN EXCHANGE LLC,Cumberland,0.1351351351,43.6566731,-70.253682
30719,PAPI PORTLAND,0,1,2023-11-08,2024-02-09,MUN - EATING PLACE,No,18 EXCHANGE ST,PORTLAND,ME,4101,207-318-7815,REGULAR,EIGHTEEN EXCHANGE LLC,Cumberland,0.01351351351,43.6566731,-70.253682
30717,KIS  CAFE,1,1,2023-08-03,2023-11-10,EATING PLACE - MOBILE,No,76 DAVENPORT ST,MILFORD,ME,4411,207-951-6093,REGULAR,KIS CAFE LLC,Penobscot,0.05405405405,44.9449801,-68.6458146
30715,TASTE OF HOME RESTAURANT,5,6,2023-05-31,2023-11-07,EATING PLACE TIER 1,Yes,1701 MAIN ST,MAPLETON,ME,4757,207-551-4003,REGULAR,"RODD, LINDA LEE",Androscoggin,0.2837837838,46.681709,-68.1643351
30715,TASTE OF HOME RESTAURANT,0,2,2023-08-24,2023-11-07,EATING PLACE TIER 1,No,1701 MAIN ST,MAPLETON,ME,4757,207-551-4003,FOLLOW_UP_FULL,"RODD, LINDA LEE",Androscoggin,0.02702702703,46.681709,-68.1643351
30706,NEST CAFE,2,10,2023-03-17,2023-01-02,EATING PLACE TIER 2,No,25 STATE ST,BANGOR,ME,4401,207*573-1128,REGULAR,"NEST CAFE, LLC",Penobscot,0.2162162162,44.8021231,-68.7694412
30706,NEST CAFE,2,3,2023-05-17,2023-05-02,EATING PLACE TIER 2,No,25 STATE ST,BANGOR,ME,4401,207*573-1128,FOLLOW_UP_FULL,"NEST CAFE, LLC",Penobscot,0.1216216216,44.8021231,-68.7694412
30704,TWIN SWIRLS,0,2,2025-06-17,2025-10-19,MUN - EATING PLACE TAKEOUT,No,865 BRIGHTON AVE,PORTLAND,ME,4101,207-671-0636,REGULAR,TWIN SWIRLS LLC,Cumberland,0.02702702703,43.6732359,-70.3138057
30704,TWIN SWIRLS,0,0,2023-01-19,2023-10-19,MUN - EATING PLACE TAKEOUT,No,865 BRIGHTON AVE,PORTLAND,ME,4101,207-671-0636,REGULAR,TWIN SWIRLS LLC,Cumberland,0,43.6732359,-70.3138057
30704,TWIN SWIRLS,0,0,2024-06-26,2024-10-19,MUN - EATING PLACE TAKEOUT,No,865 BRIGHTON AVE,PORTLAND,ME,4101,207-671-0636,REGULAR,TWIN SWIRLS LLC,Cumberland,0,43.6732359,-70.3138057
30698,FATBOYS CONCESSION - POPCORN/COTTON CANDY,1,1,2022-10-03,2022-10-30,EATING PLACE - MOBILE,No,24 VAN VEEN DR,LEBANON,ME,4027,207-459-6269,REGULAR,"HOLTBY, STEPHEN & SHERRIE",York,0.05405405405,43.4140419,-70.8736351
30698,FATBOYS CONCESSION - POPCORN/COTTON CANDY,0,1,2023-10-03,2023-10-30,EATING PLACE - MOBILE,No,24 VAN VEEN DR,LEBANON,ME,4027,207-459-6269,REGULAR,"HOLTBY, STEPHEN & SHERRIE",York,0.01351351351,43.4140419,-70.8736351
30694,M & M ICE CREAM,0,1,2022-10-21,2023-10-31,EATING PLACE - MOBILE,No,845 WATERVILLE RD,SKOWHEGAN,ME,4976,207-399-6532,REGULAR,"PELLETIER, MICHAEL",Somerset,0.01351351351,44.7352997,-69.6520742
30694,M & M ICE CREAM,0,1,2025-07-03,2025-10-31,EATING PLACE - MOBILE,No,845 WATERVILLE RD,SKOWHEGAN,ME,4976,207-399-6532,REGULAR,"PELLETIER, MICHAEL",Somerset,0.01351351351,44.7352997,-69.6520742
30694,M & M ICE CREAM,0,0,2023-08-02,2023-10-31,EATING PLACE - MOBILE,No,845 WATERVILLE RD,SKOWHEGAN,ME,4976,207-399-6532,REGULAR,"PELLETIER, MICHAEL",Somerset,0,44.7352997,-69.6520742
30694,M & M ICE CREAM,0,0,2024-07-15,2024-10-31,EATING PLACE - MOBILE,No,845 WATERVILLE RD,SKOWHEGAN,ME,4976,207-399-6532,REGULAR,"PELLETIER, MICHAEL",Somerset,0,44.7352997,-69.6520742
30694,M & M ICE CREAM,0,0,2024-07-31,2024-10-31,EATING PLACE - MOBILE,No,845 WATERVILLE RD,SKOWHEGAN,ME,4976,207-399-6532,REGULAR,"PELLETIER, MICHAEL",Somerset,0,44.7352997,-69.6520742
30689,LUCKY CAT COFFEE,2,1,2024-09-29,2024-10-12,EATING PLACE - MOBILE,No,41 AVON ST,LEWISTON,ME,4240,207-745-3926,REGULAR,LUCKY CAT COFFEE LLC,Androscoggin,0.09459459459,44.1052832,-70.2199499
30689,LUCKY CAT COFFEE,2,0,2024-07-12,2024-10-12,EATING PLACE - MOBILE,No,41 AVON ST,LEWISTON,ME,4240,207-745-3926,REGULAR,LUCKY CAT COFFEE LLC,Androscoggin,0.08108108108,44.1052832,-70.2199499
30689,LUCKY CAT COFFEE,1,1,2025-07-11,2025-10-12,EATING PLACE - MOBILE,No,41 AVON ST,LEWISTON,ME,4240,207-745-3926,REGULAR,LUCKY CAT COFFEE LLC,Androscoggin,0.05405405405,44.1052832,-70.2199499
30688,BOONDOCKS FARM BACKWOODS AFFAIR,0,1,2025-03-11,2025-11-07,CATERING,No,1 SHELAKIS DR,CANTON,ME,4221,207-418-8444,REGULAR,BOONDOCKS FARM BACKWOODS AFFAIR LLC,Oxford,0.01351351351,44.4817111,-70.3246654
30669,MODEL T COFFEE COMPANY,0,0,2022-09-26,2023-09-20,EATING PLACE - MOBILE,No,26 COTTAGE RD,GRAY,ME,4039,207-831-8512,REGULAR,MODEL T COFFEE CO LLC,Cumberland,0,43.8323182,-70.3259974
30669,MODEL T COFFEE COMPANY,0,0,2024-09-23,2025-09-20,EATING PLACE - MOBILE,No,26 COTTAGE RD,GRAY,ME,4039,207-831-8512,REGULAR,MODEL T COFFEE CO LLC,Cumberland,0,43.8323182,-70.3259974
30666,TWO KNIGHTS BREWING COMPANY,0,2,2022-10-03,,,No,136 MCPHETRES RD,SANGERVILLE,ME,4479,207-876-4200,REGULAR,TWO KNIGHTS BREWING COMPANY LLC,Penobscot,0.02702702703,45.1603428,-69.369285
30665,SMOKIN DAVES BACKYARD BBQ & GRILL,2,1,2023-09-14,2023-11-17,EATING PLACE - MOBILE,No,34 MORSE AVE,OXFORD,ME,4270,207-461-3700,REGULAR,SMOKIN DAVES BACKYARD BBQ & GRILL LLC,Oxford,0.09459459459,44.1831059,-70.5323906
30664,CRAZY SUMO,0,1,2023-03-16,2023-04-11,EATING PLACE TIER 3,No,75 HIGH ST,ELLSWORTH,ME,4605,207-570-8214,REGULAR,"PATASA, TEDE",Hancock,0.01351351351,44.5396133,-68.4170243
30660,OGA SUYA,1,1,2024-04-16,2024-10-06,MUN - CATERING,No,95 DARLING AVE,SOUTH PORTLAND,ME,4106,207-849-0008,REGULAR,OGA SUYA LLC,Cumberland,0.05405405405,43.6405865,-70.3302466
30659,RUBY REDS CUISINE TRAILER 1,0,2,2024-05-29,2024-10-20,EATING PLACE - MOBILE,No,93 MAIN ST,MADAWASKA,ME,4756,207-316-6811,REGULAR,RUBY'S REDS CUISINE LLC,Aroostook,0.02702702703,47.3546088,-68.3439475
30657,BRACKISH RIVER BISTRO,3,3,2024-03-13,2024-03-14,EATING PLACE TIER 2,No,279 S MAIN ST,WINTERPORT,ME,4496,607-793-3363,REGULAR,TIT A TIDES CONTINUATION LLC,Hancock,0.1621621622,44.6327542,-68.8501769
30657,BRACKISH RIVER BISTRO,2,4,2023-10-10,2023-09-29,EATING PLACE TIER 2,No,279 S MAIN ST,WINTERPORT,ME,4496,607-793-3363,NEWOWNER,TIT A TIDES CONTINUATION LLC,Hancock,0.1351351351,44.6327542,-68.8501769
30648,MAI TAKEOUT,2,5,2022-09-15,,EATING PLACE - TEMPORARY 5-14 DAYS,No,,MILLINOCKET,ME,4430,207-746-7224,REGULAR,"YORK, MAI",Aroostook,0.1486486486,45.657072,-68.6769188
30640,LADY SHUCKERS,0,1,2025-05-04,2023-08-23,EATING PLACE - MOBILE,No,72 PARRIS ST,PORTLAND,ME,4101,207-899-9121,REGULAR,LIBBY DAVIS,Cumberland,0.01351351351,43.658959,-70.2653576
30639,LADY SHUCKERS,2,4,2022-09-11,2022-10-10,EATING PLACE - MOBILE,No,626 WASHINGTON AVE,PORTLAND,ME,4103,207-899-9121,REGULAR,"DAVIS, LIBBY",Cumberland,0.1351351351,43.6824024,-70.2622263
30639,LADY SHUCKERS,0,0,2022-09-16,,EATING PLACE - MOBILE,No,626 WASHINGTON AVE,PORTLAND,ME,4103,207-899-9121,REGULAR,"DAVIS, LIBBY",Cumberland,0,43.6824024,-70.2622263
30639,LADY SHUCKERS,3,2,2025-06-28,2024-07-20,EATING PLACE - MOBILE,No,95 DARLING AVE,SOUTH PORTLAND,ME,4106,207-899-9121,REGULAR,LADY SHUCKERS LLC,Cumberland,0.1486486486,43.6405865,-70.3302466
30639,LADY SHUCKERS,1,0,2023-07-20,2023-09-12,EATING PLACE - MOBILE,No,95 DARLING AVE,SOUTH PORTLAND,ME,4106,207-899-9121,REGULAR,LADY SHUCKERS LLC,Cumberland,0.04054054054,43.6405865,-70.3302466
30639,LADY SHUCKERS,1,0,2024-08-08,2025-07-20,EATING PLACE - MOBILE,No,95 DARLING AVE,SOUTH PORTLAND,ME,4106,207-899-9121,REGULAR,LADY SHUCKERS LLC,Cumberland,0.04054054054,43.6405865,-70.3302466
30635,ABBO'S,0,2,2023-10-02,2024-09-13,EATING PLACE - MOBILE,No,7 WALLACE AVE,GRAY,ME,4039,207-232-7280,REGULAR,WALLACE DANA,Cumberland,0.02702702703,43.9238638,-70.35275
30635,ABBO'S,0,0,2022-09-12,,EATING PLACE - MOBILE,No,7 WALLACE AVE,GRAY,ME,4039,207-232-7280,NEWOWNER,WALLACE DANA,Cumberland,0,43.9238638,-70.35275
30635,ABBO'S,0,0,2024-10-04,2025-09-13,EATING PLACE - MOBILE,No,7 WALLACE AVE,GRAY,ME,4039,207-232-7280,REGULAR,WALLACE DANA,Cumberland,0,43.9238638,-70.35275
30632,TRAILSIDE CABINS & RESTAURANT,1,0,2025-06-20,2025-09-28,EATING AND LODGING,No,10 PARTRIDGE LN,WESTON,ME,4424,207-538-6763,REGULAR,TRAILSIDE CABINS & RESTAURANT LLC,Aroostook,0.04054054054,45.6906004,-67.8567624
30632,TRAILSIDE CABINS & RESTAURANT,0,1,2025-06-20,2025-09-28,EATING AND LODGING,No,10 PARTRIDGE LN,WESTON,ME,4424,207-538-6763,REGULAR,TRAILSIDE CABINS & RESTAURANT LLC,Aroostook,0.01351351351,45.6906004,-67.8567624
30632,TRAILSIDE CABINS & RESTAURANT,0,0,2023-09-15,2024-09-28,EATING AND LODGING,No,10 PARTRIDGE LN,WESTON,ME,4424,207-538-6763,REGULAR,TRAILSIDE CABINS & RESTAURANT LLC,Aroostook,0,45.6906004,-67.8567624
30630,QUICK BYTES,2,3,2024-01-12,2023-12-02,EATING PLACE - TAKEOUT,No,75 LONG RD,ORONO,ME,4469,866-372-3035,NEWOWNER,"LLC, SODEXO AMERICA",Penobscot,0.1216216216,44.9028963,-68.6706672
30629,LAKESIDE LEMONDA,2,2,2023-08-03,2024-06-08,EATING PLACE - MOBILE,No,608 WEST ST,PRINCETON,ME,4668,207-904-8924,REGULAR,"SAPPIER, HEIDI & HOOD, SPENCER",Hancock,0.1081081081,45.1882693,-67.5933092
30629,LAKESIDE LEMONADE,0,0,2024-06-14,2025-06-08,EATING PLACE - MOBILE,No,608 WEST ST,PRINCETON,ME,4668,207-904-8924,REGULAR,"SAPPIER, HEIDI & HOOD, BREENA",Hancock,0,45.1882693,-67.5933092
30619,AROMA JOE'S,0,3,2023-02-24,2023-09-02,MUN - EATING PLACE TAKEOUT,No,754 MAIN ST,LEWISTON,ME,4240,207-210-2181,REGULAR,MR DEAL LLC,Androscoggin,0.04054054054,44.1258214,-70.2012411
30607,REFRESH SMOOTHIE BAR,0,1,2023-02-08,2023-09-22,EATING PLACE TIER 1,No,256 MAIN ST,KINGFIELD,ME,4961,207-323-9150,REGULAR,REFRESH SMOOTHIE BAR LLC,Franklin,0.01351351351,44.9587524,-70.1552184
30591,THE BLACK BIRCH,0,0,2023-01-04,2023-08-24,CATERING,No,2 GOVERNMENT ST,KITTERY,ME,3904,603-205-2999,REGULAR,R&R FOODS LLC,York,0,43.0857706,-70.7443594
30591,THE BLACK BIRCH,0,0,2025-05-07,2025-08-24,CATERING,No,2 GOVERNMENT ST,KITTERY,ME,3904,603-205-2999,REGULAR,R&R FOODS LLC,York,0,43.0857706,-70.7443594
30586,LINCOLN HOTEL,0,2,2025-01-14,2025-09-02,EATING AND LODGING,No,17 LINCOLN ST,BIDDEFORD,ME,4005,207-985-5132,REGULAR,HOTEL AT 17 LINCOLN LLC,York,0.02702702703,43.4943024,-70.4556645
30586,LINCOLN HOTEL,0,0,2022-12-16,2023-09-02,EATING AND LODGING,No,17 LINCOLN ST,BIDDEFORD,ME,4005,207-985-5132,REGULAR,HOTEL AT 17 LINCOLN LLC,York,0,43.4943024,-70.4556645
30586,LINCOLN HOTEL,0,0,2025-01-14,2025-09-02,EATING AND LODGING,No,17 LINCOLN ST,BIDDEFORD,ME,4005,207-985-5132,REGULAR,HOTEL AT 17 LINCOLN LLC,York,0,43.4943024,-70.4556645
30580,BANGKOK KITCHEN,2,5,2022-12-07,2023-10-26,EATING PLACE TIER 1,No,213 NORTH ST,SACO,ME,4072,207-494-9066,REGULAR,"SAMASY, KHOME",York,0.1486486486,43.5088807,-70.4483331
30580,BANGKOK KITCHEN,0,1,2023-09-29,2024-09-29,EATING PLACE TIER 1,No,213 NORTH ST,SACO,ME,4072,423-470-5777,NEWOWNER,VANDY 213 LLC,York,0.01351351351,43.5088807,-70.4483331
30579,BASTON RIVER TASTING ROOM,1,8,2025-01-28,2025-10-20,EATING PLACE TIER 3,No,17 LINCOLN ST,BIDDEFORD,ME,4005,207-467-3322,REGULAR,LUCKY DOG TASTING ROOM LLC,York,0.1486486486,43.4943024,-70.4556645
30579,BASTON RIVER TASTING ROOM,1,2,2023-01-13,2023-10-20,EATING PLACE TIER 3,No,17 LINCOLN ST,BIDDEFORD,ME,4005,207-985-5132,REGULAR,LUCKY DOG TASTING ROOM LLC,York,0.06756756757,43.4943024,-70.4556645
30577,WATERSHED WOOD FIRED KITCHEN,0,0,2024-08-26,2024-08-25,EATING AND CATERING,No,11 PHILBROOK ST,BETHEL,ME,4217,207-357-9257,REGULAR,PHILBROOK FODS S CORP,Oxford,0,44.4062731,-70.7885841
30569,MR SEA'S,0,1,2025-05-14,2026-04-12,EATING PLACE - MOBILE,No,1184 SABATTUS ST,LEWISTON,ME,4240,207-212-2626,REGULAR,MR SEAS SEAFOOD,Androscoggin,0.01351351351,44.1015483,-70.142316
30567,ROLLIN IN THE DOUGH,1,1,2023-08-24,2024-08-11,EATING PLACE - MOBILE,No,839 MAIN ST,LEWISTON,ME,4240,207-520-1193,REGULAR,"DORRINGTON, LISA",Androscoggin,0.05405405405,44.1303621,-70.1967139
30564,CASA COLOMBIA,0,3,2023-12-12,2023-05-22,EATING PLACE - TAKEOUT,No,1492 STATE ST,VEAZIE,ME,4401,207-991-8271,NEWOWNER,"MCLAUGHLIN, FERNANDA",Penobscot,0.04054054054,44.8405664,-68.7057949
30563,THE SALT MARKET,4,0,2022-11-09,,EATING PLACE - TAKEOUT,Yes,141 MAIN ST,MOUNT DESERT,ME,4675,805-722-7291,REGULAR,MAUDE KUSSEROW,Hancock,0.1621621622,44.3774683,-68.3310724
30561,THE CRUMPET,1,1,2025-02-11,2025-09-12,EATING PLACE TIER 1,No,81 MAIN ST,BUCKSPORT,ME,4416,207-570-2622,REGULAR,BILLINGS & STURROCK LLC,Hancock,0.05405405405,44.5721784,-68.7952509
30560,"WILLEY, MOLLY",0,0,2022-08-15,,,No,39 MAPLE ST,CORNISH,ME,4020,207-400-5867,REGULAR,"WILLEY, MOLLY",York,0,43.8056726,-70.8078435
30560,"WILLEY, MOLLY",0,0,2022-08-15,,,No,39 MAPLE ST,CORNISH,ME,4020,207-400-5867,REGULAR,"WILLEY, MOLLY",York,0,43.8056726,-70.8078435
30559,REGGIE SAUSAGES,0,1,2025-06-25,2026-05-19,EATING PLACE - MOBILE,No,79 ACADEMY RD,MONMOUTH,ME,4259,207-542-6583,NEWOWNER,REGGIES SAUSAGE INC,Kennebec,0.01351351351,44.2474093,-70.0369216
30550,"VANN, CHANDY",0,0,2022-08-15,,,No,816 ROOSEVELT TRL,WINDHAM,ME,4062,207-838-8222,REGULAR,"VANN, CHANDY",Cumberland,0,43.8404504,-70.4441519
30549,WEST BRANCH FARMS,0,2,2023-01-05,2023-08-10,EATING AND CATERING,No,180 W KENNEBEC RD,MACHIAS,ME,4654,207-512-6522,REGULAR,WEST BRANCH FARM LLC,Hancock,0.02702702703,44.6637809,-67.4514152
30549,WEST BRANCH FARMS,0,0,2023-09-06,2023-08-10,EATING AND CATERING,No,180 W KENNEBEC RD,MACHIAS,ME,4654,207-512-6522,REGULAR,WEST BRANCH FARM LLC,Hancock,0,44.6637809,-67.4514152
30537,ISAAC'S PLACE,0,2,2022-10-03,2023-07-28,EATING PLACE - MOBILE,No,19 HOLLY ST,AUBURN,ME,4210,207-869-0986,REGULAR,"OLCOTT, HANNAH",Androscoggin,0.02702702703,44.098837,-70.2387575
30535,CAMBRIA PORTLAND DOWNTOWN,5,3,2024-09-18,2024-09-30,MUN - EATING AND LODGING,Yes,25 HANCOCK ST,PORTLAND,ME,4101,207-800-3421,REGULAR,MAINE HOTELS HOLDINGS LLC,Cumberland,0.2432432432,43.6613232,-70.248793
30535,CAMBRIA PORTLAND DOWNTOWN,3,3,2022-12-08,2023-09-30,MUN - EATING AND LODGING,No,25 HANCOCK ST,PORTLAND,ME,4101,207-800-3421,REGULAR,MAINE HOTELS HOLDINGS LLC,Cumberland,0.1621621622,43.6613232,-70.248793
30535,CAMBRIA PORTLAND DOWNTOWN,3,3,2024-02-13,2024-09-30,MUN - EATING AND LODGING,No,25 HANCOCK ST,PORTLAND,ME,4101,207-800-3421,REGULAR,MAINE HOTELS HOLDINGS LLC,Cumberland,0.1621621622,43.6613232,-70.248793
30535,CAMBRIA PORTLAND DOWNTOWN,3,2,2025-02-05,2025-09-30,MUN - EATING AND LODGING,No,25 HANCOCK ST,PORTLAND,ME,4101,207-800-3421,REGULAR,MAINE HOTELS HOLDINGS LLC,Cumberland,0.1486486486,43.6613232,-70.248793
30535,CAMBRIA PORTLAND DOWNTOWN,2,3,2023-08-09,2023-09-30,MUN - EATING AND LODGING,No,25 HANCOCK ST,PORTLAND,ME,4101,207-800-3421,REGULAR,MAINE HOTELS HOLDINGS LLC,Cumberland,0.1216216216,43.6613232,-70.248793
30535,CAMBRIA PORTLAND DOWNTOWN,0,0,2022-12-08,2023-09-30,MUN - EATING AND LODGING,No,25 HANCOCK ST,PORTLAND,ME,4101,207-800-3421,REGULAR,MAINE HOTELS HOLDINGS LLC,Cumberland,0,43.6613232,-70.248793
30535,CAMBRIA PORTLAND DOWNTOWN,0,0,2025-02-05,2025-09-30,MUN - EATING AND LODGING,No,25 HANCOCK ST,PORTLAND,ME,4101,207-800-3421,REGULAR,MAINE HOTELS HOLDINGS LLC,Cumberland,0,43.6613232,-70.248793
30533,"SAWTELL, KALIENDA",0,0,2022-08-12,,,No,220 BATH RD,BRUNSWICK,ME,4011,204-208-6425,REGULAR,"SAWTELL, KALIENDA",Cumberland,0,43.9081504,-69.9118996
30531,ELEV8,0,2,2023-07-15,2024-08-24,EATING PLACE - MOBILE,No,1767 ATLANTIC HWY,WARREN,ME,4854,207-542-0599,REGULAR,HYBRID SYSTEMS LLC,Knox,0.02702702703,44.1147814,-69.2566503
30531,ELEV8,0,0,2023-07-26,2024-08-24,EATING PLACE - MOBILE,No,1767 ATLANTIC HWY,WARREN,ME,4854,207-542-0599,REGULAR,HYBRID SYSTEMS LLC,Knox,0,44.1147814,-69.2566503
30531,ELEV8,0,0,2023-08-10,2024-08-24,EATING PLACE - MOBILE,No,1767 ATLANTIC HWY,WARREN,ME,4854,207-542-0599,REGULAR,HYBRID SYSTEMS LLC,Knox,0,44.1147814,-69.2566503
30528,FUEL ME NUTRITION,0,0,2025-07-17,2026-07-06,EATING PLACE - MOBILE,No,17 NORTH ST,PRESQUE ISLE,ME,4769,207-760-7266,REGULAR,FUEL ME NUTRITION,Aroostook,0,46.688251,-68.010771
30523,SOLAR CAFE,0,0,2022-08-11,2022-08-14,EATING PLACE - TEMPORARY 1-4 DAYS,No,THOMAS POINT BEACH,BRUNSWICK,ME,4011,603-496-5539,REGULAR,"MAUCK, TAYLOR",Cumberland,0,43.8980015,-69.8932407
30522,HOCUS SMOKUS BBQ,0,1,2025-07-19,2025-07-20,EATING PLACE - TEMPORARY 1-4 DAYS,No,550 ROUTE 109,ACTON,ME,4552,914-719-6328,REGULAR,HOCUS SMOKUS BBQ LLC,York,0.01351351351,43.5153368,-70.8721902
30521,GOODFIRE TASTING ROOM & KTICHEN,0,2,2023-03-15,2023-11-04,EATING PLACE TIER 3,No,18 SOUTH FREEPORT RD,FREEPORT,ME,4032,207-808-8910,REGULAR,GOODFIRE BREWING CO LLC,Cumberland,0.02702702703,43.838576,-70.102403
30520,RIVERTON STATION,1,1,2023-03-10,,MUN - EATING PLACE,No,1569 FOREST AVE,PORTLAND,ME,4101,207-415-9682,REGULAR,RIVERTON STATION LLC,Cumberland,0.05405405405,43.6967978,-70.3060614
30520,RIVERTON STATION,1,0,2025-04-11,2025-09-30,MUN - EATING PLACE,No,1569 FOREST AVE,PORTLAND,ME,4101,207-415-9682,REGULAR,RIVERTON STATION LLC,Cumberland,0.04054054054,43.6967978,-70.3060614
30520,RIVERTON STATION,0,1,2024-04-03,2024-09-30,MUN - EATING PLACE,No,1569 FOREST AVE,PORTLAND,ME,4101,207-415-9682,REGULAR,RIVERTON STATION LLC,Cumberland,0.01351351351,43.6967978,-70.3060614
30518,STREETFOOD 330,0,1,2022-10-03,2022-09-25,EATING PLACE TIER 2,No,330 COMMERCIAL ST,ROCKPORT,ME,4856,207-691-3656,REGULAR,BENNY'S BURRIOTS & CAMDODIAN TACOS,Washington,0.01351351351,44.178938,-69.0798672
30516,SHERRY'S KITCHEN,1,1,2024-05-24,2023-08-11,EATING PLACE TIER 2,No,30 MAIN ST,VINALHAVEN,ME,4863,207-475-6812,REGULAR,SHERRY'S KITCHEN LLC,Sagadahoc,0.05405405405,44.0476532,-68.8338969
30513,MAINE MOBILE BEVERAGE,0,0,2022-07-27,2023-07-27,CATERING,No,36 FENDERSON RD,SACO,ME,4072,207-756-2963,REGULAR,MAINE MOBILE BEVERAGE,Cumberland,0,43.5700464,-70.4393527
30513,MAINE MOBILE BEVERAGE,0,0,2024-12-23,2025-07-27,CATERING,No,36 FENDERSON RD,SACO,ME,4072,207-756-2963,REGULAR,MAINE MOBILE BEVERAGE,Cumberland,0,43.5700464,-70.4393527
30512,207 RAW BAR,0,0,2023-08-11,2024-08-09,EATING AND CATERING,No,57 STATE RD,KITTERY,ME,2904,603-205-0277,REGULAR,207 RAW BAR,Kennebec,0,43.090653,-70.7492236
30510,"DOBBINS, MARGARET",0,0,2022-09-01,,,No,10 ELM ST,GORHAM,ME,4038,207-458-1662,REGULAR,"DOBBINS, MARGERAT",Cumberland,0,43.6799081,-70.4397457
30507,PORT HARBOR JAMAICAN GRILL,2,1,2023-10-03,2024-07-27,EATING PLACE - MOBILE,No,1189 MOOSEHEAD TRL,DIXMONT,ME,4932,207-669-0240,REGULAR,"ROSE, PAGIEL",Penobscot,0.09459459459,44.7259565,-69.1747448
30507,PORT HARBOR JAMAICAN GRILL,1,2,2022-10-03,2023-07-27,EATING PLACE - MOBILE,No,1189 MOOSEHEAD TRL,DIXMONT,ME,4932,207-605-6164,REGULAR,"ROSE, PAGIEL",Penobscot,0.06756756757,44.7259565,-69.1747448
30507,PORT HARBOR JAMAICAN GRILL,0,1,2024-08-30,2025-07-27,EATING PLACE - MOBILE,No,1189 MOOSEHEAD TRL,DIXMONT,ME,4932,207-669-0240,REGULAR,"ROSE, PAGIEL",Penobscot,0.01351351351,44.7259565,-69.1747448
30507,PORT HARBOR JAMAICAN GRILL,0,0,2023-08-10,2024-07-27,EATING PLACE - MOBILE,No,1189 MOOSEHEAD TRL,DIXMONT,ME,4932,207-669-0240,REGULAR,"ROSE, PAGIEL",Penobscot,0,44.7259565,-69.1747448
30504,THE GREENERY MARKET AMD BAKERY,0,3,2024-09-10,2024-08-31,EATING PLACE TIER 1,No,251 MAIN ST,OGUNQUIT,ME,3907,207-475-2562,REGULAR,"ST HILAIRE, LISA",York,0.04054054054,43.2502044,-70.600231
30504,THE GREENERY MARKET AMD BAKERY,0,0,2022-12-01,2023-08-31,EATING PLACE TIER 1,No,251 MAIN ST,OGUNQUIT,ME,3907,207-475-2563,REGULAR,"ST HILAIRE, LISA",York,0,43.2502044,-70.600231
30503,DOUBLE D'S GAINT ICE CREAM BAR,0,1,2022-09-27,2023-08-01,EATING PLACE - MOBILE,No,182 SANBORN HILL RD,CHESTERVILLE,ME,4938,207-491-7647,REGULAR,"DUNCAN, ROBERT & BRENDA",Kennebec,0.01351351351,44.509402,-70.0639549
30494,"PALERMO, GABRIEL",0,0,2022-07-20,,,No,31 OLD ORCHARD BEACH,OLD ORCHARD BEACH,ME,4064,954-303-9549,REGULAR,"PALERMO, GABRIEL",York,0,43.515609,-70.3739817
30490,AROMA JOES COFFEE,1,1,2025-03-04,2024-10-21,EATING PLACE TIER 1,No,1 SECOND STREET,TOPSHAM,ME,4086,207-878-1595,REGULAR,MIDCOAST BREWERS LLC,Sagadahoc,0.05405405405,43.9366053,-69.9667571
30488,APHRODITE OYSTERS LLC.,1,1,2023-08-02,2023-08-06,EATING PLACE - TEMPORARY 1-4 DAYS,No,1 PLEASANT ST,ROCKLAND,ME,4841,207-542-0121,REGULAR,APHRODITE OYSTERS LLC.,Knox,0.05405405405,44.100962,-69.109343
30485,BK'S FRESH SQUEEZED LEMONADE,0,1,2024-07-04,2025-05-19,EATING PLACE - MOBILE,No,42 ORCHARD RD,SEBAGO,ME,4029,207-787-1483,REGULAR,JOHN LUCY,Oxford,0.01351351351,43.8863974,-70.7049345
30485,BK'S FRESH SQUEEZED LEMONADE,0,1,2024-08-17,2025-05-19,EATING PLACE - MOBILE,No,42 ORCHARD RD,SEBAGO,ME,4029,207-787-1483,REGULAR,JOHN LUCY,Oxford,0.01351351351,43.8863974,-70.7049345
30485,BK'S FRESH SQUEEZED LEMONADE,0,1,2025-06-08,2026-05-19,EATING PLACE - MOBILE,No,42 ORCHARD RD,SEBAGO,ME,4029,207-787-1483,REGULAR,JOHN LUCY,Oxford,0.01351351351,43.8863974,-70.7049345
30484,EARLY BIRD CAFE,0,0,2022-12-12,2023-07-18,COMMISSARY,No,241 MAIN ST,SOUTH BERWICK,ME,3908,207-384-8100,REGULAR,EARLY BIRD CAFE,York,0,43.2342149,-70.8091928
30484,EARLY BIRD CAFE,0,0,2024-03-15,2024-07-18,COMMISSARY,No,241 MAIN ST,SOUTH BERWICK,ME,3908,207-384-8100,REGULAR,EARLY BIRD CAFE,York,0,43.2342149,-70.8091928
30475,GHAR WRIG'S SNO & DOUGH ADVENTURE CO,0,0,2023-01-13,2023-07-15,EATING PLACE - MOBILE,No,61 MAIN ST,KENNEBUNK,ME,4043,518-275-1511,REGULAR,"PAPA WINTER, LLC",York,0,43.3861303,-70.5396686
30475,CHAR WRIG'S SNO & DOUGH ADVENTURE CO,0,0,2025-05-30,2025-07-15,EATING PLACE - MOBILE,No,61 MAIN ST,KENNEBUNK,ME,4043,518-275-1511,REGULAR,"PAPA WINTER, LLC",York,0,43.3861303,-70.5396686
30474,BRIDGTON FOOD TRUCK PARK,0,1,2023-05-16,,COMMISSARY,No,74 PORTLAND ROAD,BRIDGTON,ME,4009,207-647-4611,REGULAR,MACK FAMILY PROPERTIES,Cumberland,0.01351351351,44.0488445,-70.7010199
30465,"LYTVYNYUK, MICHELLE HATT",0,0,2022-07-21,,,No,16 ELMWOOD AVE,WESTBROOK,ME,4092,207-712-9667,REGULAR,"LYTVYNYUK, MICHELLE HATT",Cumberland,0,43.7156003,-70.3350706
30464,BOBA HOLDING,2,0,2024-11-05,2025-09-15,MUN - EATING PLACE,No,364 MAINE MALL RD,SOUTH PORTLAND,ME,4106,207-303-7326,REGULAR,BOBA HOLDINGS LLC,Cumberland,0.08108108108,43.6341705,-70.3365511
30464,BOBA HOLDING,1,0,2022-11-21,2023-09-15,MUN - EATING PLACE,No,364 MAINE MALL RD,SOUTH PORTLAND,ME,4106,207-689-3105,REGULAR,BOBA HOLDINGS LLC,Cumberland,0.04054054054,43.6341705,-70.3365511
30464,BOBA HOLDING,0,0,2022-09-09,2023-09-15,MUN - EATING PLACE,No,364 MAINE MALL RD,SOUTH PORTLAND,ME,4106,207-689-3105,REGULAR,BOBA HOLDINGS LLC,Cumberland,0,43.6341705,-70.3365511
30460,RANGELEY HIDEAWAY,0,2,2025-01-23,2025-07-12,EATING PLACE - LIMITED MENU,No,2419 MAIN ST,RANGELEY,ME,4970,202-255-9898,REGULAR,RANGELEY HOSPITALITY INC,Franklin,0.02702702703,44.9630805,-70.6399285
30453,SMOKE BBQ,1,1,2023-02-02,2023-11-01,EATING PLACE TIER 2,No,50 YORK ST,KENNEBUNK,ME,4043,207-844-0788,REGULAR,SMOKE BBQ LLC,York,0.05405405405,43.3795258,-70.5476551
30453,SMOKE BBQ,1,1,2025-01-22,2025-11-01,EATING PLACE TIER 2,No,58 YORK ST,KENNEBUNK,ME,4043,207-844-0788,REGULAR,SMOKE BBQ LLC,York,0.05405405405,43.3787969,-70.5482908
30452,MAINE DINER ON THE GO,0,2,2024-08-22,2025-07-20,EATING PLACE - MOBILE,No,2265 POST ROAD,WELLS,ME,4090,207-646-4441,REGULAR,JAMES MACNEILL,York,0.02702702703,43.3419547,-70.5631009
30452,MAINE DINER ON THE GO,0,0,2023-01-13,2023-07-20,EATING PLACE - MOBILE,No,2265 POST ROAD,WELLS,ME,4090,207-646-4441,REGULAR,JAMES MACNEILL,York,0,43.3419547,-70.5631009
30451,PALOMA'S LLC,2,1,2022-08-05,2023-07-07,EATING PLACE TIER 2,No,15 B EAST GRAND AVE,OLD ORCHARD BEACH,ME,4072,207-937-2077,REGULAR,PALOMA'S LLC,York,0.09459459459,43.5290354,-70.3628014
30451,PALOMA'S,1,2,2024-08-28,2025-04-10,EATING PLACE TIER 2,No,15 B EAST GRAND AVE,OLD ORCHARD BEACH,ME,4072,207-205-6236,REGULAR,PALOMAS CAMLIN LLC,York,0.06756756757,43.5290354,-70.3628014
30445,VOLTA,0,1,2022-10-06,2022-09-18,EATING PLACE TIER 2,No,8 ROAD NOT TAKEN,TRENTON,ME,4605,207-412-0488,REGULAR,SLOPE,Hancock,0.01351351351,44.4657836,-68.3601163
30444,CUZ - N BBQ,2,6,2023-06-20,2023-08-02,EATING PLACE - MOBILE,No,95 SIDNEY RD,PALERMO,ME,4354,502-818-7287,REGULAR,"COTE, DONNA & DANA GOWER",Hancock,0.1621621622,44.3766803,-69.451766
30439,SMOKIN RED,1,1,2022-07-21,2023-07-06,EATING PLACE - MOBILE,No,32 SPEAR HILL RD,ANSON,ME,4911,719-966-4027,REGULAR,SMOKIN RED CABOOSE,Kennebec,0.05405405405,44.7998579,-69.8920054
30437,IMPACT FITNESS CENTER,0,0,2024-09-25,2025-07-08,EATING PLACE TIER 1,No,17 LINCOLN ST,BIDDEFORD,ME,4005,207-815-5906,REGULAR,IMPACT FITNESS CENTER LLC,York,0,43.4943024,-70.4556645
30437,IMPACT FITNESS CENTER,1,0,2022-07-08,,,No,17 LINCOLN ST,BIDDEFORD,ME,4005,207-815-5906,REGULAR,IMPACT FITNESS CENTER LLC,York,0.04054054054,43.4943024,-70.4556645
30434,BREAKWATER BAGELS AND MORE,0,0,2022-09-30,2023-07-20,EATING PLACE TIER 1,No,82 WATER ST,EASTPORT,ME,4661,27-853-7090,REGULAR,SUNSET CHASERS LLC,Hancock,0,44.9054093,-66.9848359
30434,THE OVERLOOK,0,0,2024-09-30,2024-09-17,EATING PLACE TIER 1,No,82 WATER ST,EASTPORT,ME,4661,207-214-8580,REGULAR,THE OVERLOOK LLC,Hancock,0,44.9054093,-66.9848359
30431,GRACE NOTE INN & SPA,1,5,2023-06-05,2023-07-22,EATING AND LODGING,No,174 MAYVILLE RD,BETHEL,ME,4217,207-530-4365,REGULAR,GRACE NOTE INN & SPA LLC,Oxford,0.1081081081,44.4222604,-70.7976993
30431,GRACE NOTE INN & SPA,0,0,2023-06-05,2023-07-22,EATING AND LODGING,No,174 MAYVILLE RD,BETHEL,ME,4217,207-530-4365,REGULAR,GRACE NOTE INN & SPA LLC,Oxford,0,44.4222604,-70.7976993
30427,CHIPOTLE MEXICAN GRILL #4042,0,3,2025-03-17,2026-01-31,EATING PLACE TIER 2,No,507 MAIN ST,SACO,ME,4072,614-318-7478,REGULAR,CHIPOTLE MEXICAN GRILL OF COLORADO LLC,York,0.04054054054,43.5082653,-70.4349722
30427,CHIPOTLE MEXICAN GRILL #4042,0,0,2023-03-30,2024-01-31,EATING PLACE TIER 2,No,507 MAIN ST,SACO,ME,4072,614-318-7478,REGULAR,CHIPOTLE MEXICAN GRILL OF COLORADO LLC,York,0,43.5082653,-70.4349722
30423,FESTIVAL OF MAINE - LA COCOA CAFE,0,2,2023-10-02,2024-09-01,EATING PLACE - MOBILE,No,713 GARFIELD RD,AUBURN,ME,4210,207-740-3398,REGULAR,FESTIVAL OF MAINE,Androscoggin,0.02702702703,44.1001365,-70.288941
30423,FESTIVAL OF MAINE - LA COCOA CAFE,0,1,2022-10-04,2023-09-01,EATING PLACE - MOBILE,No,713 GARFIELD RD,AUBURN,ME,4210,207-740-3398,REGULAR,FESTIVAL OF MAINE,Androscoggin,0.01351351351,44.1001365,-70.288941
30423,FESTIVAL OF MAINE - LA COCOA CAFE,0,0,2024-10-02,2025-09-01,EATING PLACE - MOBILE,No,713 GARFIELD RD,AUBURN,ME,4210,207-740-3398,REGULAR,FESTIVAL OF MAINE,Androscoggin,0,44.1001365,-70.288941
30422,CASA JALISCO,0,0,2022-08-03,,EATING PLACE TIER 2,No,205 HIGH STREET,ELLSWORTH,ME,4605,207-813-0008,NEWOWNER,ISRAEL GARCIA,Hancock,0,44.5342572,-68.4104933
30421,ABIGAIL STEVENS- ROBERTS,0,0,2022-07-26,,,No,39 EXCHANGE STREET,PORTLAND,ME,4101,207-229-9917,REGULAR,ABIGAIL STEVENS ROBERTS,Cumberland,0,43.6572646,-70.2538918
30418,RIO BRAVO,2,3,2024-10-29,2025-07-21,EATING PLACE TIER 3,No,11 MAIN STREET,WESTBROOK,ME,4092,207-887-9494,REGULAR,RIO BRAVO OF WESTBROOK INC,Cumberland,0.1216216216,43.6781763,-70.3296632
30418,RIO BRAVO,1,3,2022-10-06,2023-07-21,EATING PLACE TIER 3,No,11 MAIN STREET,WESTBROOK,ME,4092,207-887-9494,REGULAR,RIO BRAVO OF WESTBROOK INC,Cumberland,0.08108108108,43.6781763,-70.3296632
30415,T + D CONCESSIONS,0,5,2024-07-04,2024-07-04,EATING PLACE - TEMPORARY 1-4 DAYS,No,EMERY DRIVE,SANFORD,ME,4073,603-978-5012,REGULAR,"MOREAU, TIM",York,0.06756756757,43.4489944,-70.7795463
30415,T + D CONCESSIONS,0,0,2024-07-03,2022-07-03,EATING PLACE - TEMPORARY 1-4 DAYS,No,EMERY DRIVE,SANFORD,ME,4073,603-978-5012,REGULAR,"MOREAU, TIM",York,0,43.4489944,-70.7795463
30413,JULIE BIRKHAHN,0,0,2022-07-21,,,No,16 ELMWOOD AVE,WESTBROOK,ME,4092,207-415-5275,REGULAR,JULIE KRIKHAHN,Cumberland,0,43.7156003,-70.3350706
30410,SUNDAY SUPPER LLC,1,0,2025-05-15,2025-07-28,EATING AND CATERING,No,21 LITCHFIELD RD,KITTERY,ME,3904,603-762-6064,REGULAR,SUNDAY SUPPER LLC,York,0.04054054054,43.1178084,-70.7324612
30410,SUNDAY SUPPER LLC,0,1,2023-05-19,2023-07-28,EATING AND CATERING,No,21 LITCHFIELD RD,KITTERY,ME,3904,603-762-6064,REGULAR,SUNDAY SUPPER LLC,York,0.01351351351,43.1178084,-70.7324612
30409,BUCKSPORT NUTRITION LLC,0,4,2025-02-11,2025-08-08,EATING PLACE TIER 1,No,119 MAIN ST,BUCKSPORT,ME,4416,207-631-7434,REGULAR,BUCKSPORT NUTRITION,Hancock,0.05405405405,44.5735611,-68.7982436
30408,CHEESE LOUISE,5,5,2023-10-02,2024-07-18,MUN - EATING PLACE - MOBILE,Yes,363 FORE STREET,PORTLAND,ME,4101,603-998-7831,REGULAR,J&B FOOD SERVICES LLC,Cumberland,0.2702702703,43.656714,-70.2528333
30408,CHEESE LOUISE,2,1,2023-07-20,2024-07-18,MUN - EATING PLACE - MOBILE,No,363 FORE STREET,PORTLAND,ME,4101,603-998-7831,REGULAR,J&B FOOD SERVICES LLC,Cumberland,0.09459459459,43.656714,-70.2528333
30408,CHEESE LOUISE,1,2,2023-10-03,2024-07-18,MUN - EATING PLACE - MOBILE,No,363 FORE STREET,PORTLAND,ME,4101,603-998-7831,FOLLOW_UP_FULL,J&B FOOD SERVICES LLC,Cumberland,0.06756756757,43.656714,-70.2528333
30408,CHEESE LOUISE,0,0,2024-07-11,2024-07-18,MUN - EATING PLACE - MOBILE,No,363 FORE STREET,PORTLAND,ME,4101,603-998-7831,REGULAR,J&B FOOD SERVICES LLC,Cumberland,0,43.656714,-70.2528333
30405,ALLAGASH SKILLET,0,0,2022-07-08,2023-07-06,EATING PLACE - MOBILE,No,67 W RIVER ROAD,WATERVILLE,ME,4901,207-858-5450,REGULAR,"HAFFORD, ROBERT",Kennebec,0,44.5339054,-69.6551152
30404,THE LADY N THE MOON,0,1,2023-04-06,2023-07-07,MUN - EATING PLACE,No,15 MONUMENT SQ,PORTLAND,ME,4101,249-770-0260,REGULAR,LLULL LLC,Cumberland,0.01351351351,43.6574994,-70.2584744
30402,SONI'S MARKET PLACE,0,0,2022-09-07,,MUN - EATING PLACE TAKEOUT,No,28 MONUMENT SQ,PORTLAND,ME,4101,207-699-8059,NEWOWNER,"WRIGHT, SHANNA KAY",Cumberland,0,43.6569245,-70.2590745
30402,SONI'S MARKET PLACE,0,0,2023-02-02,,MUN - EATING PLACE TAKEOUT,No,28 MONUMENT SQ,PORTLAND,ME,4101,207-699-8059,REGULAR,"WRIGHT, SHANNA KAY",Cumberland,0,43.6569245,-70.2590745
30401,BLACK FLY COFFEE,0,0,2024-11-26,2025-08-05,EATING PLACE - TAKEOUT,No,107 MAIN RD,HOLDEN,ME,4429,207-241-4241,REGULAR,FUEGO HOSPITALITY LLC,Penobscot,0,44.7638649,-68.7041456
30398,HIGH TIDES FOOD BAR,0,0,2022-08-05,2023-07-01,EATING PLACE - TAKEOUT,No,32 EAST GRAND AVE,OLD ORCHARD BEACH,ME,4064,207-205-9693,REGULAR,KIM VERREAULT,York,0,43.518197,-70.3726787
30398,LONE PINE BREWING COMPANY,0,2,2025-01-30,2025-04-04,EATING PLACE TIER 3,No,32 EAST GRAND AVE,OLD ORCHARD BEACH,ME,4064,207-468-4554,REGULAR,LONE PINE BREWING COMPANY,York,0.02702702703,43.518197,-70.3726787
30395,LOLA'S MAINE COURSE,1,1,2025-05-28,2025-07-11,EATING PLACE - MOBILE,No,6 CREAMERY RD,HERMON,ME,4401,207-557-5516,REGULAR,"SMITH, LAURA & ARNOLD, LINDSAY",Penobscot,0.05405405405,44.7835012,-68.9562138
30383,GRAZE & VINE,0,0,2022-12-30,2023-07-07,EATING PLACE TIER 2,No,509 MAIN ST,OGUNQUIT,ME,39047,207-216-6101,REGULAR,OW & JR LLC,York,0,43.2590497,-70.5991722
30382,MUST BE NICE LOBSTER,0,0,2022-07-05,,EATING PLACE - TAKEOUT,No,86 NORTHPORT AVE,BELFAST,ME,4915,207-218-1431,NEWOWNER,MUST BE NICE LOBSTER LLC,Hancock,0,44.4080499,-68.9928393
30379,STORIBORD COFFEE,0,1,2023-06-20,2022-09-04,EATING PLACE - MOBILE,No,9 PAYNE COURT,FORT FAIRFIELD,ME,4742,207-498-0187,REGULAR,"NASON, BENJAMIN E",Aroostook,0.01351351351,46.7657459,-67.8193796
30378,SPOKE COLLABORATIVE,2,0,2022-11-10,2023-07-01,EATING PLACE TIER 1,No,149 WATER ST,GARDINER,ME,4345,207-509-0499,NEWOWNER,,Kennebec,0.08108108108,44.2288711,-69.7706481
30378,BINTLIFF'S CORNER BREW,2,2,2025-04-02,2025-11-10,EATING PLACE TIER 2,No,149 WATER ST,GARDINER,ME,4345,207-841-7396,REGULAR,149 WATER STREET LLC,Kennebec,0.1081081081,44.2288711,-69.7706481
30372,TIMBERLAND SCOOPS AND SNACK BAR,0,0,2022-08-11,2023-07-20,EATING PLACE - TAKEOUT,No,57 BAR HARBOR RD,TRENTON,ME,4605,207-610-0867,REGULAR,TIMBELAND ACRES CAMPGROUND LLC,Hancock,0,44.5072089,-68.3891741
30372,TIMBERLAND ACRES CAMPGROUND,1,0,2024-05-23,2024-07-20,EATING PLACE TIER 1,No,57 BAR HARBOR RD,TRENTON,ME,4605,207-667-3600,REGULAR,TIMBERLAND ACRES CAMPGROUND LLC,Hancock,0.04054054054,44.5072089,-68.3891741
30369,SON OF A BUN,0,0,2023-03-06,2023-07-28,EATING PLACE - MOBILE,No,2 STARLIT DRIVE,KENNEBUNK,ME,4043,207-206-0694,REGULAR,SON OF A BUN,York,0,43.41595,-70.5739044
30367,THE SINFUL KITCHEN & THE PIG KAHUNA,2,1,2022-10-12,2023-07-05,MUN - EATING AND CATERING,No,952 BRIGHTON AVE,PORTLAND,ME,4103,207-536-0611,REGULAR,ALOHA PARTNERS LLC,Cumberland,0.09459459459,43.6736652,-70.3181911
30367,THE SINFUL KITCHEN & THE PIG KAHUNA,1,0,2023-04-20,2023-07-05,MUN - EATING AND CATERING,No,952 BRIGHTON AVE,PORTLAND,ME,4103,207-536-0611,REGULAR,ALOHA PARTNERS LLC,Cumberland,0.04054054054,43.6736652,-70.3181911
30367,THE SINFUL KITCHEN & THE PIG KAHUNA,0,2,2024-04-17,2024-07-05,MUN - EATING AND CATERING,No,952 BRIGHTON AVE,PORTLAND,ME,4103,207-536-0611,REGULAR,ALOHA PARTNERS LLC,Cumberland,0.02702702703,43.6736652,-70.3181911
30367,THE SINFUL KITCHEN & THE PIG KAHUNA,0,1,2025-04-08,2025-07-05,MUN - EATING AND CATERING,No,952 BRIGHTON AVE,PORTLAND,ME,4103,207-536-0611,REGULAR,ALOHA PARTNERS LLC,Cumberland,0.01351351351,43.6736652,-70.3181911
30366,QUEENIE'S CASTLE,1,1,2023-07-13,2024-07-05,MUN - EATING PLACE,No,356 STATE STREET,PORTLAND,ME,4103,207-318-5248,REGULAR,VICTORIA THAYER,Cumberland,0.05405405405,43.6594961,-70.2695847
30365,FREYA'S ICE CREAM,0,2,2025-05-08,2025-07-18,EATING PLACE TIER 1,No,24 CENTRAL ST,ROCKPORT,ME,4856,719-482-6396,REGULAR,FREYA'S ICE CREAM LLC,Hancock,0.02702702703,44.1873833,-69.072709
30364,ROAMING EATS,0,0,2023-08-10,2024-06-28,EATING PLACE - MOBILE,No,17 MARSTON ST,AUBURN,ME,4210,207-576-1769,REGULAR,PATINA GROUP LLC,Androscoggin,0,44.0875186,-70.247977
30364,ROAMING EATS,0,0,2025-06-05,2026-06-28,EATING PLACE - MOBILE,No,17 MARSTON ST,AUBURN,ME,4210,207-576-1769,REGULAR,PATINA GROUP LLC,Androscoggin,0,44.0875186,-70.247977
30362,MADDOX AND RUTH'S ADK SOFT SERVE,2,1,2022-07-08,2022-07-11,EATING PLACE - MOBILE,No,THOMAS POINT CAMPGROUND,BRUNSWICK,ME,4011,518-593-1790,REGULAR,MADDOX & RUTH;S ADK SOFT SERVE LLC,Cumberland,0.09459459459,43.8961643,-69.8942051
30361,UNCLE MITCH'S MUNCHIES,0,0,2022-06-30,,,No,THOMAS POINT CAMPGROUND,BRUNSWICK,ME,4005,926-540-4370,REGULAR,"CENDIENO, JAMES",Cumberland,0,43.8961643,-69.8942051
30359,UP NORTH NUTRITION,0,3,2022-11-07,2023-07-06,EATING PLACE TIER 1,No,313 MAIN ST,MADAWASKA,ME,4756,207-694-3781,REGULAR,"WEAVER, NADINE",Aroostook,0.04054054054,47.3557744,-68.3272725
30358,BLUE JAY COFFEE,0,1,2023-06-01,2023-08-16,MUN - EATING PLACE,No,189 MAIN ST,LEWISTON,ME,4240,207-538-6909,REGULAR,BLUE JAY COFFEE LLC,Androscoggin,0.01351351351,44.110237,-70.2089998
30357,CLUCK  & BURGER (The apron at Terminal A),1,3,2023-04-05,2023-06-29,EATING PLACE TIER 1,No,19 AIRPORT RD,OWLS HEAD,ME,4854,207-449-0613,REGULAR,"STILPHEN, MATTHEW J",Knox,0.08108108108,44.0624645,-69.0943876
30356,NEST,0,0,2023-09-08,2024-08-08,EATING PLACE TIER 2,No,45 AUTUMN LN,SEBAGO,ME,4029,207-671-7105,REGULAR,"BOWIE, DANIEL",Cumberland,0,43.8827426,-70.6330845
30353,YORK BEACH SURF CLUB,1,4,2022-05-26,,EATING AND CATERING,No,780 YORK ST,YORK,ME,3911,207-363-4037,NEWOWNER,YORK BEACH SURF CLUB LLC,York,0.09459459459,43.1503083,-70.6252286
30353,YORK BEACH SURF CLUB,0,2,2025-04-10,2024-06-29,EATING AND CATERING,No,780 YORK ST,YORK,ME,3911,207-363-7873,REGULAR,YORK BEACH SURF CLUB LLC,York,0.02702702703,43.1503083,-70.6252286
30351,YARDIE TING,0,0,2022-06-24,2022-06-25,EATING PLACE - TEMPORARY 1-4 DAYS,No,THOMAS POINT BEACH,BRUNSWICK,ME,4011,207-835-0236,REGULAR,"WRIGHT, SHANNAKAY",Cumberland,0,43.8980015,-69.8932407
30349,THREE SUNS SLUSH,0,0,2022-07-02,2022-07-04,EATING PLACE - TEMPORARY 1-4 DAYS,No,,BATH,ME,4530,480-241-2058,REGULAR,THREE SUNS SLUSH,Sagadahoc,0,43.9133661,-69.8140298
30348,BUOY SHACK,0,0,2024-10-11,2025-07-25,EATING AND CATERING,No,3 BADGERS ISLAND WEST,KITTERY,ME,3904,207-703-2374,REGULAR,LITTLE BRIDGE LOBSTER LLC,York,0,43.0815427,-70.7522732
30341,TERRARIUM,0,2,2024-11-21,2025-07-10,MUN - EATING PLACE,No,98 CROSS ST N,PORTLAND,ME,4101,207-747-4015,REGULAR,TERRARIUM LLC,Cumberland,0.02702702703,43.6568509,-70.2571767
30341,TERRARIUM,0,1,2023-11-29,2024-07-10,MUN - EATING PLACE,No,98 CROSS ST N,PORTLAND,ME,4101,207-747-4015,REGULAR,TERRARIUM LLC,Cumberland,0.01351351351,43.6568509,-70.2571767
30341,TERRARIUM,0,1,2022-10-18,2023-07-20,MUN - EATING PLACE - LIMITED MENU,No,98 CROSS ST N,PORTLAND,ME,4101,207-747-4015,REGULAR,TERRARIUM LLC,Cumberland,0.01351351351,43.6568509,-70.2571767
30338,BREAD & OLIVE,1,3,2025-05-29,2025-06-28,MUN - EATING PLACE,No,937 CONGRESS ST,PORTLAND,ME,4102,207-450-3290,REGULAR,BREAD AND OLIVE LLC,Cumberland,0.08108108108,43.6538324,-70.2788772
30338,BREAD & OLIVE,1,0,2024-04-18,2024-06-28,MUN - EATING PLACE,No,937 CONGRESS ST,PORTLAND,ME,4102,207-450-3290,REGULAR,BREAD AND OLIVE LLC,Cumberland,0.04054054054,43.6538324,-70.2788772
30338,BREAD & OLIVE,0,0,2023-04-19,2023-06-28,MUN - EATING PLACE,No,937 CONGRESS ST,PORTLAND,ME,4102,207-450-3290,REGULAR,BREAD AND OLIVE LLC,Cumberland,0,43.6538324,-70.2788772
30334,Black Diamond Nutrition,0,3,2023-01-12,2023-06-29,EATING PLACE - TAKEOUT,No,32 PARKWAY,BETHEL,ME,4217,207-357-6260,NEWOWNER,JESSICA BILLINGS ROBIN,Oxford,0.04054054054,44.4133678,-70.7924464
30331,WING ITZ,0,0,2022-06-27,,EATING PLACE - TEMPORARY 1-4 DAYS,No,RAITT FARM,ELIOT,ME,3903,603-436-9464,REGULAR,WICKED HOT LLC,York,0,43.1673369,-70.8101997
30330,HUNTSPOINT MEATS AND BBQ,0,0,2022-06-27,,EATING PLACE - TEMPORARY 1-4 DAYS,No,RAITT FARM,ELIOT,ME,3903,603-679-5700,REGULAR,1A MEAT COMPANY,York,0,43.1673369,-70.8101997
30328,GRAFFAM BROS SEAFOOD SHACK,0,4,2025-05-07,2025-06-22,EATING PLACE - TAKEOUT,No,211 UNION STREET,ROCKPORT,ME,4856,207-236-8391,REGULAR,PENOBSCOT BAY ICE CO INC,Knox,0.05405405405,44.19019,-69.0722937
30324,K AND A'S STREETMEAT,1,2,2024-06-26,2024-06-23,MUN - EATING PLACE - MOBILE,No,109 WOODLAWN AVE,PORTLAND,ME,4103,207-409-8372,REGULAR,"LOHNES, ADAM",Cumberland,0.06756756757,43.6897301,-70.2881767
30324,K AND A'S STREETMEAT,1,0,2022-07-19,2023-06-23,MUN - EATING PLACE - MOBILE,No,109 WOODLAWN AVE,PORTLAND,ME,4103,207-409-8372,REGULAR,"LOHNES, ADAM",Cumberland,0.04054054054,43.6897301,-70.2881767
30324,K AND A'S STREETMEAT,0,1,2023-07-12,2024-06-23,MUN - EATING PLACE - MOBILE,No,109 WOODLAWN AVE,PORTLAND,ME,4103,207-409-8372,REGULAR,"LOHNES, ADAM",Cumberland,0.01351351351,43.6897301,-70.2881767
30322,MONSON GENERAL SCOOPS,0,0,2022-07-07,2023-07-07,EATING PLACE - TAKEOUT,No,16 GREENVILLE RD,MONSON,ME,4464,207-997-3800,REGULAR,PINELAND FARMS INC,Piscataquis,0,45.2870041,-69.5016707
30321,THE PEOPLE'S POPCORN,0,0,2024-06-21,2025-06-24,EATING PLACE - MOBILE STICK BUILT,No,THOMAS POINT BEACH,BRUNSWICK,ME,4010,781-801-0139,REGULAR,"MICHELSON, ARI",Cumberland,0,43.8980015,-69.8932407
30320,FREEZE KOMPANY,0,1,2023-09-22,2024-06-28,EATING PLACE - TAKEOUT,No,78 PIGEON HILL RD,MECHANIC FALLS,ME,4256,207-890-2265,REGULAR,"KIMBALL, BRENDA & PHILIBERT",Androscoggin,0.01351351351,44.0803776,-70.4185662
30315,THE RIVER SHACK,0,0,2022-06-22,,,No,1 WATER ST,WISCASSET,ME,4578,661-645-9940,NEWOWNER,3 AWAY LLC,Lincoln,0,43.999803,-69.6650804
30314,CAFE EL CAMINO,0,0,2022-06-27,,EATING PLACE - TEMPORARY 1-4 DAYS,No,,ELIOT,ME,4522,603-974-1652,REGULAR,EL CAMINO LLC,York,0,43.0946209,-70.7610204
30313,D & J GRILLING LLC,0,0,2024-07-16,2024-08-17,EATING PLACE - TEMPORARY 1-4 DAYS,No,175 BLANCHARD ROAD,CUMBERLAND,ME,4021,207-229-1485,REGULAR,"BRADBURY, JENNIFER & DANA",Cumberland,0,43.8099726,-70.2852023
30313,D & J GRILLING LLC,0,0,2022-07-12,,,No,175 BLANCHARD ROAD,CUMBERLAND,ME,4021,207-229-1485,REGULAR,"BRADBURY, JENNIFER & DANA",Cumberland,0,43.8099726,-70.2852023
30311,ALABAMA BBQ/ PHAT VINNIES,0,1,2023-04-20,2023-06-28,EATING PLACE - MOBILE,No,828 LISBON ST,LEWISTON,ME,4240,207-423-6666,REGULAR,ALABAMA BBQ LLC,Androscoggin,0.01351351351,44.0851786,-70.2042793
30307,"MERLIN, ZIANA",0,0,2022-07-07,,,No,190 US ROUTE 1,FALMOUTH,ME,4105,207-807-7303,REGULAR,"MERLIN, ZIANA",Cumberland,0,43.7163634,-70.2340111
30304,KONA ICE OF YORK COUNTY,1,1,2023-08-24,2024-06-30,EATING PLACE - MOBILE,No,40 HAY BROOK DR,ALFRED,ME,4002,603-953-6160,REGULAR,LAURA'S LEGACY LLC,York,0.05405405405,43.4519975,-70.7081968
30304,KONA ICE OF YORK COUNTY,0,0,2024-08-22,2025-06-30,EATING PLACE - MOBILE,No,40 HAY BROOK DR,ALFRED,ME,4002,603-953-6160,REGULAR,LAURA'S LEGACY LLC,York,0,43.4519975,-70.7081968
30303,FWOB,2,3,2023-08-10,2024-06-30,EATING PLACE - MOBILE,No,56 MAIN ST,ORONO,ME,4473,207-267-5335,REGULAR,FWOB LLC,Penobscot,0.1216216216,44.882515,-68.6723989
30303,FWOB,0,0,2023-09-14,2024-06-30,EATING PLACE - MOBILE,No,56 MAIN ST,ORONO,ME,4473,207-267-5335,FOLLOW_UP_FULL,FWOB LLC,Penobscot,0,44.882515,-68.6723989
30292,GIFFORDS FAMOUS ICE CREAM TRAILER,0,1,2023-05-05,2023-06-17,EATING PLACE - MOBILE,No,25 HATHAWAY ST,SKOWHEGAN,ME,4976,800-950-2604,REGULAR,GIFFORDS ICE CREAM,Somerset,0.01351351351,44.7611597,-69.7115968
30285,"PATERSON, ADAM",0,0,2022-08-02,,,No,1041 BRIGHTON AVE,PORTLAND,ME,4102,917-805-9208,REGULAR,"PATERSON, ADAM",Cumberland,0,43.6751836,-70.322024
30282,TOMASO'S CANTEEN FOOD TRUCK,2,0,2022-06-21,2023-06-10,EATING PLACE - MOBILE,No,29 WALTON ST,PORTLAND,ME,4103,207-776-1015,REGULAR,TOMASO'S CANTEEN FOOD TRUCK INC,Cumberland,0.08108108108,43.6779437,-70.2821992
30282,TOMASO'S CANTEEN FOOD TRUCK,0,0,2023-10-02,2024-06-10,EATING PLACE - MOBILE,No,29 WALTON ST,PORTLAND,ME,4103,207-776-1015,REGULAR,TOMASO'S CANTEEN FOOD TRUCK INC,Cumberland,0,43.6779437,-70.2821992
30278,WICKY RALPH'S ICE CREAM AND MINI GOLF,0,1,2025-07-01,2026-06-22,EATING PLACE - TAKEOUT,No,1542 ROUTE 109,ACTON,ME,4001,207-850-1089,REGULAR,WICKY RALPH LLC,York,0.01351351351,43.5254633,-70.8896714
30278,WICKY RALPH'S ICE CREAM AND MINI GOLF,0,0,2023-09-05,2024-06-22,EATING PLACE - TAKEOUT,No,1542 ROUTE 109,ACTON,ME,4001,844-364-5433,REGULAR,WICKY RALPH LLC,York,0,43.5254633,-70.8896714
30276,TACOS LA POBLANITA,2,4,2024-10-22,2025-07-27,MUN - EATING PLACE TAKEOUT,No,364 MAINE MALL RD,SOUTH PORTLAND,ME,4106,207-618-3085,REGULAR,"RODRIGUEZ, JAIME & CONTRERAS, KARINA",Cumberland,0.1351351351,43.6341705,-70.3365511
30276,TACOS LA POBLANITA,0,3,2022-10-13,2023-07-27,MUN - EATING PLACE TAKEOUT,No,264 MAINE MALL RD,SOUTH PORTLAND,ME,4106,207-618-3085,REGULAR,"RODRIGUEZ, JAIME & CONTRERAS, KARINA",Cumberland,0.04054054054,43.6385329,-70.3346467
30274,I'D WRAP THAT,0,2,2024-07-31,2025-06-16,EATING PLACE - MOBILE,No,114 WESTERN AVE,WATERVILLE,ME,4901,207-649-1613,REGULAR,I'D WRAP THATLLC,Kennebec,0.02702702703,44.5501538,-69.6474603
30274,I'D WRAP THAT,0,1,2023-08-02,2024-06-16,EATING PLACE - MOBILE,No,114 WESTERN AVE,WATERVILLE,ME,4901,207-649-1613,REGULAR,I'D WRAP THATLLC,Kennebec,0.01351351351,44.5501538,-69.6474603
30274,I'D WRAP THAT,0,0,2022-09-12,2023-06-16,EATING PLACE - MOBILE,No,114 WESTERN AVE,WATERVILLE,ME,4901,207-649-1613,REGULAR,I'D WRAP THATLLC,Kennebec,0,44.5501538,-69.6474603
30272,THE WALDO THEATRE,0,1,2025-05-19,2025-06-10,EATING PLACE TIER 3,No,916 MAIN ST,WALDOBORO,ME,4572,207-975-6490,REGULAR,THE WALDO THEATRE INC,Lincoln,0.01351351351,44.0959558,-69.3751422
30267,TRUCKIN DELICIOUS,4,1,2022-07-26,2023-06-07,EATING PLACE - MOBILE,Yes,46 NORTON RD,LIMINGTON,ME,4049,207-251-1982,REGULAR,TRUCKIN DELICIOUS,York,0.1756756757,43.7582274,-70.7425936
30267,TRUCKIN DELICIOUS,1,2,2022-08-03,2023-06-07,EATING PLACE - MOBILE,No,46 NORTON RD,LIMINGTON,ME,4049,207-251-1982,FOLLOW_UP_FULL,TRUCKIN DELICIOUS,York,0.06756756757,43.7582274,-70.7425936
30264,AROMAS JOE'S,1,2,2022-12-07,2023-06-09,EATING PLACE - TAKEOUT,No,1256 ROOSEVELT TRL,RAYMOND,ME,4071,207-432-7080,REGULAR,GILLIES BREWING LLC,Oxford,0.06756756757,43.8836517,-70.4657114
30264,AROMAS JOE'S,0,0,2024-08-01,2025-06-09,EATING PLACE - TAKEOUT,No,1256 ROOSEVELT TRL,RAYMOND,ME,4071,207-432-7080,REGULAR,GILLIES BREWING LLC,Oxford,0,43.8836517,-70.4657114
30263,BEAU'S CREAMERY,0,1,2022-07-07,2023-06-06,EATING PLACE TIER 1,No,69 WATER ST,EASTPORT,ME,4631,207-263-5000,REGULAR,"BARKER, MADISON 7 MORENO, MANUEL",Hancock,0.01351351351,44.904821,-66.9844068
30262,FREEPORT OYSTER BAR,2,1,2022-07-25,2023-06-15,EATING AND CATERING,No,43 MAIN ST,FREEPORT,ME,4032,609-217-0664,REGULAR,"SPARTA, KENNETH & HENNINGER, THOMAS",Cumberland,0.09459459459,43.8220019,-70.1086175
30262,FREEPORT OYSTER BAR,0,3,2025-06-10,2026-06-15,EATING AND CATERING,No,43 MAIN ST,FREEPORT,ME,4032,609-217-0664,REGULAR,"SPARTA, KENNETH & HENNINGER, THOMAS",Cumberland,0.04054054054,43.8220019,-70.1086175
30257,MORNING MOOSE COFFEE,1,0,2023-10-05,2024-06-07,EATING PLACE - MOBILE,No,2 BAKER ST,RICHMOND,ME,4357,207-620-2479,REGULAR,MORNING MOOSE COFFEE LLC,Sagadahoc,0.04054054054,44.0854135,-69.8010397
30257,MORNING MOOSE COFFEE,0,0,2022-10-04,2023-06-07,EATING PLACE - MOBILE,No,2 BAKER ST,RICHMOND,ME,4357,207-620-2479,REGULAR,MORNING MOOSE COFFEE LLC,Sagadahoc,0,44.0854135,-69.8010397
30257,MORNING MOOSE COFFEE,0,0,2023-08-09,2024-06-07,EATING PLACE - MOBILE,No,2 BAKER ST,RICHMOND,ME,4357,207-620-2479,REGULAR,MORNING MOOSE COFFEE LLC,Sagadahoc,0,44.0854135,-69.8010397
30256,MAINE SILVERBALL TAVERN,0,0,2022-11-17,2023-06-01,EATING PLACE - LIMITED MENU,No,29 SCAMMON ST,SACO,ME,4072,207-602-6636,REGULAR,MAINE SILVERBALL TAVERN,York,0,43.5033259,-70.4450899
30256,MAINE SILVERBALL TAVERN,0,0,2025-01-09,2025-06-01,EATING PLACE - LIMITED MENU,No,29 SCAMMON ST,SACO,ME,4072,207-602-6636,REGULAR,MAINE SILVERBALL TAVERN,York,0,43.5033259,-70.4450899
30251,REBEL DOGS,1,1,2024-07-26,2025-06-16,EATING PLACE - MOBILE,No,565 US ROUTE 202,MONMOUTH,ME,4265,207-333-1102,REGULAR,"DUPREY, PAMELA",Kennebec,0.05405405405,44.2319699,-70.0719304
30248,REVEL,0,0,2024-03-20,2025-02-09,CATERING,No,350 ROUTE 1,YARMOUTH,ME,4096,207-318-3424,REGULAR,REVEL LLC,Cumberland,0,43.8078424,-70.1665413
30247,LUCERNE INN,0,0,2022-06-03,2023-06-06,EATING PLACE - MOBILE,No,2517 MAIN RD,DEDHAM,ME,4429,207-307-1671,REGULAR,LOMBARDY LANE OPERATING COMPANY,Penobscot,0,44.7023499,-68.5993667
30244,BISSELL BROTHERS THREE RIVERS,0,6,2023-07-07,2024-05-31,EATING PLACE TIER 3,No,157 ELM ST,MILO,ME,4463,207-943-9190,REGULAR,BISSELL BROTHERS BREWING CO LLC,Penobscot,0.08108108108,45.2425659,-68.9728873
30240,JUICY J'S LEMONADE & EATERY,1,2,2022-06-17,2023-06-14,EATING PLACE - MOBILE STICK BUILT,No,277 WATERVILLE RD,NORRIDGEWOCK,ME,4957,20-819-2163,REGULAR,"CAMPBELL, JASON",York,0.06756756757,44.7030303,-69.7659675
30239,EVFLOW & SEASONS,1,1,2022-06-15,2023-06-13,COMMISSARY,No,427 MAIN ST,BANGOR,ME,4401,207-992-2250,REGULAR,SEASONS BAR AND GRILL,Penobscot,0.05405405405,44.7917111,-68.776842
30238,MEET ON THE STREET,0,0,2022-09-09,2023-06-10,EATING PLACE - MOBILE,No,19 A EASTERN PROMENADE,PORTLAND,ME,4101,847-361-2808,REGULAR,TIDEWALKER VENTURES LLC,Cumberland,0,43.6698049,-70.2462095
30238,MEET ON THE STREET,0,0,2023-06-20,2024-06-10,EATING PLACE - MOBILE,No,19 A EASTERN PROMENADE,PORTLAND,ME,4101,847-361-2808,REGULAR,TIDEWALKER VENTURES LLC,Cumberland,0,43.6698049,-70.2462095
30230,MILLSIDE CREATIONS,0,0,2022-06-03,2023-05-25,EATING PLACE - MOBILE,No,524 BRIDGE ST,WESTBROOK,ME,4092,207-310-3701,REGULAR,MILLSIDE CREATIONS LLC,Cumberland,0,43.6921075,-70.3592798
30230,MILLSIDE CREATIONS THE STEEMIE WEENIE,0,0,2024-05-06,2024-05-25,EATING PLACE - MOBILE,No,524 BRIDGE ST,WESTBROOK,ME,4092,207-310-3701,REGULAR,MILLSIDE CREATIONS LLC,Cumberland,0,43.6921075,-70.3592798
30209,SUBLIME TACO,1,2,2022-12-15,2023-05-24,EATING PLACE TIER 2,No,12 WASHINGTON ST,BIDDEFORD,ME,4005,207-602-6619,REGULAR,SUBLIME TACO LLC,York,0.06756756757,43.4930337,-70.4553996
30209,SUBLIME TACO,1,1,2023-03-15,2023-05-24,EATING PLACE TIER 2,No,12 WASHINGTON ST,BIDDEFORD,ME,4005,207-602-6619,REGULAR,SUBLIME TACO LLC,York,0.05405405405,43.4930337,-70.4553996
30209,SUBLIME TACO,0,1,2023-02-01,2023-05-24,EATING PLACE TIER 2,No,12 WASHINGTON ST,BIDDEFORD,ME,4005,207-602-6619,REGULAR,SUBLIME TACO LLC,York,0.01351351351,43.4930337,-70.4553996
30197,B & R DAIRY BAR,0,0,2023-06-22,2024-05-19,EATING PLACE - MOBILE,No,108 YARMOUTH RD,GRAY,ME,4039,207-807-6817,REGULAR,TASTY TREATS LLC,Cumberland,0,43.8836418,-70.3101372
30195,ZEPPA'S NY PIZZA,0,1,2024-02-23,2024-06-27,EATING PLACE - TAKEOUT,No,92 WATER ST,ELLSWORTH,ME,4605,207-412-0526,REGULAR,ZEPPAS NY PIZZA,Hancock,0.01351351351,44.5400615,-68.4236945
30193,RISING TIDE BREWING,1,3,2022-10-25,2023-05-18,MUN - EATING PLACE - MOBILE,No,103 FOX ST,PORTLAND,ME,4101,207-650-0678,REGULAR,RISING TIDE BREWING CO LLC,Cumberland,0.08108108108,43.665513,-70.2572199
30193,RISING TIDE BREWING,2,0,2023-04-11,2024-05-18,MUN - EATING PLACE - MOBILE,No,103 FOX ST,PORTLAND,ME,4101,207-650-0678,REGULAR,RISING TIDE BREWING CO LLC,Cumberland,0.08108108108,43.665513,-70.2572199
30193,RISING TIDE BREWING,1,2,2024-07-08,2024-05-18,MUN - EATING PLACE - MOBILE,No,103 FOX ST,PORTLAND,ME,4101,207-650-0678,REGULAR,RISING TIDE BREWING CO LLC,Cumberland,0.06756756757,43.665513,-70.2572199
30193,RISING TIDE BREWING,1,0,2025-05-22,2025-05-18,MUN - EATING PLACE - MOBILE,No,103 FOX ST,PORTLAND,ME,4101,207-650-0678,REGULAR,RISING TIDE BREWING CO LLC,Cumberland,0.04054054054,43.665513,-70.2572199
30192,FIVE GUYS,0,0,2023-02-01,2023-06-01,EATING PLACE TIER 2,No,223 CENTER ST,AUBURN,ME,4210,617-821-0701,REGULAR,HYDE PARK MAINE LLC,Androscoggin,0,44.1104304,-70.224823
30192,FIVE GUYS,0,0,2025-07-23,2026-06-01,EATING PLACE TIER 2,No,223 CENTER ST,AUBURN,ME,4210,774-287-7799,REGULAR,HYDE PARK MAINE LLC,Androscoggin,0,44.1104304,-70.224823
30190,"BROOKS, INDIA STAR",0,0,2022-06-06,,,No,734 ROOSEVELT TRL,WINDHAM,ME,4062,207-240-4702,REGULAR,"BROOKS, INDIA STAR",Cumberland,0,43.8330654,-70.4376813
30174,LA TACO TRUCK #1,0,1,2025-06-08,2026-05-24,EATING PLACE - MOBILE,No,525 LISBON RD,SABATTUS,ME,4280,207-754-8431,REGULAR,L/A TACO LLC,Androscoggin,0.01351351351,44.08064,-70.1132699
30168,DAD'S PLACE BAKERY & CAFE,3,4,2022-09-21,2023-05-17,EATING PLACE TIER 1,No,3281 AROOSTOOK RD,EAGLE LAKE,ME,4739,207-231-0906,REGULAR,"PARENT, CRYSTAL L",Aroostook,0.1756756757,47.0435134,-68.5969855
30164,SOMETHING FISHY,0,3,2023-06-23,2024-05-11,EATING PLACE - MOBILE,No,1632 PORTLAND RD,ARUNDEL,ME,4005,207-985-9397,REGULAR,"MEYERS, HERBERT",York,0.04054054054,43.4233898,-70.516097
30163,FREEDOMS FORAGE,0,0,2022-07-20,2023-05-31,EATING PLACE - MOBILE,No,452 BAILEY HILL RD,FARMINGTON,ME,4938,207-613-6322,REGULAR,"RICHARDS, JERRICA",Franklin,0,44.6740145,-70.1180471
30156,WILD CLOVER CAFE & MARKET,1,1,2023-01-18,2023-12-30,EATING PLACE TIER 1,No,16 SILVER ST,WATERVILLE,ME,4901,207-660-5427,REGULAR,WILD CLOVER CAFE & MARKET,Kennebec,0.05405405405,44.5486425,-69.6303534
30156,WILD CLOVER CAFE & MARKET,0,3,2025-05-23,2025-12-30,EATING PLACE TIER 1,No,16 SILVER ST,WATERVILLE,ME,4901,207-660-5427,REGULAR,WILD CLOVER CAFE & MARKET,Kennebec,0.04054054054,44.5486425,-69.6303534
30155,EV FLOW,0,0,2022-06-17,2023-06-17,EATING PLACE - MOBILE,No,242 ESSEX ST,BANGOR,ME,4401,207-659-0344,REGULAR,"MCAULIFFE, EVAN",Penobscot,0,44.8095524,-68.7674964
30153,JOHNNY TACO,0,0,2022-05-11,,EATING PLACE - MOBILE,No,15 HOG BAY RD,FRANKLIN,ME,4634,207-610-3877,REGULAR,DOWNEAST MOBILE FOOD,Hancock,0,44.5865335,-68.2273253
30152,ALL GRILL,0,0,2023-05-30,2024-05-10,EATING PLACE - MOBILE,No,1234 SHORE RD,CAPE ELIZABETH,ME,4107,407-236-4744,REGULAR,CG FOOD AND EVENTS,Cumberland,0,43.5963524,-70.2278304
30150,MILLY'S SKILLET,0,1,2023-05-16,2023-05-16,MUN - EATING PLACE - MOBILE,No,6 WELCH ST,PEAKS ISLAND,ME,4158,207-340-0026,REGULAR,MILLYS SKILLET LLC,Cumberland,0.01351351351,43.655873,-70.1987869
30144,QUIRION ENTERPRISES,0,1,2022-06-30,2023-05-13,EATING PLACE - MOBILE,No,181 ROCKLAND ST,ROCKPORT,ME,4856,207-649-4584,REGULAR,QUIRION ENTERPRISES,Kennebec,0.01351351351,44.1551713,-69.1147629
30139,"CHAREST, JENNIFER",0,0,2022-05-18,,,No,120 ROOSEVELT TRL,WINDHAM,ME,4062,207-712-5486,REGULAR,"CHAREST, JENNIFER",Cumberland,0,43.8436503,-70.4463278
30135,NATURALLY JAMMIN,0,0,2023-06-02,2023-06-16,EATING PLACE - MOBILE,No,,LIMINGTON,ME,4049,207-590-9983,REGULAR,"NEVELLS, GERALDINE",York,0,43.7895566,-70.6579283
30134,OBSCURA CAFE AND DRINKERY,1,0,2025-02-19,2025-05-31,MUN - EATING PLACE,No,108 LISBON ST,LEWISTON,ME,4240,207-241-7200,REGULAR,OBSCURA ME.INC,Androscoggin,0.04054054054,44.0969893,-70.2172611
30134,OBSCURA CAFE AND DRINKERY,0,0,2022-10-07,2023-05-31,MUN - EATING PLACE,No,108 LISBON ST,LEWISTON,ME,4240,207-241-7200,REGULAR,OBSCURA ME.INC,Androscoggin,0,44.0969893,-70.2172611
30133,SACRED PROFANE,3,3,2025-04-04,2025-07-22,EATING PLACE TIER 2,No,50 WASHINGTON ST,BIDDEFORD,ME,4005,646-752-3824,REGULAR,SACRED PROFANE LLC,York,0.1621621622,43.4924385,-70.4561025
30133,SACRED PROFANE,2,4,2023-01-06,2023-07-22,EATING PLACE TIER 2,No,50 WASHINGTON ST,BIDDEFORD,ME,4005,646-752-3824,REGULAR,SACRED PROFANE LLC,York,0.1351351351,43.4924385,-70.4561025
30121,HUB COFFEE,0,4,2022-11-10,2023-06-10,EATING PLACE TIER 2,No,242 MAIN ST,PRESQUE ISLE,ME,4769,207-227-6292,REGULAR,HUB COFFEE INC,Aroostook,0.05405405405,46.674971,-68.0159634
30121,HUB COFFEE,0,3,2025-03-11,2025-06-10,EATING PLACE TIER 2,No,342 MAIN ST,PRESQUE ISLE,ME,4769,207-227-6292,REGULAR,HUB COFFEE INC,Aroostook,0.04054054054,46.6787101,-68.0153778
30120,"MEIXELBERGEROSBORNE, ROBERT",0,0,2022-05-05,,,No,12 MAIN ST,GORHAM,ME,4038,207-572-6470,REGULAR,"MEIXELBERGEROSBORNE,ROBERT",Cumberland,0,43.6800236,-70.4426992
30118,OUTPOST,0,0,2022-05-18,,,No,261 SHORE RD,OGUNQUIT,ME,3907,610-462-9614,NEWOWNER,NU OUTPOST LLC,York,0,43.2408267,-70.5961665
30108,THE PORT BOX COMPANY,0,0,2024-10-03,2025-05-02,EATING PLACE - TAKEOUT,No,124 SCHOOL ST,KENNEBUNKPORT,ME,4046,207-468-6650,REGULAR,THE PORT BOX COMPANY LLC,York,0,43.3699773,-70.4525582
30108,THE PORT BOX COMPANY,0,0,2022-05-02,,,No,124 SCHOOL ST,KENNEBUNKPORT,ME,4046,978-994-5555,REGULAR,THE PORT BOX COMPANY LLC,York,0,43.3699773,-70.4525582
30107,MAIZ,0,3,2022-05-26,2023-04-27,EATING PLACE TIER 2,No,11 PLEASANT ST,BRUNSWICK,ME,4011,207-400-2881,REGULAR,MAIZ LLC,Cumberland,0.04054054054,43.9139706,-69.9663257
30106,TOWN LINE NUTRITION,0,2,2022-11-10,2023-05-17,EATING PLACE - TAKEOUT,No,475 CARIBOU RD,PRESQUE ISLE,ME,4769,207-227-7443,REGULAR,"CRAY, AARON & OUELLETTE, JEFFREY",Aroostook,0.02702702703,46.7717808,-67.989125
30101,MOOSE CREEK RV RESORT,0,0,2023-05-09,2023-05-31,EATING AND CAMPGROUND,No,58 EAST RD,GREENVILLE,ME,4441,207-695-2425,REGULAR,M & S PROPERTIES LLC,Piscataquis,0,45.459225,-69.5681852
30101,MOOSE CREEK RV RESORT,0,0,2024-05-15,2024-05-31,EATING AND CAMPGROUND,No,58 EAST RD,GREENVILLE,ME,4441,207-695-2425,REGULAR,M & S PROPERTIES LLC,Piscataquis,0,45.459225,-69.5681852
30100,OLIVE GARDEN ITALIAN KITCHEN,0,3,2023-08-09,2024-03-15,EATING PLACE TIER 3,No,10 SUBARU DR,AUBURN,ME,4210,407-245-4841,REGULAR,OLIVE GARDEN HOLDINGS LLC,Androscoggin,0.04054054054,44.1193407,-70.2322681
30097,GIUSEPPE ROASTERS,0,0,2025-07-20,2026-05-09,EATING PLACE - MOBILE,No,26 OCEAN AVE,SCARBOROUGH,ME,4074,207-730-3655,REGULAR,"GWYER, DREW",Cumberland,0,43.5614511,-70.2812919
30091,THE RUSTY CRAB,1,1,2025-05-14,2025-05-31,EATING AND CATERING,No,48 MAIN ST,MARS HILL,ME,4758,207-540-4343,REGULAR,"JOHNSTON, RUSTY",Aroostook,0.05405405405,46.5144111,-67.8669103
30091,THE RUSTY CRAB,1,5,2023-03-22,2023-05-31,EATING PLACE TIER 3,No,48 MAIN ST,MARS HILL,ME,4758,207-540-4343,REGULAR,"JOHNSTON, RUSTY",Aroostook,0.1081081081,46.5144111,-67.8669103
30089,BISCAY GRILL,0,0,2025-04-14,2025-01-02,EATING PLACE - TAKEOUT,No,28 BISCAY RD,DAMARISCOTTA,ME,4543,207--522-0739,NEWOWNER,"FJM WJM PROPERTIES, INC",Lincoln,0,44.0365232,-69.5066376
30087,TRACKSIDE,0,0,2023-10-10,2024-04-25,EATING PLACE TIER 1,No,175 BLANCHARD RD,CUMBERLAND,ME,3706,207-317-7942,REGULAR,C & M HOSPITALITY,Cumberland,0,43.8099726,-70.2852023
30084,FK THAT'S GOOD,0,3,2023-04-21,2023-05-17,EATING PLACE - MOBILE,No,96 MARKET ST,FORT KENT,ME,4743,207-316-4733,REGULAR,"AROOSTOOK BEEF COMPANY, LLC",Aroostook,0.04054054054,47.2538832,-68.5820308
30084,MOM'S PLACE,3,6,2025-04-03,2025-03-25,EATING PLACE - TAKEOUT,No,96 MARKET ST,FORT KENT,ME,4743,207-231-1515,REGULAR,"AROOSTOOK BEEF COMPANY, LLC",Aroostook,0.2027027027,47.2538832,-68.5820308
30083,BORDERLANDS COFFEE LLC,0,0,2022-05-13,2023-05-05,EATING PLACE - MOBILE,No,70 DRUMMOND RD,SIDNEY,ME,4330,207-314-4884,REGULAR,BORDERLANDS COFFEE LLC,Kennebec,0,44.4781462,-69.6963507
30081,HAROLD ALFOND HALL KIOSK,1,1,2025-04-07,2026-05-11,EATING PLACE - TAKEOUT,No,62 KAGAN DR,BANGOR,ME,4401,207-941-7182,REGULAR,HUSSON UNIVERSITY,Penobscot,0.05405405405,44.8264044,-68.7892126
30080,THE REMEDY COCKTAIL COMPANY,0,0,2022-04-27,,CATERING,No,120 MAIN ST,SACO,ME,4076,207-432-2040,REGULAR,THE REMEDY COCKTAIL COMPANY LLC,York,0,43.4949655,-70.4497798
30079,HOLMES MADE FOOD,0,0,2022-07-28,2023-04-29,CATERING,No,124 BRIDGE ST,FARMINGTON,ME,4938,207-860-6655,REGULAR,HOLMES. MARK,Franklin,0,44.6622987,-70.1545027
30078,SALT WHARF,0,1,2022-09-08,2022-08-26,EATING PLACE TIER 3,No,3 WAYFARER DR,CAMDEN,ME,4843,207-542-5743,REGULAR,SALT WHARF LLC,Franklin,0.01351351351,44.2092819,-69.0609504
30073,LINCOLNVILLE BEACH STORE,2,3,2023-09-25,2024-05-31,EATING PLACE - TAKEOUT,No,2520 ATLANTIC HIGHWAY,LINCOLNVILLE,ME,4891,207-701-7713,REGULAR,LINCOLNVILLE BEACH STORE LLC,Waldo,0.1216216216,44.283152,-69.0087843
30073,LINCOLNVILLE BEACH STORE,0,0,2022-06-10,2022-08-29,EATING PLACE - TAKEOUT,No,2520 ATLANTIC HIGHWAY,LINCOLNVILLE,ME,4891,207-701-7713,REGULAR,LINCOLNVILLE BEACH STORE LLC,Waldo,0,44.283152,-69.0087843
30068,MAPLESTONE SCHOOL,4,6,2022-09-13,2022-08-14,EATING - SCHOOL,Yes,2435 MILTON MILLS RD,ACTON,ME,4001,207-477-2829,REGULAR,MAPLESTONE,York,0.2432432432,43.5008553,-70.9370824
30068,MAPLESTONE SCHOOL,0,1,2024-10-24,2025-09-27,EATING - SCHOOL,No,2435 MILTON MILLS RD,ACTON,ME,4001,207-477-2829,REGULAR,MAPLESTONE,York,0.01351351351,43.5008553,-70.9370824
30068,MAPLESTONE SCHOOL,0,0,2023-11-20,2024-09-27,EATING - SCHOOL,No,2435 MILTON MILLS RD,ACTON,ME,4001,207-477-2829,REGULAR,MAPLESTONE,York,0,43.5008553,-70.9370824
30066,ROLL CALL,2,0,2022-08-05,2023-04-25,MUN - EATING PLACE,No,28 MONUMENT SQ,PORTLAND,ME,4101,315-559-0599,REGULAR,SIOBHAN SINDONI CONCEPTS LLC,Cumberland,0.08108108108,43.6569245,-70.2590745
30066,TAR COFFEE COMPANY,1,0,2023-01-25,2023-12-20,MUN - EATING PLACE,No,28 MONUMENT SQ,PORTLAND,ME,4101,207-808-8261,REGULAR,DERMODY PARTNERS LLC,Cumberland,0.04054054054,43.6569245,-70.2590745
30063,BAO & BEYOND,1,2,2024-07-31,2025-04-20,EATING PLACE - MOBILE,No,8 ALLIES WAY,GARDINER,ME,4345,207-509-4177,REGULAR,NALA'S FOOD SERVICES LLC,Kennebec,0.06756756757,44.18705,-69.817463
30063,BOA & BEYOND,0,1,2023-08-02,2024-04-20,EATING PLACE - MOBILE,No,8 ALLIES WAY,GARDINER,ME,4345,207-509-4177,REGULAR,NALA'S FOOD SERVICES LLC,Kennebec,0.01351351351,44.18705,-69.817463
30060,"SHEAFFER, STEVEN",1,0,2022-04-28,,,No,1 OCEAN PARK RD,OLD ORCHARD BEACH,ME,4064,770-710-7650,REGULAR,"SHEAFFER, STEVEN",York,0.04054054054,43.5074792,-70.409177
30059,"LEPPANEN, SASHA",0,0,2022-03-29,,,No,11 MECHANIC FALLS RD,OXFORD,ME,4270,207-535-7359,REGULAR,"LEPPANEN, SASHA",Oxford,0,44.1334805,-70.4630397
30058,BOWDINI'S ICE CREAM,1,3,2023-08-23,2024-05-10,EATING PLACE - TAKEOUT,No,471 MAIN ST,SPRINGVALE,ME,4083,857-214-1563,REGULAR,PILOTS COVE CAFE LLC,York,0.08108108108,43.465358,-70.796939
30053,AUNTIE ANNE'S PRETZELS,1,7,2024-08-14,2025-04-21,MUN - EATING PLACE,No,364 MAINE MALL RD,SOUTH PORTLAND,ME,4106,718-954-6396,REGULAR,J WILL PRETZELS II INC.,Cumberland,0.1351351351,43.6341705,-70.3365511
30053,AUNTIE ANNE'S PRETZELS,2,3,2022-07-12,2023-04-21,MUN - EATING PLACE,No,364 MAINE MALL RD,SOUTH PORTLAND,ME,4106,718-954-6396,REGULAR,J WILL PRETZELS II INC.,Cumberland,0.1216216216,43.6341705,-70.3365511
30052,TWELVE,3,1,2024-06-27,2024-07-07,MUN - EATING PLACE,No,115 THAMES STREET,PORTLAND,ME,4901,207-899-6770,REGULAR,TWELVE LLC,Cumberland,0.1351351351,43.6601467,-70.2471305
30052,TWELVE,2,0,2022-12-14,2023-07-07,MUN - EATING PLACE,No,115 THAMES STREET,PORTLAND,ME,4901,207-517-1100,REGULAR,TWELVE LLC,Cumberland,0.08108108108,43.6601467,-70.2471305
30052,TWELVE,2,0,2025-06-03,2026-07-07,MUN - EATING PLACE,No,115 THAMES STREET,PORTLAND,ME,4901,207-899-6770,REGULAR,TWELVE LLC,Cumberland,0.08108108108,43.6601467,-70.2471305
30051,MR. T'S SMOKE SHACK,0,1,2023-06-23,2024-05-11,EATING PLACE - MOBILE,No,1632 PORTLAND RD,ARUNDEL,ME,4005,207-229-5216,REGULAR,"TURNAGE, DWAYNE",York,0.01351351351,43.4233898,-70.516097
30051,MR. T'S SMOKE SHACK,0,0,2025-05-27,2026-05-11,EATING PLACE - MOBILE,No,21 WINTERBERRY LN,HOLLIS,ME,4042,207-229-5216,REGULAR,"TURNAGE, DWAYNE",York,0,43.5869085,-70.6233423
30048,MILLY'S FARMSIDE,3,7,2024-06-21,2025-04-13,EATING PLACE - TAKEOUT,No,226 GRAY RD,FALMOUTH,ME,4105,207-317-5651,REGULAR,MILLYS SKILLET LLC,Cumberland,0.2162162162,43.7551468,-70.3005816
30048,OLD SMITH FARM,3,3,2025-05-28,2026-04-13,EATING PLACE - TAKEOUT,No,226 GRAY RD,FALMOUTH,ME,4105,207-317-5651,NEWOWNER,SF3 LLC,Cumberland,0.1621621622,43.7551468,-70.3005816
30048,MILLY'S FARMSIDE,2,3,2022-06-01,2023-04-13,EATING PLACE - TAKEOUT,No,226 GRAY RD,FALMOUTH,ME,4105,207-317-5651,REGULAR,MILLYS SKILLET LLC,Cumberland,0.1216216216,43.7551468,-70.3005816
30047,"MAINE BAY BOWLS AT PORTLAND, LLC",1,1,2022-06-10,2023-04-07,MUN - EATING PLACE TAKEOUT,No,93 WASHINGTON AVE,PORTLAND,ME,4103,973-610-1123,REGULAR,"MAINE BAY BOWLS AT PORTLAND, LLC",Cumberland,0.05405405405,43.6664961,-70.2524787
30047,BAY BOWLS,0,2,2023-06-16,2023-04-07,MUN - EATING PLACE TAKEOUT,No,93 WASHINGTON AVE,PORTLAND,ME,4103,973-610-1123,REGULAR,"MAINE BAY BOWLS AT PORTLAND, LLC",Cumberland,0.02702702703,43.6664961,-70.2524787
30047,BAY BOWLS,0,0,2024-07-26,,MUN - EATING PLACE TAKEOUT,No,93 WASHINGTON AVE,PORTLAND,ME,4103,207-450-2909,NEWOWNER,JBLEA LLC,Cumberland,0,43.6664961,-70.2524787
30047,BAY BOWLS,0,0,2024-10-08,2025-07-30,MUN - EATING PLACE TAKEOUT,No,93 WASHINGTON AVE,PORTLAND,ME,4103,207-450-2909,REGULAR,JBLEA LLC,Cumberland,0,43.6664961,-70.2524787
30016,BIRD & CO,1,0,2023-08-08,2024-04-08,EATING PLACE - MOBILE,No,539 DEERING AVE,PORTLAND,ME,4103,207-747-5592,REGULAR,DEERING 539 LLC,Cumberland,0.04054054054,43.6703172,-70.2842021
30016,BIRD & CO,0,0,2023-08-11,2024-04-08,EATING PLACE - MOBILE,No,539 DEERING AVE,PORTLAND,ME,4103,207-747-5592,FOLLOW_UP_FULL,DEERING 539 LLC,Cumberland,0,43.6703172,-70.2842021
30016,BIRD & CO,0,0,2025-05-09,2025-04-08,EATING PLACE - MOBILE,No,539 DEERING AVE,PORTLAND,ME,4103,207-747-5592,REGULAR,DEERING 539 LLC,Cumberland,0,43.6703172,-70.2842021
30015,THE LOVING BITE CATERING,0,0,2023-04-13,2024-03-25,MUN - EATING AND CATERING,No,559 BRIGHTON AVE,PORTLAND,ME,4102,646-858-9600,REGULAR,"THE LOVING BITE CATERING, LLC",Cumberland,0,43.6687816,-70.3009759
30013,FREEDOM NUTRITION,0,1,2023-02-06,2023-06-16,EATING PLACE TIER 1,No,730 CENTER ST,AUBURN,ME,4210,207-212-2408,REGULAR,FREEDOM NUTRITION LLC,Androscoggin,0.01351351351,44.127541,-70.2260427
30010,RED BARN FOOD TRUCK 3,1,3,2024-10-02,2025-09-15,EATING PLACE - MOBILE,No,455 RIVERSIDE DR,AUGUSTA,ME,4330,207-480-1023,REGULAR,RED BARN INC,Kennebec,0.08108108108,44.345019,-69.7513278
30006,MITR,6,3,2025-02-10,2025-11-14,MUN - EATING PLACE,Yes,1281 CONGRESS ST,PORTLAND,ME,4102,336-929-1594,REGULAR,MITR LLC,Cumberland,0.2837837838,43.6582275,-70.2922987
30006,MITR,3,5,2023-06-27,2023-11-14,MUN - EATING PLACE,No,1281 CONGRESS ST,PORTLAND,ME,4102,336-929-1594,REGULAR,MITR LLC,Cumberland,0.1891891892,43.6582275,-70.2922987
30006,MITR,2,6,2024-01-30,2024-11-14,MUN - EATING PLACE,No,1281 CONGRESS ST,PORTLAND,ME,4102,336-929-1594,REGULAR,MITR LLC,Cumberland,0.1621621622,43.6582275,-70.2922987
30006,MITR,1,1,2025-03-18,2025-11-14,MUN - EATING PLACE,No,1281 CONGRESS ST,PORTLAND,ME,4102,336-929-1594,FOLLOW_UP_FULL,MITR LLC,Cumberland,0.05405405405,43.6582275,-70.2922987
30004,ODINA'S HOT DOGS,1,4,2024-08-08,2025-06-29,EATING PLACE - MOBILE,No,951 RTE 202,GREENE,ME,4236,207-754-7447,REGULAR,"LANGELIER, DEEDRA",Androscoggin,0.09459459459,44.2091514,-70.0989078
30002,CAPTAIN SWEETSERS INN LLC,0,2,2025-07-15,2026-06-08,BED AND BREAKFAST 5 ROOMS OR LESS,No,84 E MAIN ST,SEARSPORT,ME,4974,602-380-1461,REGULAR,CAPTAIN SWEETSERS INN LLC,Waldo,0.02702702703,44.4583284,-68.9202118
29999,"CROSEN, MOLLY M",0,0,2022-04-06,,,No,16 ELMWOOD AVE,WESTBROOK,ME,4092,484-680-0196,REGULAR,"CROSEN, MOLLY M",Cumberland,0,43.7156003,-70.3350706
29995,JERSEY MIKE'S SUBS,3,4,2024-12-12,2025-08-29,EATING PLACE TIER 1,No,600 CENTER ST,AUBURN,ME,4201,912-665-6728,REGULAR,JM BEDFORD LLC,Androscoggin,0.1756756757,44.1236332,-70.2271025
29995,JERSEY MIKE'S SUBS,1,3,2023-03-09,2023-08-29,EATING PLACE TIER 1,No,600 CENTER ST,AUBURN,ME,4201,912-665-6728,REGULAR,JM BEDFORD LLC,Androscoggin,0.08108108108,44.1236332,-70.2271025
29994,JERSEY MIKE'S SUBS,1,4,2023-08-02,2024-04-04,MUN - EATING PLACE,No,1100 BRIGHTON AVE,PORTLAND,ME,4102,912-665-6728,REGULAR,JM BEDFORD LLC,Cumberland,0.09459459459,43.6744093,-70.3252501
29994,JERSEY MIKE'S SUBS,1,4,2024-08-26,2025-04-04,MUN - EATING PLACE,No,1100 BRIGHTON AVE,PORTLAND,ME,4102,912-665-6728,REGULAR,JM BEDFORD LLC,Cumberland,0.09459459459,43.6744093,-70.3252501
29994,JERSEY MIKES SUBS,0,2,2025-07-23,2026-04-04,MUN - EATING PLACE,No,1100 BRIGHTON AVE,PORTLAND,ME,4102,912-665-6728,REGULAR,JM BEDFORD LLC,Cumberland,0.02702702703,43.6744093,-70.3252501
29994,JERSEY MIKE'S SUBS,0,0,2023-04-03,,MUN - EATING PLACE,No,1100 BRIGHTON AVE,PORTLAND,ME,4102,912-665-6728,REGULAR,JM BEDFORD LLC,Cumberland,0,43.6744093,-70.3252501
29991,SPARK BAGEL,1,0,2023-09-22,2024-03-29,CATERING,No,62 LITTLE RIVER DR,BELFAST,ME,4915,503-423-7381,REGULAR,SPARK BAGEL LLC,Waldo,0.04054054054,44.4052423,-69.0107352
29990,NEXT LEVEL NUTRITION,1,3,2023-04-07,2023-03-10,EATING PLACE TIER 1,No,190 RTE 133,WINTHROP,ME,4364,207-212-6939,REGULAR,"AUBUT, AMY",Kennebec,0.08108108108,44.3106598,-69.9773471
29989,THE RED BARN - ROADSHOW,3,0,2024-06-21,2023-03-15,EATING PLACE - MOBILE,No,256 STATE ST,AUGUSTA,ME,4330,207-480-1023,REGULAR,,Kennebec,0.1216216216,44.3029345,-69.7822406
29989,THE RED BARN - ROADSHOW,0,0,2024-06-22,2023-03-15,EATING PLACE - MOBILE,No,256 STATE ST,AUGUSTA,ME,4330,207-480-1023,FOLLOW_UP_FULL,,Kennebec,0,44.3029345,-69.7822406
29951,"MECHAM, HANNAH",0,0,2022-03-24,,,No,56 CHURCH RD,BRUNSWICK,ME,4011,207-841-1161,REGULAR,"MECHAM, HANNAH",Cumberland,0,43.90907,-69.9906833
29948,"CLAY, OLIVIA",0,0,2022-03-01,,,No,615 CONGRESS ST,PORTLAND,ME,4101,603-781-8594,REGULAR,"CLAY, OLIVIA",Cumberland,0,43.6538901,-70.2639726
29946,BABA'S,1,6,2022-07-21,2023-05-12,MUN - EATING PLACE,No,79 ISLAND AVE,PEAKS ISLAND,ME,4108,602-488-2923,REGULAR,"BABA'S, LLC",Cumberland,0.1216216216,43.656691,-70.1978697
29946,BABA'S,1,6,2023-08-31,2024-05-12,MUN - EATING PLACE,No,79 ISLAND AVE,PEAKS ISLAND,ME,4108,602-488-2923,REGULAR,"BABA'S, LLC",Cumberland,0.1216216216,43.656691,-70.1978697
29946,BABA'S,1,3,2025-05-28,2026-05-12,MUN - EATING PLACE,No,79 ISLAND AVE,PEAKS ISLAND,ME,4108,602-488-2923,REGULAR,"BABA'S, LLC",Cumberland,0.08108108108,43.656691,-70.1978697
29942,PATAGONIA KITCHEN,0,0,2022-10-18,,EATING PLACE - TAKEOUT,No,6 KEY ST,EASTPORT,ME,4631,207-956-0636,REGULAR,PATAGONIA  ARTISAMAL KITCHEN,Washington,0,44.903418,-66.985791
29941,AROMA JOES,1,0,2022-06-07,2023-04-11,EATING PLACE - TAKEOUT,No,25 SACO ST,SCARBOROUGH,ME,4074,207-878-1595,REGULAR,"GCS ENTERPRISES, LLC",Cumberland,0.04054054054,43.6521062,-70.3963713
29941,AROMA JOES,0,0,2024-11-26,2025-04-11,EATING PLACE - TAKEOUT,No,25 SACO ST,SCARBOROUGH,ME,4074,207-878-1595,REGULAR,"GCS ENTERPRISES, LLC",Cumberland,0,43.6521062,-70.3963713
29940,GETTIN SAUCED BBQ,0,0,2022-05-13,2023-03-01,EATING PLACE - MOBILE,No,8 CHASSE ST,AUBURN,ME,4210,207-240-9174,REGULAR,"POLAND, BONNIE",Androscoggin,0,44.057673,-70.2537879
29938,ENERGIZE-ME NUTRITION,0,1,2024-02-13,2024-02-23,EATING PLACE TIER 1,No,484 GARDINER RD,WALES,ME,4280,207-212-3165,REGULAR,"DRAKUS, LONITA",Androscoggin,0.01351351351,44.1556089,-70.0355297
29934,MOW'S MUNCHIES,0,0,2022-10-21,2023-05-03,EATING PLACE - MOBILE,No,82 CAPE RD,RAYMOND,ME,4071,207-240-9387,REGULAR,MOW'S MUNCHIES LLC,Bristol Bay,0,43.8976263,-70.5085131
29932,TAP 62,3,13,2023-08-17,2023-02-07,EATING PLACE TIER 1,Yes,920 W MAIN ST,DOVER-FOXCROFT,ME,4426,207-802-8276,REGULAR,CHEW 62 INC,Piscataquis,0.2972972973,45.186418,-69.2403981
29932,TAP 62,1,8,2023-09-08,2023-02-07,EATING PLACE TIER 1,No,920 W MAIN ST,DOVER-FOXCROFT,ME,4426,207-802-8276,FOLLOW_UP_FULL,CHEW 62 INC,Piscataquis,0.1486486486,45.186418,-69.2403981
29932,TAP 62,1,2,2025-04-02,2023-02-07,EATING PLACE TIER 1,No,920 W MAIN ST,DOVER-FOXCROFT,ME,4426,207-802-8276,REGULAR,,Piscataquis,0.06756756757,45.186418,-69.2403981
29930,MAINE CORRECTIONAL CENTER MAIN,0,1,2025-04-24,2025-09-02,CORRECTIONAL FACILITY,No,17 MALLISON FALLS RD,WINDHAM,ME,4062,207-893-7030,REGULAR,MAINE DEPARTMENT OF CORRECTIONS,Cumberland,0.01351351351,43.7262181,-70.4132026
29930,MAINE CORRECTIONAL CENTER,0,0,2023-04-12,2023-09-02,CORRECTIONAL FACILITY,No,17 MALLISON FALLS RD,WINDHAM,ME,4062,207-893-7030,REGULAR,MAINE DEPARTMENT OF CORRECTIONS,Cumberland,0,43.7262181,-70.4132026
29928,INN ALONG THE WAY,1,1,2025-03-03,2024-02-17,EATING AND LODGING,No,741 MAIN ST,DAMARISCOTTA,ME,4543,207-682-0118,REGULAR,INN ALONG THE WAY INC.,Lincoln,0.05405405405,44.0527083,-69.5008794
29928,INN ALONG THE WAY,0,1,2025-03-03,2024-02-17,EATING AND LODGING,No,741 MAIN ST,DAMARISCOTTA,ME,4543,207-682-0118,REGULAR,INN ALONG THE WAY INC.,Lincoln,0.01351351351,44.0527083,-69.5008794
29925,"SIMIS, CORINNE",0,0,2022-02-10,,,No,49 DARTMOUTH ST,PORTLAND,ME,4101,207-401-1235,REGULAR,"SIMIS, CORINNE",Cumberland,0,43.6673994,-70.2778381
29924,PIZZA SHACK,2,4,2022-08-31,2023-02-14,EATING PLACE - TAKEOUT,No,201 NORTH DEXTER RD,SANGERVILLE,ME,4479,207-876-3232,REGULAR,"AMES, PAMELA",Piscataquis,0.1351351351,45.1178674,-69.3399826
29924,PIZZA SHACK,1,3,2025-03-21,2025-02-14,EATING PLACE - TAKEOUT,No,201 NORTH DEXTER RD,SANGERVILLE,ME,4479,207-876-3232,REGULAR,"AMES, PAMELA",Piscataquis,0.08108108108,45.1178674,-69.3399826
29905,GRAND LAKE HUNT,1,0,2024-07-15,2025-01-13,EATING AND LODGING,No,314 IRISH SETTLEMENT RD,DANFORTH,ME,4424,207-448-9099,REGULAR,GRAND LAKE HUNT LLC,Aroostook,0.04054054054,45.6544593,-67.9097582
29905,GRAND LAKE HUNT,0,1,2022-03-30,2022-03-14,EATING AND LODGING,No,314 IRISH SETTLEMENT RD,DANFORTH,ME,4424,207-448-9099,REGULAR,GRAND LAKE HUNT LLC,Aroostook,0.01351351351,45.6544593,-67.9097582
29905,GRAND LAKE HUNT,0,0,2024-07-15,2025-01-13,EATING AND LODGING,No,314 IRISH SETTLEMENT RD,DANFORTH,ME,4424,207-448-9099,REGULAR,GRAND LAKE HUNT LLC,Aroostook,0,45.6544593,-67.9097582
29904,IMAGO DEI CAFE,1,0,2024-03-29,2024-02-09,EATING PLACE TIER 1,No,184 STATE ST,ELLSWORTH,ME,4605,207-669-5472,REGULAR,IMAGO DEI LLC,Hancock,0.04054054054,44.5493631,-68.426953
29903,ELLISON FOOD AND EVENTS,0,0,2022-02-17,,CATERING,No,26 VERA ST,PORTLAND,ME,4103,207-391-0070,REGULAR,"OSTER, CRAIG",Cumberland,0,43.6856038,-70.2719277
29901,COASTAL NUTRITION + ENERGY,0,3,2023-03-07,2024-01-11,EATING PLACE - TAKEOUT,No,372 MAIN ST,DAMARISCOTTA,ME,4543,207-563-6994,REGULAR,COASTAL NUTRITION & ENERGY,Lincoln,0.04054054054,44.0325308,-69.5211885
29883,HUNGRY HUSKIES,0,0,2023-01-18,2024-01-21,EATING PLACE - MOBILE,No,88 BEDFORD ST,PORTLAND,ME,4103,207-780-4039,REGULAR,SODEXO AMERICA LLC,Cumberland,0,43.6614096,-70.2742808
29881,THIS LIL PIGGY,1,2,2024-07-26,2025-01-03,EATING PLACE - MOBILE,No,285 WILSON ST,BREWER,ME,4412,207-659-6333,REGULAR,"LAPIERRE, ZACHARY AND ANNA-ELIZABETH",Penobscot,0.06756756757,44.7888255,-68.7583648
29871,ON THE ROCKS BARTENDING SERVICE,0,0,2022-02-11,,,No,16 HILLSIDE AVE,FALMOUTH,ME,4105,207-831-7110,REGULAR,"ON THE ROCKS, BARTENDING SERVICE INC",Cumberland,0,43.7488601,-70.3066653
29866,MAINE SCHOOL SOLUTIONS - PINEVIEW LEARNING CENTER,1,3,2023-12-18,2023-09-27,EATING - SCHOOL,No,169 ACADEMY RD,MONMOUTH,ME,4259,207-344-6226,REGULAR,MAINE SCHOOL SOLUTIONS LLC,Androscoggin,0.08108108108,44.2575965,-70.037965
29866,MAINE SCHOOL SOLUTIONS - PINEVIEW LEARNING CENTER,0,6,2024-12-04,2025-09-27,EATING - SCHOOL,No,169 ACADEMY RD,MONMOUTH,ME,4259,207-933-8430,REGULAR,MAINE SCHOOL SOLUTIONS LLC,Androscoggin,0.08108108108,44.2575965,-70.037965
29866,MAINE SCHOOL SOLUTIONS - PINEVIEW LEARNING CENTER,0,0,2021-12-17,,EATING - SCHOOL,No,169 ACADEMY RD,MONMOUTH,ME,4259,207-344-6226,NEWOWNER,MAINE SCHOOL SOLUTIONS LLC,Androscoggin,0,44.2575965,-70.037965
29865,"BAILEY, WHITNEY",0,0,2022-01-12,,,No,690 ROOSEVELT TRL,WINDHAM,ME,4062,207-747-7384,REGULAR,"BAILEY, WHITNEY",Cumberland,0,43.8298708,-70.435397
29861,"SHIELDS, PENELOPE",0,0,2021-12-14,,,No,220 BATH RD,BRUNSWICK,ME,4011,207-208-0330,REGULAR,"SHIELDS, PENELOPE",Cumberland,0,43.9081504,-69.9118996
29855,WILD ISLAND CENTER AND KITCHEN,1,0,2021-12-15,,EATING AND CATERING,No,127 PRETTY MARSH RD,MOUNT DESERT,ME,4660,831-212-3108,REGULAR,"LEAVITT, MEGAN",Hancock,0.04054054054,44.3540611,-68.359176
29854,PEAK PERFORMANCE AND WELLNESS LLC,0,2,2023-08-10,2024-01-25,EATING PLACE - TAKEOUT,No,1017 SCHOOL ST,VEAZIE,ME,4401,207-299-7245,REGULAR,"JOHNSON, JIM AND LIELA",Penobscot,0.02702702703,44.832688,-68.709315
29852,CRAVE NUTRITION,1,4,2023-11-01,2024-02-23,EATING PLACE - TAKEOUT,No,722 ATLANTIC HWY,WALDOBORO,ME,4572,207-446-2248,REGULAR,NICHOLS FAMILY PROPERTIES LLC,Lincoln,0.09459459459,44.0990526,-69.4120033
29851,VIEWPOINT HOTEL - FOOD TRUCK,0,0,2023-05-23,2023-12-27,EATING PLACE - MOBILE,No,229 NUBBLE RD,YORK,ME,3909,207-361-3261,REGULAR,IOTB LLC,York,0,43.1683718,-70.5951432
29850,VIEWPOINT HOTEL -  AIRSTREAM,0,0,2023-05-23,2023-12-27,EATING PLACE - MOBILE,No,229 NUBBLE RD,YORK,ME,3909,207-361-3261,REGULAR,IOTB LLC,York,0,43.1683718,-70.5951432
29849,"LONG, ALYSSA",0,0,2023-01-19,,,No,1 OCEAN PARK RD,OLD ORCHARD BEACH,ME,4064,603-730-4890,REGULAR,"LONG, ALYSSA",York,0,43.5074792,-70.409177
29848,"PETERSON, STEPHANIE",0,0,2021-12-15,,,No,39 EXCHANGE ST,PORTLAND,ME,4101,617-418-9437,REGULAR,"PETERSON, STEPHANIE",Cumberland,0,43.6572646,-70.2538918
29845,"BONIN, CHRISTOPHER",0,0,2025-03-28,,,No,265 MAIN ST,BIDDEFORD,ME,4005,703-343-5993,REGULAR,"BONIN, CHRISTOPHER",York,0,43.4939859,-70.458128
29836,DUNKIN DONUTS,0,5,2022-04-29,2022-12-03,EATING PLACE TIER 1,No,170 MAIN ST,UNITY,ME,4988,207-653-4073,REGULAR,SMK DONUTS INC,Waldo,0.06756756757,44.6149703,-69.3304246
29836,DUNKIN DONUTS,0,4,2025-03-13,2025-12-03,EATING PLACE TIER 1,No,170 MAIN ST,UNITY,ME,4988,207-653-4073,REGULAR,SMK DONUTS INC,Waldo,0.05405405405,44.6149703,-69.3304246
29835,GEMINI CAFE & BAKERY,0,2,2025-01-30,2025-11-16,EATING AND CATERING,No,96 MAIN ST,BETHEL,ME,4217,207-836-0000,REGULAR,GEMINI CAFE & BAKERY LLC,Oxford,0.02702702703,44.4077198,-70.7890426
29835,GEMINI CAFE & BAKERY,0,1,2025-01-31,2025-11-16,EATING AND CATERING,No,96 MAIN ST,BETHEL,ME,4217,207-836-0000,REGULAR,GEMINI CAFE & BAKERY LLC,Oxford,0.01351351351,44.4077198,-70.7890426
29835,GEMINI CAFE & BAKERY,0,0,2023-01-06,2023-11-16,EATING AND CATERING,No,96 MAIN ST,BETHEL,ME,4217,207-836-2333,REGULAR,GEMINI CAFE & BAKERY LLC,Oxford,0,44.4077198,-70.7890426
29828,"MINNIS, CATHERINE",0,0,2021-12-08,,,No,51 HARPSWELL RD,BRUNSWICK,ME,4011,207-319-6116,REGULAR,"MINNIS, CATHERINE",Cumberland,0,43.9060569,-69.9571266
29820,THE MILL CAFE,2,4,2023-06-27,2022-12-26,EATING PLACE TIER 2,No,5 E MAIN ST,DOVER-FOXCROFT,ME,4426,562-400-7263,REGULAR,"SCHULTZ, BRENDA",Piscataquis,0.1351351351,45.1841577,-69.230571
29817,"LARRIVEE, DEZIREE",0,0,2021-11-30,,,No,765 ROOSEVELT TRL,WINDHAM,ME,4062,207-415-3317,REGULAR,"LARRIVEE, DEZIREE",Cumberland,0,43.8366898,-70.4395326
29816,TWIN CITY NUTRITION,0,1,2021-11-23,2022-01-03,EATING PLACE TIER 1,No,417 WILSON ST,BREWER,ME,4412,207-272-7416,REGULAR,D & C DEVELOPMENT GROUP,Penobscot,0.01351351351,44.7837487,-68.7525736
29805,"BEAULIEU, ASHLEY",0,0,2021-12-17,,,No,68 ROOSEVELT TRL,NAPLES,ME,4210,207-713-4385,REGULAR,"BEAULIEU, ASHLEY",Oxford,0,43.9596701,-70.5689572
29804,"BEAULIEU, ASHLEY",0,0,2021-11-03,,,No,833 PORTLAND RD,SACO,ME,4072,207-713-4385,REGULAR,"BEAULIEU, ASHLEY",York,0,43.5355812,-70.4226163
29803,GOLDFINCH CREAMERY,1,1,2022-11-08,2023-10-22,EATING PLACE TIER 1,No,318 WATER ST,GARDINER,ME,4345,207-203-0007,REGULAR,"OLIVENCIA, HOPE K",Kennebec,0.05405405405,44.2297134,-69.7741893
29798,TOAST,0,0,2022-07-08,2022-12-30,EATING AND LODGING,No,7B SHAPLEIGH RD,KITTERY,ME,3904,207-710-7847,REGULAR,"HOLLAND, NINA",York,0,43.0913566,-70.7369651
29798,OHANA MARKET,0,0,2024-06-04,2024-12-30,EATING AND LODGING,No,7B SHAPLEIGH RD,KITTERY,ME,3904,603-828-6240,NEWOWNER,"HOLLAND, NINA",York,0,43.0913566,-70.7369651
29788,DOVER- FOXCROFT NUTRITION,1,2,2023-03-21,2022-11-19,EATING PLACE TIER 1,No,920 W MAIN ST,DOVER FOXCROFT,ME,4426,207-612-9313,REGULAR,DOVER-FOXCROFT NUTRITION LLC;  DOVER - FOXCROFT NU,Piscataquis,0.06756756757,45.186418,-69.2403981
29785,SUBWAY,0,0,2023-04-11,2023-10-21,MUN - EATING PLACE,No,1128 LISBON ST,LEWISTON,ME,4240,207-344-9532,REGULAR,MAINSUSA CORP,Androscoggin,0,44.0788727,-70.1916166
29784,TAYLOR EDES INN,0,2,2025-06-12,2025-10-28,BED AND BREAKFAST 5 ROOMS OR LESS,No,20 HIGH ST,DEXTER,ME,4930,385-999-0163,NEWOWNER,MARILOU A CONNER,Penobscot,0.02702702703,45.0227525,-69.286822
29784,TAYLOR EDES INN,0,0,2021-10-28,,BED AND BREAKFAST 5 ROOMS OR LESS,No,20 HIGH ST,DEXTER,ME,4930,207-951-5673,REGULAR,"PALMER, TAMMY",Penobscot,0,45.0227525,-69.286822
29783,THE PAISLEY LOON OF MAINE,0,2,2023-11-13,2024-10-15,EATING PLACE TIER 1,No,2 WILSON HILL RD,CHERRYFIELD,ME,4622,561-386-2746,REGULAR,THE PAISLEY LOON OF MAINE LLC,Washington,0.02702702703,44.5976683,-67.9254833
29783,THE PAISLEY LOON OF MAINE,0,1,2021-11-18,2022-10-15,EATING PLACE TIER 1,No,2 WILSON HILL RD,CHERRYFIELD,ME,4622,561-386-2746,REGULAR,THE PAISLEY LOON OF MAINE LLC,Washington,0.01351351351,44.5976683,-67.9254833
29781,FULL SEND NUTRITION,3,5,2024-07-09,2024-11-15,EATING PLACE TIER 1,No,800 CIVIC CENTER DR,AUGUSTA,ME,4330,207-314-5844,REGULAR,"MCGLASHING, BETSY",Kennebec,0.1891891892,44.382332,-69.8022846
29779,NEW YUM MEE RESTAURANT,5,12,2022-03-09,2022-10-22,EATING PLACE TIER 2,Yes,67 CENTRE ST,BATH,ME,46510,207-662-8668,REGULAR,"DIAN, YUAN",Sagadahoc,0.3648648649,46.5111715,-67.5959938
29779,NEW YUM MEE RESTAURANT,2,8,2022-04-15,2022-10-22,EATING PLACE TIER 2,No,67 CENTRE ST,BATH,ME,46510,207-662-8668,REGULAR,"DIAN, YUAN",Sagadahoc,0.1891891892,46.5111715,-67.5959938
29772,"DUTREMBLE, ALICIA",0,0,2021-10-20,,,No,422 ELM ST,BIDDEFORD,ME,4005,207-590-5702,REGULAR,"DUTREMBLE, ALICIA",York,0,43.4813733,-70.4733277
29766,THE BUTHCERS AND BAKERS,2,0,2022-05-26,2023-02-08,EATING PLACE TIER 2,No,149 MAINE ST,BRUNSWICK,ME,4011,207-530-6329,REGULAR,THE BUTCHERS AND BAKERS LLC,Cumberland,0.08108108108,43.9148381,-69.9636894
29766,BRICKYARD HOLLOW,5,6,2024-03-11,2024-04-25,EATING PLACE TIER 3,Yes,149 MAINE ST,BRUNSWICK,ME,4011,207-400-2242,REGULAR,BRICKYARD BRUNSWICK LLC,Cumberland,0.2837837838,43.9148381,-69.9636894
29766,BRICKYARD HOLLOW,2,2,2024-03-25,2024-04-25,EATING PLACE TIER 3,No,149 MAINE ST,BRUNSWICK,ME,4011,207-400-2242,FOLLOW_UP_FULL,BRICKYARD BRUNSWICK LLC,Cumberland,0.1081081081,43.9148381,-69.9636894
29765,"LESSARD, MORGAN",0,0,2021-11-30,,,No,240 US RT 1,FALMOUTH,ME,4105,207-240-9253,REGULAR,"LESSARD, MORGAN",Cumberland,0,43.7226073,-70.2331748
29763,"MCPHAIL, JENNIE",0,0,2021-10-29,,,No,16 ELMWOOD AVE,WESTBROOK,ME,4092,207-457-8196,REGULAR,MCHAIL JENNIE,Cumberland,0,43.7156003,-70.3350706
29762,"OGANDO, SHANNON, SHYANNE",0,0,2021-12-17,,,No,522 WASHINGTON AVE,PORTLAND,ME,4103,207-852-8675,REGULAR,"OGANDO, SHANNON SHYANNE",Cumberland,0,43.6803585,-70.258139
29761,ACAPULCO MEXICAN GRILL,0,1,2021-10-06,2021-10-10,EATING PLACE - TEMPORARY 5-14 DAYS,No,FRYEBURG FAIR,FRYEBURG,ME,4037,845-706-4709,REGULAR,"PENA-LOPEZ, ROSA I",Oxford,0.01351351351,44.0336807,-70.9689571
29758,LINCOLN E CLEMONT AMVETS POST 13,1,3,2025-03-14,2024-12-10,EATING PLACE TIER 3,No,1049 ROYALSBOROUGH RD,DURHAM,ME,4222,207-353-1631,REGULAR,AMVETS INC L E CLEMENT JR,Lincoln,0.08108108108,43.9624921,-70.1247946
29755,PEPPER'S LANDING TO GO,2,2,2023-09-25,2024-03-22,EATING PLACE - MOBILE,No,660 MAIN ST,SACO,ME,4072,207-641-5054,REGULAR,LOBSTER INVESTMENT PARTNERS,York,0.1081081081,43.516203,-70.4295844
29755,PEPPER'S LANDING TO GO,0,2,2022-05-05,2023-03-22,EATING PLACE - MOBILE,No,660 MAIN ST,SACO,ME,4072,207-641-5054,REGULAR,LOBSTER INVESTMENT PARTNERS,York,0.02702702703,43.516203,-70.4295844
29755,PEPPER'S LANDING TO GO,0,0,2024-09-29,2025-03-22,EATING PLACE - MOBILE,No,660 MAIN ST,SACO,ME,4072,207-641-5054,REGULAR,LOBSTER INVESTMENT PARTNERS,York,0,43.516203,-70.4295844
29741,BITE INTO MAINE,0,1,2025-05-16,2025-10-01,EATING PLACE - MOBILE,No,1000 SHORE ROAD,CAPE ELIZABETH,ME,4074,207-420-0294,REGULAR,BITE INTO MAINE INC,Cumberland,0.01351351351,43.6225164,-70.2161915
29741,BITE INTO MAINE,0,0,2022-04-07,2022-10-01,EATING PLACE - MOBILE,No,19 HEMLOCK CIRCLE,SCARBOROUGH,ME,4074,207-420-0294,REGULAR,BITE INTO MAINE INC,Cumberland,0,43.5714915,-70.3408794
29739,GROUNDED,1,2,2025-05-13,2026-02-20,EATING PLACE TIER 1,No,147 GARDINER RD,WISCASSET,ME,4578,207-837-9679,REGULAR,"HAGGETT, KALEI",Sagadahoc,0.06756756757,44.0148754,-69.6671333
29739,GROUNDED,0,3,2025-02-18,2023-11-01,EATING PLACE TIER 1,No,147 GARDINER RD,WISCASSET,ME,4578,207-837-9679,NEWOWNER,"HAGGETT, KALEI",Sagadahoc,0.04054054054,44.0148754,-69.6671333
29728,LE MU EATS,3,1,2025-01-17,2025-12-17,EATING PLACE TIER 2,No,119 MAIN ST,BETHEL,ME,4281,207-890-3303,REGULAR,ME EATS INC,Oxford,0.1351351351,44.4083031,-70.7882464
29728,LE MU EATS,0,4,2022-11-29,2023-12-17,EATING PLACE TIER 2,No,119 MAIN ST,BETHEL,ME,4281,207-890-3303,REGULAR,ME EATS INC,Oxford,0.05405405405,44.4083031,-70.7882464
29715,CHICK FIL A ROCK ROW,1,2,2022-02-15,2022-10-25,EATING PLACE TIER 3,No,94 ROCK ROW,WESTBROOK,ME,4092,207-550-2161,REGULAR,THE MAINE KUDZU PATCH LLC,Cumberland,0.06756756757,43.6761596,-70.332218
29715,CHICK FIL A ROCK ROW,0,1,2024-03-21,2024-10-25,EATING PLACE TIER 3,No,94 ROCK ROW,WESTBROOK,ME,4092,207-550-2161,REGULAR,THE MAINE KUDZU PATCH LLC,Cumberland,0.01351351351,43.6761596,-70.332218
29713,WINGIT,4,2,2022-04-28,2022-10-19,EATING PLACE - MOBILE,Yes,72 PARRIS ST,PORTLAND,ME,4101,207-420-4076,REGULAR,"MOHAMMED, BILAY",Cumberland,0.1891891892,43.658959,-70.2653576
29713,WINGIT,0,0,2022-05-03,2022-10-19,EATING PLACE - MOBILE,No,72 PARRIS ST,PORTLAND,ME,4101,207-420-4076,FOLLOW_UP_FULL,"MOHAMMED, BILAY",Cumberland,0,43.658959,-70.2653576
29704,FUEL ME NUTRITION,1,3,2024-06-13,2024-09-28,EATING PLACE - TAKEOUT,No,17 NORTH ST,PRESQUE ISLE,ME,4769,207-735-7555,FOLLOW_UP_FULL,FUEL ME NUTRITION LLC,Aroostook,0.08108108108,46.688251,-68.010771
29704,FUEL ME NUTRITION,0,3,2021-12-07,2022-09-28,EATING PLACE - TAKEOUT,No,17 NORTH ST,PRESQUE ISLE,ME,4769,207-760-7266,REGULAR,FUEL ME NUTRITION LLC,Aroostook,0.04054054054,46.688251,-68.010771
29702,BEACON BAR & BISTRO,2,0,2024-10-01,2025-09-21,EATING PLACE - MOBILE,No,482 HIO RIDGE RD,BRIDGTON,ME,4009,207-317-1426,REGULAR,BEACON BAR & BISTRO,Oxford,0.08108108108,44.0444786,-70.7740706
29702,BEACON BAR & BISTRO,0,0,2022-09-26,2023-09-21,EATING PLACE - MOBILE,No,482 HIO RIDGE RD,BRIDGTON,ME,4009,207-317-1426,REGULAR,BEACON BAR & BISTRO,Oxford,0,44.0444786,-70.7740706
29702,BEACON BAR & BISTRO,0,0,2023-09-26,2024-09-21,EATING PLACE - MOBILE,No,482 HIO RIDGE RD,BRIDGTON,ME,4009,207-317-1426,REGULAR,BEACON BAR & BISTRO,Oxford,0,44.0444786,-70.7740706
29701,DANA'S SWEETS,1,0,2022-07-15,2022-09-28,EATING PLACE - MOBILE,No,6 FRANKLIN ST,FORT FAIRFIELD,ME,4742,207-496-8223,REGULAR,"YORK, DANA",Aroostook,0.04054054054,46.760344,-67.8265887
29695,CINNAMON GIRL,1,0,2022-05-11,2022-10-04,MUN - EATING PLACE - MOBILE,No,141 MARGINAL WAY,PORTLAND,ME,4101,207-781-9991,REGULAR,CINNAMIN GIRL LLCC,Cumberland,0.04054054054,43.6630961,-70.2631758
29695,CINNAMON GIRL,1,0,2023-05-11,2023-10-04,MUN - EATING PLACE - MOBILE,No,141 MARGINAL WAY,PORTLAND,ME,4101,207-781-9991,REGULAR,CINNAMIN GIRL LLCC,Cumberland,0.04054054054,43.6630961,-70.2631758
29695,CINNAMON GIRL,0,0,2021-10-04,,MUN - EATING PLACE - MOBILE,No,141 MARGINAL WAY,PORTLAND,ME,4101,207-781-9991,REGULAR,CINNAMON GIRL LLCC,Cumberland,0,43.6630961,-70.2631758
29692,MACK'S PLACE,1,1,2021-09-25,2022-09-24,EATING PLACE - MOBILE,No,34 MIDDLE RIDGE RD,BRIDGTON,ME,4009,207-647-4611,REGULAR,MACKS PLACE LLC,Cumberland,0.05405405405,44.0753764,-70.7034909
29692,MACK'S PLACE,1,0,2022-09-24,2022-09-24,EATING PLACE - MOBILE,No,34 MIDDLE RIDGE RD,BRIDGTON,ME,4009,207-647-4611,REGULAR,MACKS PLACE LLC,Cumberland,0.04054054054,44.0753764,-70.7034909
29692,MACK'S PLACE,0,2,2023-10-11,2024-09-24,EATING PLACE - MOBILE,No,34 MIDDLE RIDGE RD,BRIDGTON,ME,4009,207-647-4611,REGULAR,MACKS PLACE LLC,Cumberland,0.02702702703,44.0753764,-70.7034909
29692,MACK'S PLACE,0,0,2024-09-30,2025-09-24,EATING PLACE - MOBILE,No,34 MIDDLE RIDGE RD,BRIDGTON,ME,4009,207-647-4611,REGULAR,MACKS PLACE LLC,Cumberland,0,44.0753764,-70.7034909
29677,"BARIS, ANTHONY",0,0,2021-09-09,,,No,39 EXCHANGE ST,PORTLAND,ME,4101,267-760-2180,REGULAR,BARIS. ANTHONY,Cumberland,0,43.6572646,-70.2538918
29676,MAINE VETERANS HOME,1,0,2025-03-06,2025-09-28,EATING PLACE TIER 1,No,35 HEROS WAY,AUGUSTA,ME,4330,207-622-2454,REGULAR,MAINE VETERANS HOME,Kennebec,0.04054054054,44.3607246,-69.7869779
29675,RC ENERGY,0,0,2022-03-25,2022-09-17,EATING PLACE - TAKEOUT,No,697 C US ROUTE 202,GREENE,ME,4236,207-713-2279,NEWOWNER,RC ENERGY LLC,Androscoggin,0,44.1970229,-70.1266823
29674,NIGHTHAWK'S KITCHEN,2,1,2025-05-23,2024-12-16,EATING PLACE TIER 1,No,200 LOWER MAIN ST,FREEPORT,ME,4032,207-800-5139,REGULAR,NIGHTHAWKS KITCHEN LLC,Cumberland,0.09459459459,43.8449797,-70.1185011
29674,NIGHTHAWK'S KITCHEN,2,0,2022-01-18,2022-12-16,EATING PLACE TIER 1,No,200 LOWER MAIN ST,FREEPORT,ME,4032,207-800-5139,REGULAR,NIGHTHAWKS KITCHEN LLC,Cumberland,0.08108108108,43.8449797,-70.1185011
29666,BREWER NUTRITION,1,3,2024-03-15,2024-05-12,EATING PLACE - TAKEOUT,No,46 CENTER ST,BREWER,ME,4474,207-299-4871,REGULAR,"KELLY, TAYLOR",Penobscot,0.08108108108,44.7975766,-68.7626508
29657,NORA'S GRILL,2,3,2025-07-03,2025-09-17,EATING PLACE - MOBILE,No,77 RAILROAD ST,BANGOR,ME,4401,207-745-1335,REGULAR,ALEXANDER FAMILY LLC,Penobscot,0.1216216216,44.7946752,-68.7728132
29652,PR CRAFT PROVISIONS,0,1,2024-08-29,2022-12-02,EATING PLACE - TAKEOUT,No,3 CAPE RD,RAYMOND,ME,4071,518-495-9565,NEWOWNER,PR CRAFT PROVISIONS LLC,Cumberland,0.01351351351,43.9077755,-70.5134519
29645,MEE-D THAI LLC,1,1,2024-09-24,2025-08-19,EATING PLACE TIER 2,No,886 MAIN ST,SANFORD,ME,4073,207-850-1091,REGULAR,MEE D THAI LLC,York,0.05405405405,43.4404677,-70.7764287
29637,BAR HARBOR LOBSTER CO,1,0,2023-05-03,2023-08-30,EATING PLACE - MOBILE,No,199 W COMMERCIAL ST,PORTLAND,ME,4102,207-266-3835,REGULAR,BAR HARBOR LOBSTER COMPANY,Cumberland,0.04054054054,43.6438138,-70.2701467
29636,C AND C CATERING,0,0,2025-06-10,2025-08-16,EATING PLACE - MOBILE,No,721 MAIN ST,WATERBORO,ME,4057,207-286-5776,REGULAR,C AND C CATERING,York,0,43.5490066,-70.7115723
29635,SMOKEY AND BRINES,0,1,2021-08-26,2022-10-28,COMMISSARY,No,236 SEBAGO LAKE RD,GORHAM,ME,4038,207-831-5939,REGULAR,SMOKE AND STEEL LLC,Cumberland,0.01351351351,43.7502627,-70.4632154
29632,FIELDS FIELDS BLUEBERRIES,0,1,2025-06-21,2025-11-15,EATING PLACE - MOBILE STICK BUILT,No,565 BLINN HILL RD,DRESDEN,ME,4342,207-776-2055,REGULAR,"FIELD, JESSE & ASHLEY",Lincoln,0.01351351351,44.1223462,-69.6815464
29630,STARBUCKS COFFEE #63397,2,4,2022-05-25,2022-11-01,EATING PLACE TIER 2,No,799 ROOSEVELT TRL,WINDHAM,ME,4062,603-505-5633,REGULAR,STARBUCKS CORP,Cumberland,0.1351351351,43.839673,-70.4426266
29630,STARBUCKS COFFEE #63397,1,0,2024-03-11,2024-11-01,EATING PLACE TIER 2,No,799 ROOSEVELT TRL,WINDHAM,ME,4062,603-505-5633,REGULAR,STARBUCKS CORP,Cumberland,0.04054054054,43.839673,-70.4426266
29626,THE BIBLIOPHILE BOOKSHOP & COFFEE HOUSE,1,5,2021-11-03,2022-09-07,EATING PLACE TIER 1,No,1233 ROOSEVELT TRL # 14,RAYMOND,ME,4071,321-961-1474,REGULAR,THE BIBLIOPHILE BOOKSHOP & COFFEEHOUSE LLC,Cumberland,0.1081081081,43.8803146,-70.4651067
29625,TOOTS,0,1,2021-12-08,2022-08-20,EATING PLACE TIER 1,No,21 MEMORIAL HIGHWAY,NORTH YARMOUTH,ME,4097,207-829-5502,REGULAR,TOOTS LLC,Cumberland,0.01351351351,43.8535622,-70.2229869
29625,TOOTS,0,1,2024-04-30,2024-08-20,EATING PLACE TIER 1,No,21 MEMORIAL HIGHWAY,NORTH YARMOUTH,ME,4097,207-489-9344,REGULAR,TOOTS LLC,Cumberland,0.01351351351,43.8535622,-70.2229869
29623,SMOKE N FIRE FOOD TRUCK,0,1,2021-08-28,,EATING PLACE - TEMPORARY 1-4 DAYS,No,270 CARL BROGGI HIGHWAY,LEBANON,ME,4024,860-977-2894,REGULAR,COOK STRONG LLC,York,0.01351351351,43.4140759,-70.8652247
29623,SMOKE N FIRE FOOD TRUCK,0,1,2022-08-26,2021-08-28,EATING PLACE - TEMPORARY 1-4 DAYS,No,270 CARL BROGGI HIGHWAY,LEBANON,ME,4024,860-977-2894,REGULAR,COOK STRONG LLC,York,0.01351351351,43.4140759,-70.8652247
29623,SMOKE N FIRE FOOD TRUCK,0,1,2022-07-23,2021-08-28,EATING PLACE - TEMPORARY 1-4 DAYS,No,270 CARL BROGGI HIGHWAY,LEBANON,ME,4024,860-977-2894,REGULAR,COOK STRONG LLC,York,0.01351351351,43.4140759,-70.8652247
29622,TASTEFULLY BRITISH,1,2,2023-08-19,2023-08-19,EATING PLACE - TEMPORARY 1-4 DAYS,No,THOMAS POINT,BRUNSWICK,ME,4401,9743-835-0606,REGULAR,"MALONEY, SCOTT",Cumberland,0.06756756757,43.8947793,-69.8939193
29622,TASTEFULLY BRITISH,0,0,2021-08-21,2021-08-21,EATING PLACE - TEMPORARY 1-4 DAYS,No,THOMAS POINT,BRUNSWICK,ME,4401,9743-835-0606,REGULAR,"MALONEY, SCOTT",Cumberland,0,43.8947793,-69.8939193
29610,CROOKED RIVER ELEMENTARY SCHOOL,1,2,2022-02-10,2022-09-27,EATING - SCHOOL,No,1467 POLAND SPRING RD,CASCO,ME,4015,207-693-6467,REGULAR,MSAD #61,Cumberland,0.06756756757,43.9862295,-70.4849132
29610,CROOKED RIVER ELEMENTARY SCHOOL,0,0,2023-01-19,2023-09-27,EATING - SCHOOL,No,1467 POLAND SPRING RD,CASCO,ME,4015,207-693-6467,REGULAR,MSAD #61,Cumberland,0,43.9862295,-70.4849132
29610,CROOKED RIVER ELEMENTARY SCHOOL,0,0,2023-12-13,2024-09-27,EATING - SCHOOL,No,1467 POLAND SPRING RD,CASCO,ME,4015,207-693-6467,FOLLOW_UP_FULL,MSAD #61,Cumberland,0,43.9862295,-70.4849132
29610,CROOKED RIVER ELEMENTARY SCHOOL,0,0,2024-10-30,2025-09-27,EATING - SCHOOL,No,1467 POLAND SPRING RD,CASCO,ME,4015,207-693-6467,REGULAR,MSAD #61,Cumberland,0,43.9862295,-70.4849132
29596,AMISH DONUTS,1,1,2024-08-27,2025-08-27,EATING PLACE - MOBILE,No,175 SKOWHEGAN RD,FAIRFIELD,ME,4937,207-776-5678,REGULAR,"DOUGLAS, KEVIN",Somerset,0.05405405405,44.6123154,-69.5955764
29596,AMISH DONUTS,0,2,2022-09-26,2023-08-27,EATING PLACE - MOBILE,No,175 SKOWHEGAN RD,FAIRFIELD,ME,4937,207-776-5678,REGULAR,"DOUGLAS, KEVIN",Somerset,0.02702702703,44.6123154,-69.5955764
29596,AMISH DONUTS,0,1,2023-08-28,2024-08-27,EATING PLACE - MOBILE,No,175 SKOWHEGAN RD,FAIRFIELD,ME,4937,207-776-5678,REGULAR,"DOUGLAS, KEVIN",Somerset,0.01351351351,44.6123154,-69.5955764
29596,AMISH DONUTS,0,0,2023-09-26,2024-08-27,EATING PLACE - MOBILE,No,175 SKOWHEGAN RD,FAIRFIELD,ME,4937,207-776-5678,REGULAR,"DOUGLAS, KEVIN",Somerset,0,44.6123154,-69.5955764
29591,RAS DAL FALAFEL,0,2,2022-11-01,2023-08-18,EATING PLACE TIER 1,No,57 E MAIN ST,SEARSPORT,ME,4974,207-701-1485,REGULAR,RAS DAL FARMERS LLC,Waldo,0.02702702703,44.4588839,-68.9228948
29585,FRONT & MAIN,0,0,2021-08-04,2021-08-04,EATING PLACE - TEMPORARY 1-4 DAYS,No,MAIN ST,WATERVILLE,ME,4901,207-660-0120,REGULAR,ELM CITY 9  LLC,Kennebec,0,44.5525811,-69.6314934
29584,RAVEN AMD CROW CO,0,0,2021-12-03,2022-08-16,EATING PLACE - TAKEOUT,No,11 PLEASANT ST,BRUNSWICK,ME,4011,207-449-9030,REGULAR,RAVEN AND CREW CO LLC,Cumberland,0,43.9139706,-69.9663257
29568,HOLIDAY INN EXPRESS WELLS OGUNQUIT,0,4,2023-12-20,2023-12-09,EATING AND LODGING,No,28  MILE RD,WELLS,ME,4090,207-360-0719,REGULAR,RRW HOTELS INC,York,0.05405405405,43.3044759,-70.5837303
29568,HOLIDAY INN EXPRESS WELLS OGUNQUIT,0,0,2021-11-04,2022-07-22,EATING AND LODGING,No,28  MILE RD,WELLS,ME,4090,207-360-0719,REGULAR,RRW HOTLES INC,York,0,43.3044759,-70.5837303
29568,HOLIDAY INN EXPRESS WELLS OGUNQUIT,0,0,2021-11-04,2022-07-22,EATING AND LODGING,No,28  MILE RD,WELLS,ME,4090,207-360-0719,REGULAR,RRW HOTLES INC,York,0,43.3044759,-70.5837303
29568,HOLIDAY INN EXPRESS WELLS OGUNQUIT,0,0,2023-12-20,2023-12-09,EATING AND LODGING,No,28  MILE RD,WELLS,ME,4090,207-360-0719,REGULAR,RRW HOTELS INC,York,0,43.3044759,-70.5837303
29564,FATBOYS LEMONADE,1,3,2023-09-01,2023-10-04,EATING PLACE - MOBILE,No,24 VAN VEEN DR,LEBANON,ME,4027,207-459-6269,REGULAR,"HOLTBY, STEPHEN & SHERRIE",York,0.08108108108,43.4140419,-70.8736351
29564,FATBOYS LEMONADE,1,0,2024-08-29,2024-10-04,EATING PLACE - MOBILE,No,24 VAN VEEN DR,LEBANON,ME,4027,207-459-6269,REGULAR,"HOLTBY, STEPHEN & SHERRIE",York,0.04054054054,43.4140419,-70.8736351
29563,DEE BUBBLE LICIOUS,1,0,2021-10-05,2022-09-27,EATING PLACE - MOBILE,No,223 SABATTUS ST,LEWISTON,ME,4240,973-986-3923,REGULAR,DEESAMER LLC,Androscoggin,0.04054054054,44.0998802,-70.2039218
29563,DEE BUBBLE LICIOUS,0,2,2022-07-27,2022-09-27,EATING PLACE - MOBILE,No,223 SABATTUS ST,LEWISTON,ME,4240,973-986-3923,REGULAR,DEESAMER LLC,Androscoggin,0.02702702703,44.0998802,-70.2039218
29563,DEE BUBBLE LICIOUS,0,1,2023-07-15,2023-09-27,EATING PLACE - MOBILE,No,223 SABATTUS ST,LEWISTON,ME,4240,207-754-7444,REGULAR,DEESAMER LLC,Androscoggin,0.01351351351,44.0998802,-70.2039218
29563,DEE BUBBLE LICIOUS,0,0,2023-07-24,2023-09-27,EATING PLACE - MOBILE,No,223 SABATTUS ST,LEWISTON,ME,4240,207-754-7444,REGULAR,DEESAMER LLC,Androscoggin,0,44.0998802,-70.2039218
29563,DEE BUBBLE LICIOUS,1,3,2025-06-20,2024-09-27,EATING PLACE - MOBILE,No,861 AUBURN RD,TURNER,ME,4282,207-754-7444,REGULAR,DEESAMER LLC,Androscoggin,0.08108108108,44.240556,-70.259342
29563,DEE BUBBLE LICIOUS,0,3,2024-07-19,2024-09-27,EATING PLACE - MOBILE,No,861 AUBURN RD,TURNER,ME,4282,207-754-7444,REGULAR,DEESAMER LLC,Androscoggin,0.04054054054,44.240556,-70.259342
29563,DEE BUBBLE LICIOUS,0,1,2024-08-22,2024-09-27,EATING PLACE - MOBILE,No,861 AUBURN RD,TURNER,ME,4282,207-754-7444,REGULAR,DEESAMER LLC,Androscoggin,0.01351351351,44.240556,-70.259342
29563,DEE BUBBLE LICIOUS,0,0,2025-07-18,2025-09-27,EATING PLACE - MOBILE,No,861 AUBURN RD,TURNER,ME,4282,207-754-7444,REGULAR,DEESAMER LLC,Androscoggin,0,44.240556,-70.259342
29562,NOODLE STREET FOOD TRUCK,5,5,2022-10-03,2023-08-30,EATING PLACE - MOBILE,Yes,223 SABATTUS ST,LEWISTON,ME,4240,973-986-3923,REGULAR,DEESAMER LLC,Androscoggin,0.2702702703,44.0998802,-70.2039218
29562,NOODLE STREET FOOD TRUCK,3,5,2023-08-10,2023-08-30,EATING PLACE - MOBILE,No,223 SABATTUS ST,LEWISTON,ME,4240,973-986-3923,REGULAR,DEESAMER LLC,Androscoggin,0.1891891892,44.0998802,-70.2039218
29562,NOODLE STREET FOOD TRUCK,1,3,2022-09-21,2023-08-30,EATING PLACE - MOBILE,No,223 SABATTUS ST,LEWISTON,ME,4240,973-986-3923,REGULAR,DEESAMER LLC,Androscoggin,0.08108108108,44.0998802,-70.2039218
29562,NOODLE STREET FOOD TRUCK,1,2,2023-07-24,2023-08-30,EATING PLACE - MOBILE,No,223 SABATTUS ST,LEWISTON,ME,4240,973-986-3923,REGULAR,DEESAMER LLC,Androscoggin,0.06756756757,44.0998802,-70.2039218
29562,NOODLE STREET FOOD TRUCK,1,0,2023-09-01,2024-08-30,EATING PLACE - MOBILE,No,223 SABATTUS ST,LEWISTON,ME,4240,207-754-7444,REGULAR,,Androscoggin,0.04054054054,44.0998802,-70.2039218
29562,NOODLE STREET FOOD TRUCK,0,2,2023-08-24,2023-08-30,EATING PLACE - MOBILE,No,223 SABATTUS ST,LEWISTON,ME,4240,973-986-3923,REGULAR,DEESAMER LLC,Androscoggin,0.02702702703,44.0998802,-70.2039218
29562,NOODLE STREET FOOD TRUCK,0,0,2021-08-30,,EATING PLACE - MOBILE,No,223 SABATTUS ST,LEWISTON,ME,4240,973-986-3923,NEWOWNER,DEESAMER LLC,Androscoggin,0,44.0998802,-70.2039218
29562,NOODLE STREET FOOD TRUCK,0,0,2022-10-04,2023-08-30,EATING PLACE - MOBILE,No,223 SABATTUS ST,LEWISTON,ME,4240,973-986-3923,FOLLOW_UP_FULL,DEESAMER LLC,Androscoggin,0,44.0998802,-70.2039218
29560,DUNKIN DONUTS,0,4,2023-02-28,2023-11-29,MUN - EATING PLACE,No,420 MAIN ST,LEWISTON,ME,4240,978-263-6200,REGULAR,"DMCP AUBURN, LLC",Androscoggin,0.05405405405,44.1054634,-70.2118121
29559,ELECTRIFY NUTRITION & WELLNESS,0,4,2022-11-17,2023-08-20,EATING PLACE TIER 1,No,491 RICHMOND RD,LITCHFIELD,ME,4350,207-717-5774,REGULAR,ELECTRIFY NUTRITION & ENERGY,Kennebec,0.05405405405,44.1352471,-69.9810622
29554,SUSHI & THAI SMILE RESTAURANT,2,6,2022-10-13,2023-09-15,EATING PLACE - TAKEOUT,No,148 WILTON RD,FARMINGTON,ME,4938,207-778-0790,REGULAR,"RAKSASUWAN, KANOKPORN",Franklin,0.1621621622,44.6592505,-70.1527975
29554,SUSHI & THAI SMILE RESTAURANT,0,0,2023-08-21,2023-09-15,EATING PLACE - TAKEOUT,No,148 WILTON RD,FARMINGTON,ME,4938,207-778-0790,NEWOWNER,"RAKSASUWAN, SURACHET",Franklin,0,44.6592505,-70.1527975
29552,MOBILE MUNCHIES,1,3,2021-10-05,2022-08-21,EATING PLACE - MOBILE STICK BUILT,No,1104 CLINTON AVE,BENTON,ME,4901,207-595-6219,REGULAR,"ROAKES, JESSICA",Penobscot,0.08108108108,44.5763224,-69.5620306
29551,SEASIDE DAIRY BAR & LOBSTER POUND,2,6,2021-09-13,2021-09-13,EATING PLACE - TAKEOUT,No,21 HARBOR DR,BASS HARBOR,ME,4653,207-244-9751,REGULAR,"HANSEN, NORMAN",Washington,0.1621621622,44.2339587,-68.3423899
29550,20 BELOW,0,0,2022-12-30,2023-07-15,EATING PLACE TIER 2,No,20 SILVER ST,WATERVILLE,ME,1901,207-861-4454,REGULAR,18 BELOW LLC,Kennebec,0,44.5486365,-69.6306177
29547,THROTTLE CAR CLUB,0,0,2022-01-13,2022-07-22,EATING PLACE - TAKEOUT,No,10 DYNAMIC DR,SCARBOROUGH,ME,4074,978-657-2441,REGULAR,NONNI CORP LLC,Cumberland,0,43.6086256,-70.3532875
29547,THROTTLE CAR CLUB,0,0,2024-12-13,2025-07-22,EATING PLACE - TAKEOUT,No,10 DYNAMIC DR,SCARBOROUGH,ME,4074,978-697-2441,REGULAR,NONNI CORP LLC,Cumberland,0,43.6086256,-70.3532875
29544,MINI WINNIES,4,6,2022-07-15,2022-07-13,EATING PLACE - MOBILE,Yes,234 SWEDEN ST,CARIBOU,ME,4736,207-551-7882,REGULAR,"MANCOS, DUSTIN",Aroostook,0.2432432432,46.8600438,-68.0255057
29544,MINI WINNIES,3,1,2021-07-17,2021-08-12,EATING PLACE - MOBILE,No,234 SWEDEN ST,CARIBOU,ME,4736,207-551-7882,REGULAR,"MANCOS, DUSTIN",Aroostook,0.1351351351,46.8600438,-68.0255057
29544,MINI WINNIES,2,3,2024-07-19,2024-07-13,EATING PLACE - MOBILE,No,234 SWEDEN ST,CARIBOU,ME,4736,207-551-7882,REGULAR,"MANCOS, DUSTIN",Aroostook,0.1216216216,46.8600438,-68.0255057
29544,MINI WINNIES,0,2,2023-07-14,2024-07-13,EATING PLACE - MOBILE,No,234 SWEDEN ST,CARIBOU,ME,4736,207-551-7882,REGULAR,"MANCOS, DUSTIN",Aroostook,0.02702702703,46.8600438,-68.0255057
29544,MINI WINNIES,0,0,2022-07-15,2022-07-13,EATING PLACE - MOBILE,No,234 SWEDEN ST,CARIBOU,ME,4736,207-551-7882,REGULAR,"MANCOS, DUSTIN",Aroostook,0,46.8600438,-68.0255057
29535,PINTO THAI TO GO,3,7,2024-11-21,2025-08-28,EATING PLACE TIER 1,No,294 STATE ST,AUGUSTA,ME,4330,207-621-8575,REGULAR,PINTO THAI TO GO LLC,Kennebec,0.2162162162,44.2999699,-69.7832856
29535,PINTO THAI TO GO,2,3,2022-07-12,2022-09-28,EATING PLACE TIER 1,No,294 STATE ST,AUGUSTA,ME,4330,207-621-8575,REGULAR,PINTO THAI TO GO LLC,Kennebec,0.1216216216,44.2999699,-69.7832856
29533,LADY SHUCKERS,2,0,2024-04-16,2024-09-11,MUN - CATERING,No,95 DARLING AVE,SOUTH PORTLAND,ME,4106,207-899-9121,REGULAR,LADY SHUCKERS LLC,Cumberland,0.08108108108,43.6405865,-70.3302466
29533,LADY SHUCKERS,0,1,2025-07-30,2025-09-11,MUN - CATERING,No,95 DARLING AVE,SOUTH PORTLAND,ME,4106,207-899-9121,REGULAR,LADY SHUCKERS LLC,Cumberland,0.01351351351,43.6405865,-70.3302466
29531,BAD LITTLE BREWING COMPANY LLC,1,6,2022-02-18,,EATING PLACE TIER 3,No,101 COURT ST,MACHIAS,ME,4654,207-749-6474,REGULAR,BAD LITTLE BREWING COMPANY LLC,Washington,0.1216216216,44.7154659,-67.4608621
29525,UNWINED,0,0,2023-06-05,2023-07-29,EATING PLACE TIER 2,No,151 WATER ST,SKOWHEGAN,ME,4976,207-432-8201,REGULAR,UNWINED LLC,Kennebec,0,44.7657945,-69.7171714
29525,UNWINED,0,0,2025-03-28,2025-07-29,EATING PLACE TIER 2,No,151 WATER ST,SKOWHEGAN,ME,4976,207-432-8201,NEWOWNER,MARY HALEY,Kennebec,0,44.7657945,-69.7171714
29525,UNWINED,0,0,2025-05-22,2026-03-31,EATING PLACE TIER 2,No,151 WATER ST,SKOWHEGAN,ME,4976,207-399-3128,REGULAR,UNWINED LLC,Kennebec,0,44.7657945,-69.7171714
29523,"BEROUTY, JOHN",0,0,2021-07-02,,,No,364 MAINE MALL RD,SOUTH PORTLAND,ME,4106,603-622-4791,REGULAR,"BEROUTY, JOHN",Cumberland,0,43.6341705,-70.3365511
29518,FAT ROLL FOOD TRUCK,0,1,2022-11-08,2023-10-20,EATING PLACE - MOBILE,No,495 COMMERCIAL ST,ROCKPORT,ME,4856,207-236-3260,REGULAR,FRESH OFF THE FARM,Knox,0.01351351351,44.168281,-69.0823044
29518,FAT ROLL FOOD TRUCK,0,0,2022-10-20,,EATING PLACE - MOBILE,No,495 COMMERCIAL ST,ROCKPORT,ME,4856,207-236-3260,NEWOWNER,FRESH OFF THE FARM,Knox,0,44.168281,-69.0823044
29512,BHIVE,3,5,2021-08-27,2022-07-20,EATING PLACE - TAKEOUT,No,852 ROOSEVELT TRL,NAPLES,ME,4055,207-310-4103,REGULAR,BHIVE,Oxford,0.1891891892,43.9688702,-70.6024654
29511,QUANTO BASTA,1,3,2022-06-01,2022-07-26,MUN - EATING PLACE - MOBILE,No,87 QUEBEC ST,PORTLAND,ME,4101,309-231-8178,REGULAR,QUANTO BASTA LLC,Cumberland,0.08108108108,43.6677081,-70.2499239
29508,BUBS BURRITOS,0,1,2021-08-03,2021-08-23,EATING PLACE - TAKEOUT,No,18 VILLAGE GREEN WAY,SOUTHWEST HARBOR,ME,4699,207-812-6007,REGULAR,BUBS BURRITOS LLC,Hancock,0.01351351351,44.280002,-68.3270038
29503,"DOMINGUEZ, RANDY",0,0,2021-06-21,,,No,31 OLD ORCHARD BEACH,OLD ORCHARD BEACH,ME,4064,954-303-9549,REGULAR,"DOMINGUEZ, RANDY",York,0,43.515609,-70.3739817
29503,"DOMINGUEZ, RANDY",0,0,2021-06-23,,,No,31 OLD ORCHARD BEACH,OLD ORCHARD BEACH,ME,4064,954-303-9549,REGULAR,"DOMINGUEZ, RANDY",York,0,43.515609,-70.3739817
29502,"HAGEMEYER, DANIELLE",0,0,2021-07-14,,,No,428 US ROUTE 1,SCARBOROUGH,ME,4074,,REGULAR,"HAGEMYER, DANIELLE",Cumberland,0,43.5555407,-70.4036774
29499,SOLSTICE NUTRITION,0,2,2021-08-06,2021-08-23,EATING PLACE TIER 1,No,73 MAIN ST,BANGOR,ME,4401,207-341-1002,REGULAR,SOLSTICE NUTRITION,Penobscot,0.02702702703,44.8003032,-68.7720852
29494,CHIPOTLE MEXICAN GRILL,0,0,2022-12-15,2023-12-30,EATING PLACE TIER 2,No,799 ROOSEVELT TRL,WINDHAM,ME,4062,614-318-2400,REGULAR,CHIPOTLE MEXICAN GRILL OF COLORADO LLC,Cumberland,0,43.839673,-70.4426266
29494,CHIPOTLE MEXICAN GRILL,0,0,2024-11-19,2025-12-30,EATING PLACE TIER 2,No,799 ROOSEVELT TRL,WINDHAM,ME,4062,614-318-2482,REGULAR,CHIPOTLE MEXICAN GRILL OF COLORADO LLC,Cumberland,0,43.839673,-70.4426266
29490,MOW'S MUINCHIES,1,0,2025-06-13,2026-05-13,EATING PLACE - TAKEOUT,No,261 POINT SEBAGO RD,CASCO,ME,4115,207-240-9387,REGULAR,MOWS MUNCHIES LLC,Cumberland,0.04054054054,43.9193158,-70.5504526
29487,PORTLAND PIE,0,0,2021-08-04,2022-07-05,EATING PLACE - MOBILE,No,173 MAIN ST,WATERVILLE,ME,4106,207-217-5355,REGULAR,WATERVILLE PIE LLC,Kennebec,0,44.5514765,-69.6304137
29485,GRILLICIOUS KABAB,1,1,2022-08-12,2022-06-21,EATING PLACE - TAKEOUT,No,4 EAST GRAND AVE,OLD ORCHARD BEACH,ME,4064,207-219-8256,REGULAR,COBBLESTONE GRILLE LLC,York,0.05405405405,43.5161355,-70.3741414
29482,MELS MAGICKEL MEALS,0,0,2021-07-17,2021-07-17,EATING PLACE - TEMPORARY 1-4 DAYS,No,,ACTON,ME,4001,516-512-8415,REGULAR,"HARDWICK, MELISSA",York,0,43.534612,-70.909882
29480,MUNCHVILLE,0,1,2021-07-02,2021-07-03,EATING PLACE - TEMPORARY 1-4 DAYS,No,15 RIDGE RD,NEWRY,ME,4261,518-272-3780,REGULAR,"HOGAN, KEVIN",Oxford,0.01351351351,44.4736386,-70.8571043
29478,G TOWN TEAS & SHAKES,1,1,2024-03-12,2024-07-11,EATING PLACE - TAKEOUT,No,7 ABJ DR,GARDINER,ME,4345,207-592-5882,REGULAR,G TOWN TEAS & SHAKES,Kennebec,0.05405405405,44.2028225,-69.7962399
29474,CHRISSY'S SHAVED ICE,2,0,2023-08-03,2024-07-06,EATING PLACE - MOBILE,No,9 RAYMOND WOOD RD,SCARBOROUGH,ME,4074,207-523-9650,REGULAR,"WOOD, DAVID & CHRISSY",Cumberland,0.08108108108,43.5901001,-70.4157651
29474,CHRISSY'S SHAVED ICE,1,1,2023-07-24,2024-07-06,EATING PLACE - MOBILE,No,9 RAYMOND WOOD RD,SCARBOROUGH,ME,4074,207-523-9650,REGULAR,"WOOD, DAVID & CHRISSY",Cumberland,0.05405405405,43.5901001,-70.4157651
29474,CHRISSY'S SHAVED ICE,0,2,2022-10-03,2023-07-06,EATING PLACE - MOBILE,No,9 RAYMOND WOOD RD,SCARBOROUGH,ME,4074,207-523-9650,REGULAR,"WOOD, DAVID & CHRISSY",Cumberland,0.02702702703,43.5901001,-70.4157651
29474,CHRISSY'S SHAVED ICE,0,1,2024-06-26,2025-07-06,EATING PLACE - MOBILE,No,9 RAYMOND WOOD RD,SCARBOROUGH,ME,4074,207-523-9650,REGULAR,"WOOD, DAVID & CHRISSY",Cumberland,0.01351351351,43.5901001,-70.4157651
29474,CHRISSY'S SHAVED ICE,0,0,2022-07-15,2023-07-06,EATING PLACE - MOBILE,No,9 RAYMOND WOOD RD,SCARBOROUGH,ME,4074,207-523-9650,REGULAR,"WOOD, DAVID & CHRISSY",Cumberland,0,43.5901001,-70.4157651
29474,CHRISSY'S SHAVED ICE,0,0,2022-08-04,2023-07-06,EATING PLACE - MOBILE,No,9 RAYMOND WOOD RD,SCARBOROUGH,ME,4074,207-523-9650,REGULAR,"WOOD, DAVID & CHRISSY",Cumberland,0,43.5901001,-70.4157651
29474,CHRISSY'S SHAVED ICE,0,1,2021-07-09,2022-07-06,EATING PLACE - MOBILE STICK BUILT,No,9 RAYMOND WOOD RD,SCARBOROUGH,ME,4074,207-523-9650,REGULAR,"WOOD, DAVID & CHRISSY",Cumberland,0.01351351351,43.5901001,-70.4157651
29473,MAC ATTACK,0,1,2021-08-26,2021-08-28,EATING PLACE - MOBILE,No,754 CUSHING RD,FRIENDSHIP,ME,4547,207-975-5720,REGULAR,"CURTIS, RICHARD",Knox,0.01351351351,44.0202995,-69.2833926
29473,MAC ATTACK,0,1,2022-09-20,2023-06-29,EATING PLACE - MOBILE,No,754 CUSHING RD,FRIENDSHIP,ME,4547,207-975-5720,REGULAR,"CURTIS, RICHARD",Knox,0.01351351351,44.0202995,-69.2833926
29473,MAC ATTACK,0,1,2025-07-31,2026-06-29,EATING PLACE - MOBILE,No,754 CUSHING RD,FRIENDSHIP,ME,4547,207-975-5720,REGULAR,"CURTIS, RICHARD",Knox,0.01351351351,44.0202995,-69.2833926
29472,MILL STREAM NUTRITION,1,5,2022-01-11,2022-02-04,EATING PLACE TIER 1,No,65 MAIN ST,NORRIDGEWOCK,ME,4957,207-634-6071,NEWOWNER,MILL STREAM NUTRITION,Somerset,0.1081081081,44.7128777,-69.7907097
29469,FRESH ELLA,0,1,2022-09-23,2023-06-17,EATING PLACE - MOBILE,No,10 SEAVEY CORNER RD,MOUNT VERNON,ME,4352,207-500-1341,REGULAR,"BOR, CAREY",Kennebec,0.01351351351,44.4999612,-69.9900392
29469,FRESH ELLA,0,0,2024-09-20,2025-06-17,EATING PLACE - MOBILE,No,10 SEAVEY CORNER RD,MOUNT VERNON,ME,4352,207-500-1341,REGULAR,"BOR, CAREY",Kennebec,0,44.4999612,-69.9900392
29468,ACADIA OUTDOOR CENTER,1,1,2024-07-18,2025-06-17,EATING PLACE - TAKEOUT,No,18 MAIN ST,SEAL HARBOR,ME,4675,207-801-9343,REGULAR,ACADIA OUTDOOR CENTER LLC,Hancock,0.05405405405,44.2982927,-68.2405316
29468,ACADIA OUTDOOR CENTER,0,0,2021-07-22,2021-07-17,EATING PLACE - TAKEOUT,No,18 MAIN ST,SEAL HARBOR,ME,4675,207-801-9343,REGULAR,ACADIA OUTDOOR CENTER LLC,Hancock,0,44.2982927,-68.2405316
29458,ISLAND FALLS,2,2,2021-06-01,,EATING PLACE TIER 1,No,23 HOULTON RD,ISLAND FALLS,ME,4747,207-538-6886,NEWOWNER,"GRANT, GRACE",Aroostook,0.1081081081,46.0088351,-68.2678162
29457,APRES,1,2,2022-03-11,2022-07-01,MUN - EATING PLACE,No,140 ANDERSON ST,PORTLAND,ME,4101,207-233-7229,REGULAR,APRES LLC,Cumberland,0.06756756757,43.6672748,-70.2558266
29457,APRES,0,2,2024-09-17,2024-07-01,MUN - EATING PLACE,No,140 ANDERSON ST,PORTLAND,ME,4101,207-233-7229,REGULAR,APRES LLC,Cumberland,0.02702702703,43.6672748,-70.2558266
29457,APRES,0,1,2023-08-15,2024-07-01,MUN - EATING PLACE,No,140 ANDERSON ST,PORTLAND,ME,4101,207-233-7229,REGULAR,APRES LLC,Cumberland,0.01351351351,43.6672748,-70.2558266
29457,APRES,0,1,2025-06-02,2025-07-01,MUN - EATING PLACE,No,140 ANDERSON ST,PORTLAND,ME,4101,207-233-7229,REGULAR,APRES LLC,Cumberland,0.01351351351,43.6672748,-70.2558266
29456,THE CLUB,3,7,2023-10-12,2024-06-15,EATING PLACE TIER 2,No,12 CAPE DOCKS RD,STOCKTON SPRINGS,ME,4981,207-653-1428,FOLLOW_UP_FULL,"LIVERSIDGE, JILLIAN",Waldo,0.2162162162,44.4680563,-68.8561797
29456,THE CLUB,0,0,2021-06-15,,EATING PLACE TIER 2,No,12 CAPE DOCKS RD,STOCKTON SPRINGS,ME,4981,207-653-1428,NEWOWNER,YATCH CLUB LLC,Waldo,0,44.4680563,-68.8561797
29455,WATERFRONT NUTRITION,1,3,2024-05-21,2024-06-17,EATING PLACE TIER 1,No,226 WATER ST,GARDINER,ME,4346,207-215-1197,REGULAR,WATERFRONT NUTRITION,Kennebec,0.08108108108,44.2294582,-69.7719948
29455,WATERFRONT NUTRITION,1,0,2022-02-14,2022-06-17,EATING PLACE TIER 1,No,226 WATER ST,GARDINER,ME,4346,207-215-1197,REGULAR,WATERFRONT NUTRITION,Kennebec,0.04054054054,44.2294582,-69.7719948
29452,THE ICE CREAM SHOPPE,0,0,2023-03-03,2023-06-21,EATING PLACE TIER 2,No,902 KENNEDY MEMORIAL DR,OAKLAND,ME,4963,207-691-2829,REGULAR,"GARDNER, TINA",Penobscot,0,44.5441251,-69.6948201
29449,KONA ICE,0,1,2021-07-02,2021-07-03,EATING PLACE - TEMPORARY 1-4 DAYS,No,,NEWRY,ME,3076,603-765-8378,REGULAR,"DIBONA, CHRISTINA",Oxford,0.01351351351,44.487689,-70.787659
29444,THE LUNCHBOX,0,0,2021-06-10,,,No,138 AUGUSTA RD,WHITEFIELD,ME,4353,207-552-3845,NEWOWNER,"GUIMOND, TINA BRANN",Kennebec,0,44.2747966,-69.6459768
29443,WHITTLE BIRD COFFEE,1,2,2024-07-08,2025-04-30,EATING PLACE TIER 1,No,417 N MAIN ST,GUILFORD,ME,4443,207-717-9031,REGULAR,CHRIS/MELISSA WALLACE,Piscataquis,0.06756756757,45.1702131,-69.3863268
29437,HAPPY FACE BARBECUE,1,0,2022-06-07,2023-06-15,CATERING,No,6 SULLIVAN ST,BERWICK,ME,3901,603-305-5196,REGULAR,HAPPY FACE BARBECUE LLC,York,0.04054054054,43.2662871,-70.8642223
29437,HAPPY FACE BARBECUE,0,0,2023-05-30,2023-06-15,CATERING,No,6 SULLIVAN ST,BERWICK,ME,3901,603-305-5196,REGULAR,HAPPY FACE BARBECUE LLC,York,0,43.2662871,-70.8642223
29432,BRICKYARD HOLLOW BREWING,2,5,2024-10-03,2024-06-07,MUN - EATING PLACE,No,9 COMMERCIAL ST,PORTLAND,ME,4101,207-847-0411,REGULAR,BRICKYARD HOLLOW BREWING CO,Cumberland,0.1486486486,43.6591775,-70.2490255
29432,BRICKYARD HOLLOW BREWING,1,3,2022-02-28,2022-07-26,MUN - EATING PLACE,No,9 COMMERCIAL ST,PORTLAND,ME,4101,207-847-0411,REGULAR,BRICKYARD HOLLOW BREWING CO,Cumberland,0.08108108108,43.6591775,-70.2490255
29432,BRICKYARD HOLLOW BREWING,1,3,2023-10-06,2024-07-26,MUN - EATING PLACE,No,9 COMMERCIAL ST,PORTLAND,ME,4101,207-847-0411,REGULAR,BRICKYARD HOLLOW BREWING CO,Cumberland,0.08108108108,43.6591775,-70.2490255
29432,BRICKYARD HOLLOW BREWING,1,2,2023-02-21,2023-07-26,MUN - EATING PLACE,No,9 COMMERCIAL ST,PORTLAND,ME,4101,207-847-0411,REGULAR,BRICKYARD HOLLOW BREWING CO,Cumberland,0.06756756757,43.6591775,-70.2490255
29424,NAUTICAL NUTRITION,0,1,2021-08-19,2021-08-24,EATING PLACE - TAKEOUT,No,43 OAK ST,BOOTHBAY HARBOR,ME,4538,207-315-3574,REGULAR,NAUTICAL NUTRITION LLC,Lincoln,0.01351351351,43.8543444,-69.627235
29419,"HALLE, TYLER",0,0,2021-08-24,,,No,39 EXCHANGE ST,PORTLAND,ME,4101,207-956-7145,REGULAR,HALLE. TYLE,Cumberland,0,43.6572646,-70.2538918
29417,ALOFT HOTEL PORTLAND,1,1,2022-03-01,2022-08-24,MUN - EATING AND LODGING,No,379 COMMERCIAL ST,PORTLAND,ME,4101,207-761-6000,REGULAR,APPLE NINE HOSPITALITY MANAGEMENT INC,Cumberland,0.05405405405,43.6515819,-70.2569712
29417,ALOFT HOTEL PORTLAND,0,1,2023-03-16,2023-08-24,MUN - EATING AND LODGING,No,379 COMMERCIAL ST,PORTLAND,ME,4101,207-761-6000,REGULAR,APPLE NINE HOSPITALITY MANAGEMENT INC,Cumberland,0.01351351351,43.6515819,-70.2569712
29417,ALOFT HOTEL PORTLAND,0,1,2024-03-26,2024-08-24,MUN - EATING AND LODGING,No,379 COMMERCIAL ST,PORTLAND,ME,4101,207-761-6000,REGULAR,APPLE NINE HOSPITALITY MANAGEMENT INC,Cumberland,0.01351351351,43.6515819,-70.2569712
29417,ALOFT HOTEL PORTLAND,0,1,2025-03-13,2025-08-24,MUN - EATING AND LODGING,No,379 COMMERCIAL ST,PORTLAND,ME,4101,207-761-6000,REGULAR,APPLE NINE HOSPITALITY MANAGEMENT INC,Cumberland,0.01351351351,43.6515819,-70.2569712
29417,ALOFT HOTEL PORTLAND,0,1,2025-03-13,2025-08-24,MUN - EATING AND LODGING,No,379 COMMERCIAL ST,PORTLAND,ME,4101,207-761-6000,REGULAR,APPLE NINE HOSPITALITY MANAGEMENT INC,Cumberland,0.01351351351,43.6515819,-70.2569712
29417,ALOFT HOTEL PORTLAND,0,0,2021-08-23,,MUN - EATING AND LODGING,No,379 COMMERCIAL ST,PORTLAND,ME,4101,207-761-6000,NEWOWNER,"APPLE NINE HOSPITALITY MANAGEMENT, INC",Cumberland,0,43.6515819,-70.2569712
29417,ALOFT HOTEL PORTLAND,0,0,2021-08-23,,MUN - EATING AND LODGING,No,379 COMMERCIAL ST,PORTLAND,ME,4101,207-761-6000,NEWOWNER,"APPLE NINE HOSPITALITY MANAGEMENT, INC",Cumberland,0,43.6515819,-70.2569712
29417,ALOFT HOTEL PORTLAND,0,0,2022-03-01,2022-08-24,MUN - EATING AND LODGING,No,379 COMMERCIAL ST,PORTLAND,ME,4101,207-761-6000,REGULAR,APPLE NINE HOSPITALITY MANAGEMENT INC,Cumberland,0,43.6515819,-70.2569712
29417,ALOFT HOTEL PORTLAND,0,0,2023-03-16,2023-08-24,MUN - EATING AND LODGING,No,379 COMMERCIAL ST,PORTLAND,ME,4101,207-761-6000,REGULAR,APPLE NINE HOSPITALITY MANAGEMENT INC,Cumberland,0,43.6515819,-70.2569712
29417,ALOFT HOTEL PORTLAND,0,0,2024-03-26,2024-08-24,MUN - EATING AND LODGING,No,379 COMMERCIAL ST,PORTLAND,ME,4101,207-761-6000,REGULAR,APPLE NINE HOSPITALITY MANAGEMENT INC,Cumberland,0,43.6515819,-70.2569712
29414,NEWPORT DINER,3,6,2025-07-17,2026-07-01,EATING PLACE TIER 2,No,171 ELM ST,NEWPORT,ME,4953,207-275-8359,REGULAR,"PARKINS, JEFFREY & SIX, DEBORAH",Penobscot,0.2027027027,44.8301055,-69.26524
29413,GO SEE TYCE BBQ,1,0,2021-09-21,2022-07-30,EATING PLACE - TAKEOUT,No,810 PORTLAND RD,SACO,ME,4072,207-494-8025,REGULAR,GOSEE TYCE BBQ LLC,York,0.04054054054,43.5327109,-70.4253457
29413,GO SEE TYCE BBQ,0,0,2024-02-08,2024-07-30,EATING PLACE - TAKEOUT,No,810 PORTLAND RD,SACO,ME,4072,207-494-8025,REGULAR,GOSEE TYCE BBQ LLC,York,0,43.5327109,-70.4253457
29412,SHERRY'S KITCHEN,0,0,2023-05-31,2024-05-31,CATERING,No,144 ROBERTS CEMETERY RD,VINALHAVEN,ME,4863,207-475-6812,REGULAR,"REGA, SHERRY",Knox,0,44.0404821,-68.8136036
29408,MR TUNA BRUNSWICK,2,1,2023-07-21,2024-06-03,EATING PLACE - MOBILE,No,BRUNSWICK,BRUNSWICK,ME,4040,413-636-9688,REGULAR,RONIN RESTAURANT GROUP LLC,Cumberland,0.09459459459,43.9114183,-69.9655363
29408,MR TUNA BRUNSWICK,2,1,2023-07-24,2024-06-03,EATING PLACE - MOBILE,No,BRUNSWICK,BRUNSWICK,ME,4040,413-636-9688,REGULAR,RONIN RESTAURANT GROUP LLC,Cumberland,0.09459459459,43.9114183,-69.9655363
29408,MR TUNA BRUNSWICK,2,0,2021-06-14,2022-06-03,EATING PLACE - MOBILE,No,BRUNSWICK,BRUNSWICK,ME,4040,413-636-9688,REGULAR,RONIN RESTAURANT GROUP LLC,Cumberland,0.08108108108,43.9114183,-69.9655363
29408,MR TUNA BRUNSWICK,1,1,2024-08-08,2025-06-03,EATING PLACE - MOBILE,No,BRUNSWICK,BRUNSWICK,ME,4040,413-636-9688,REGULAR,RONIN RESTAURANT GROUP LLC,Cumberland,0.05405405405,43.9114183,-69.9655363
29408,MR TUNA BRUNSWICK,0,2,2025-06-08,2026-06-03,EATING PLACE - MOBILE,No,BRUNSWICK,BRUNSWICK,ME,4040,413-636-9688,REGULAR,RONIN RESTAURANT GROUP LLC,Cumberland,0.02702702703,43.9114183,-69.9655363
29408,MR TUNA BRUNSWICK,0,0,2022-05-12,2022-06-03,EATING PLACE - MOBILE,No,BRUNSWICK,BRUNSWICK,ME,4040,413-636-9688,REGULAR,RONIN RESTAURANT GROUP LLC,Cumberland,0,43.9114183,-69.9655363
29398,THE GALLERY,2,2,2021-09-09,2022-06-03,EATING PLACE TIER 2,No,361 MAIN ST,WINTER HARBOR,ME,4693,207-360-8923,REGULAR,"LORENX, TROY",Hancock,0.1081081081,44.3915141,-68.087946
29398,THE GALLERY,1,1,2024-09-24,2025-06-03,EATING PLACE TIER 2,No,361 MAIN ST,WINTER HARBOR,ME,4693,406-360-8923,REGULAR,"LORENX, TROY",Hancock,0.05405405405,44.3915141,-68.087946
29394,NECTAR OF MAINE,5,11,2022-05-12,2022-05-14,EATING PLACE TIER 2,Yes,115 N HIGH ST,BRIDGTON,ME,4009,207-803-8572,REGULAR,"HEGGEMAN, ROSE",Cumberland,0.3513513514,44.0578876,-70.7235892
29394,NECTAR OF MAINE,3,2,2022-08-05,2023-05-14,EATING PLACE TIER 2,No,115 N HIGH ST,BRIDGTON,ME,4009,207-803-8572,FOLLOW_UP_FULL,"HEGGEMAN, ROSE",Cumberland,0.1486486486,44.0578876,-70.7235892
29389,RIVERSIDE NUTRITION,0,0,2023-08-23,2023-06-04,EATING PLACE TIER 1,No,63 MAIN ST,ANSON,ME,4911,207-399-6081,REGULAR,RIVERSIDE NUTRITION LLC,Somerset,0,44.7977693,-69.8902853
29388,HANCOCK POUR HOUSE,1,5,2025-01-08,2025-12-18,EATING PLACE TIER 3,No,47 WARDWELL RD,ORLAND,ME,4472,207-951-4050,REGULAR,MBRANN LLC,Hancock,0.1081081081,44.5728687,-68.7549392
29388,HANCOCK POUR HOUSE,1,5,2025-01-08,2025-12-18,EATING PLACE TIER 3,No,47 WARDWELL RD,ORLAND,ME,4472,207-951-4050,REGULAR,MBRANN LLC,Hancock,0.1081081081,44.5728687,-68.7549392
29387,ROSEMONT MARKET AND WINE BAR,2,2,2022-03-11,2022-08-10,MUN - EATING PLACE - LIMITED MENU,No,42 RESURGAM,PORTLAND,ME,4101,207-699-4306,REGULAR,ROSEMONT MARKET AND BAKERY,Cumberland,0.1081081081,43.6513806,-70.2910218
29387,ROSEMONT MARKET AND WINE BAR,1,1,2022-12-15,2023-08-10,MUN - EATING PLACE - LIMITED MENU,No,42 RESURGAM,PORTLAND,ME,4101,207-699-4306,REGULAR,ROSEMONT MARKET AND BAKERY,Cumberland,0.05405405405,43.6513806,-70.2910218
29386,GREAT SCOTTS MAC WAGON,1,2,2022-06-29,2022-06-04,EATING PLACE - MOBILE,No,7 DOGLEG DR,WINDHAM,ME,4062,207-210-0992,REGULAR,"BODLOVICK, SCOTT A",Cumberland,0.06756756757,43.7341678,-70.3673027
29386,GREAT SCOTTS MAC WAGON,0,0,2023-09-30,2024-06-04,EATING PLACE - MOBILE,No,7 DOGLEG DR,WINDHAM,ME,4062,207-210-0992,REGULAR,"BODLOVICK, SCOTT A",Cumberland,0,43.7341678,-70.3673027
29375,VOLKERNICK'S SAUSAGE,1,2,2021-09-25,2022-05-28,EATING PLACE - MOBILE,No,20 SWIFT AVE,RUMFORD,ME,4276,207-364-4109,REGULAR,"VOLKERNICK, JEREMY & KELLY",Oxford,0.06756756757,44.560976,-70.5584714
29373,CREPE ELIZABETH,3,2,2022-10-05,2023-05-25,EATING PLACE - MOBILE,No,11 BURDEAN RD,WINDHAM,ME,4062,207-808-0039,REGULAR,CREPES 4 DAYS LLC,Cumberland,0.1486486486,43.8025153,-70.3900628
29373,CREPE ELIZABETH,1,0,2023-10-03,2024-05-25,EATING PLACE - MOBILE,No,11 BURDEAN RD,WINDHAM,ME,4062,207-808-0039,REGULAR,CREPES 4 DAYS LLC,Cumberland,0.04054054054,43.8025153,-70.3900628
29373,CREPE ELIZABETH,0,0,2023-07-20,2024-05-25,EATING PLACE - MOBILE,No,11 BURDEAN RD,WINDHAM,ME,4062,207-808-0039,REGULAR,CREPES 4 DAYS LLC,Cumberland,0,43.8025153,-70.3900628
29373,CREPE ELIZABETH,0,0,2024-07-11,2025-05-25,EATING PLACE - MOBILE,No,11 BURDEAN RD,WINDHAM,ME,4062,207-808-0039,REGULAR,CREPES 4 DAYS LLC,Cumberland,0,43.8025153,-70.3900628
29370,UGLY DUMPLING PREP KITCHEN,0,0,2022-10-11,2023-05-15,EATING PLACE - TAKEOUT,No,4 BRIDGE ST,FARMINGTON,ME,4992,207-747-7302,REGULAR,THE UGLY DUMPLING LLC,Franklin,0,44.6622857,-70.1525874
29368,BISSELL BROTHERS,3,2,2024-05-29,2024-07-20,MUN - EATING PLACE,No,38 RESURGAM PLACE,PORTLAND,ME,4101,207-423-3622,FOLLOW_UP_FULL,BISSELL BROTHERS BREWING CO LLC,Cumberland,0.1486486486,43.6513806,-70.2910218
29368,BISSELL BROTHERS,3,1,2023-09-20,2024-05-27,MUN - EATING PLACE,No,38 RESURGAM PLACE,PORTLAND,ME,4101,207-423-3622,REGULAR,BISSELL BROTHERS BREWING CO LLC,Cumberland,0.1351351351,43.6513806,-70.2910218
29368,BISSELL BROTHERS,1,0,2021-09-02,2022-05-27,MUN - EATING PLACE,No,38 RESURGAM PLACE,PORTLAND,ME,4101,207-423-3622,REGULAR,BISSELL BROTHERS BREWING CO LLC,Cumberland,0.04054054054,43.6513806,-70.2910218
29368,BISSELL BROTHERS,0,2,2022-09-28,2023-05-27,MUN - EATING PLACE,No,38 RESURGAM PLACE,PORTLAND,ME,4101,207-423-3622,REGULAR,BISSELL BROTHERS BREWING CO LLC,Cumberland,0.02702702703,43.6513806,-70.2910218
29366,"MABEY, RILEY",0,0,2021-05-21,,,No,31 OLD ORCHARD ST,OLD ORCHARD BEACH,ME,4064,402-213-4697,REGULAR,"MABEY, RILEY",York,0,43.5165821,-70.3763106
29366,"MABEY, RILEY",0,0,2021-05-21,,,No,31 OLD ORCHARD ST,OLD ORCHARD BEACH,ME,4064,402-213-4697,REGULAR,"MABEY, RILEY",York,0,43.5165821,-70.3763106
29365,"YITZCHAK, RAN",0,0,2021-05-21,,,No,31 OLD ORCHARD ST,OLD ORCHARD BEACH,ME,4064,702-912-6280,REGULAR,"YITZCHAK, RAN",York,0,43.5165821,-70.3763106
29364,"CADAVID, MATEO",0,0,2021-05-21,,,No,31 OLD ORCHARD ST,OLD ORCHARD BEACH,ME,4064,856-313-0314,REGULAR,"CADAVID, MATEO",York,0,43.5165821,-70.3763106
29362,KEN'S FOOD TRUCK,0,0,2021-05-21,2022-06-04,EATING PLACE TIER 1,No,11 AUGUSTA RD,WINSLOW,ME,4001,207-614-4111,REGULAR,KENS DRIVE IN INC,Kennebec,0,44.5379434,-69.6292043
29347,"SIMPSON, JENNIFER",0,0,2021-06-14,,,No,583 FOREST AVE,PORTLAND,ME,4101,812-606-8250,REGULAR,"SIMPSON, JENNIFER",Cumberland,0,43.6692898,-70.2814939
29344,SOUTHERN MAINE NUTRITION,1,1,2021-07-08,2022-05-12,EATING PLACE - TAKEOUT,No,233 PARKER FARM RD,BUXTON,ME,4033,207-317-0433,REGULAR,"CATES, FELICIA",York,0.05405405405,43.6786167,-70.5872063
29336,CURBSIDE COMFORT FOOD TRUCK,0,0,2021-07-08,2022-05-24,EATING PLACE - MOBILE,No,72 PARRIS ST.,PORTLAND,ME,4101,207-383-7033,REGULAR,T S GRACE LLC,Cumberland,0,43.658959,-70.2653576
29333,THE MET AT FREEPORT,4,1,2022-03-18,2023-02-09,EATING PLACE TIER 2,Yes,48 MAIN ST,FREEPORT,ME,3860,603-452-4102,REGULAR,FLAHERTY RETAIL OF MAINE LLC,Cumberland,0.1756756757,43.8560415,-70.1045341
29333,THE MET AT FREEPORT,0,7,2025-04-02,2026-02-09,EATING PLACE TIER 2,No,48 MAIN ST,FREEPORT,ME,3860,603-452-4102,REGULAR,FLAHERTY RETAIL OF MAINE LLC,Cumberland,0.09459459459,43.8560415,-70.1045341
29333,THE MET AT FREEPORT,1,0,2022-03-28,2023-02-09,EATING PLACE TIER 2,No,48 MAIN ST,FREEPORT,ME,3860,603-452-4102,FOLLOW_UP_FULL,FLAHERTY RETAIL OF MAINE LLC,Cumberland,0.04054054054,43.8560415,-70.1045341
29332,PADDY WAGON,1,1,2021-06-03,,MUN - EATING PLACE - MOBILE,No,,PORTLAND,ME,4101,703-859-1377,REGULAR,ANGLO-IRISH HOSPITALITY LLC,Cumberland,0.05405405405,43.6573605,-70.2586618
29331,SCOOPS,1,1,2022-07-15,2023-05-25,EATING PLACE - MOBILE,No,57 DUDLEY ST,PRESQUE ISLE,ME,4769,207-764-0998,REGULAR,"GALIPEAU, CHRISTA & SCOTT",Aroostook,0.05405405405,46.6797344,-68.0072633
29322,NARROW ESCAPE,1,1,2021-11-29,2022-05-21,EATING PLACE TIER 1,No,37 WATER ST,LUBEC,ME,4652,207-263-5903,REGULAR,NARROW ESCAPE LLC,Washington,0.05405405405,44.8610389,-66.9836188
29322,NARROW ESCAPE,0,1,2023-12-22,2024-05-21,EATING PLACE TIER 1,No,37 WATER ST,LUBEC,ME,4652,207-263-5903,REGULAR,NARROW ESCAPE LLC,Washington,0.01351351351,44.8610389,-66.9836188
29318,THE UGLY DUMPLING,0,1,2024-06-29,2025-05-11,EATING PLACE - MOBILE,No,293 MAIN ST,FARMINGTON,ME,4938,207-747-7302,REGULAR,THE UGLY DUMPLING LLC,Franklin,0.01351351351,44.6648608,-70.1479932
29318,THE UGLY DUMPLING,0,1,2025-07-17,2026-05-11,EATING PLACE - MOBILE,No,293 MAIN ST,FARMINGTON,ME,4938,207-747-7302,REGULAR,THE UGLY DUMPLING LLC,Franklin,0.01351351351,44.6648608,-70.1479932
29318,THE UGLY DUMPLING,0,0,2022-08-03,2023-05-11,EATING PLACE - MOBILE,No,293 MAIN ST,FARMINGTON,ME,4938,207-747-7302,REGULAR,THE UGLY DUMPLING LLC,Franklin,0,44.6648608,-70.1479932
29315,MAMA LOLA'S MEXICAN FOOD,1,0,2021-07-29,2022-05-03,EATING PLACE - MOBILE,No,28 LINCOLN ST,CALAIS,ME,4619,207-952-5164,REGULAR,"DUKE, TOM",Washington,0.04054054054,45.183691,-67.279279
29311,PARK STREET GRILLE,2,5,2024-11-21,2025-05-06,EATING PLACE TIER 3,No,1 PARK DR,ROCKLAND,ME,4841,207-594-4944,NEWOWNER,BOWDEN ENTERPRISES,Knox,0.1486486486,44.1020467,-69.1078991
29309,INDEPENENCE FOOD SERVICES,1,2,2022-06-15,2023-05-18,EATING PLACE - MOBILE,No,1652 PORTLAND RD,ARUNDEL,ME,4046,207-229-1539,REGULAR,INDEPENDENCE FOOD SERVICE LLC,York,0.06756756757,43.4238134,-70.5150452
29308,BLANCHARD'S CREAMERY,5,3,2025-05-30,2026-05-24,EATING PLACE TIER 1,Yes,660 BOOTHBAY RD,EDGECOMB,ME,4556,617-821-5794,REGULAR,BLANCHARD'S CREAMERY,Lincoln,0.2432432432,43.9606836,-69.6300114
29308,BLANCHARD'S CREAMERY,1,0,2025-06-24,2026-05-24,EATING PLACE TIER 1,No,660 BOOTHBAY RD,EDGECOMB,ME,4556,617-821-5794,FOLLOW_UP_FULL,BLANCHARD'S CREAMERY,Lincoln,0.04054054054,43.9606836,-69.6300114
29307,FLIGHT DECK PIZZA LLC,2,4,2025-05-08,2026-05-04,EATING PLACE - MOBILE,No,11 ATLANTIC AVE,BRUNSWICK,ME,4011,207-504-5133,REGULAR,FLIGHT DECK PIZZA LLC,Cumberland,0.1351351351,43.8991928,-69.9274469
29307,FLIGHT DECK PIZZA LLC,0,0,2021-08-09,2022-05-04,EATING PLACE - MOBILE,No,11 ATLANTIC AVE,BRUNSWICK,ME,4011,207-776-4268,REGULAR,FLIGHT DECK PIZZA LLC,Cumberland,0,43.8991928,-69.9274469
29306,TEXAS BACKYARD BBQ,0,0,2024-11-15,2023-05-13,EATING PLACE - MOBILE,No,1005 AUGUSTA RD,BELGRADE,ME,4917,207-530-2230,REGULAR,"LAVIGNE, WILLIAM",Kennebec,0,44.4648451,-69.8321711
29304,EIGHTY 8 DONUTS,2,1,2022-02-28,2022-07-07,MUN - EATING PLACE,No,225 FEDERAL ST,PORTLAND,ME,4101,207-653-3071,REGULAR,DOLLARS TO DONUTS LLC,Cumberland,0.09459459459,43.657962,-70.2576588
29304,EIGHTY 8 DONUTS,0,4,2025-02-05,2025-07-07,MUN - EATING PLACE,No,202 FEDERAL ST,PORTLAND,ME,4101,207-653-3071,REGULAR,DOLLARS TO DONUTS LLC,Cumberland,0.05405405405,43.6583522,-70.2563264
29304,EIGHTY 8 DONUTS,0,1,2023-02-01,2023-07-07,MUN - EATING PLACE,No,225 FEDERAL ST,PORTLAND,ME,4101,207-653-3071,REGULAR,DOLLARS TO DONUTS LLC,Cumberland,0.01351351351,43.657962,-70.2576588
29304,EIGHTY 8 DONUTS,0,1,2024-02-09,2024-07-07,MUN - EATING PLACE,No,202 FEDERAL ST,PORTLAND,ME,4101,207-653-3071,REGULAR,DOLLARS TO DONUTS LLC,Cumberland,0.01351351351,43.6583522,-70.2563264
29303,"NUTTER, CHARLENE",0,0,2021-05-27,,,No,75 MECHANIC ST,ROCKLAND,ME,4841,603-548-0386,REGULAR,"NUTTER, CHARLENE",Knox,0,44.0937528,-69.1047458
29301,BOB'S UGLY BAGELS,0,1,2022-08-25,2023-06-02,EATING PLACE - MOBILE,No,2304 MILTON MILLS RD,ACTON,ME,4001,207-641-7254,REGULAR,"ROTHWELL, ROBERT",York,0.01351351351,43.5035014,-70.9312914
29301,BOB'S UGLY BAGELS,0,0,2023-08-25,2024-06-02,EATING PLACE - MOBILE,No,2304 MILTON MILLS RD,ACTON,ME,4001,207-641-7254,REGULAR,"ROTHWELL, ROBERT",York,0,43.5035014,-70.9312914
29300,XTREME NUTRITION,0,1,2025-04-15,2025-06-04,EATING PLACE TIER 1,No,499 HAMMOND ST,BANGOR,ME,4401,207-951-6800,REGULAR,XTREME NUTRITION LLC,Penobscot,0.01351351351,44.8005914,-68.7878405
29299,DIRTY DOGS,2,5,2023-06-01,2024-05-06,EATING PLACE - MOBILE,No,349 KATAHDIN AVE,MILLINOCKET,ME,4462,207-447-2602,REGULAR,MCAVOY. TROY,Penobscot,0.1486486486,45.6615805,-68.7126363
29287,ARCHIE LOBSTER,0,0,2023-05-19,2023-05-26,EATING PLACE - MOBILE,No,90 TREMONT RD,TREMONT,ME,4653,207-460-4464,REGULAR,ARCHIE'S LOBSTER LLC,Hancock,0,44.2518677,-68.3482886
29285,SWEET CAROLINE'S,0,0,2021-08-10,2022-06-21,EATING PLACE - MOBILE,No,FORT WILLIAMS PARK,CAPE ELIZABETH,ME,4107,508-808-2161,REGULAR,"CUTTER, CAROLINE",Cumberland,0,43.6216378,-70.2121893
29285,SWEET CAROLINE'S LLC,0,0,2023-07-20,2024-06-21,EATING PLACE - MOBILE,No,FORT WILLIAMS PARK,CAPE ELIZABETH,ME,4107,508-808-2161,REGULAR,"CUTTER, CAROLINE",Cumberland,0,43.6216378,-70.2121893
29285,SWEET CAROLINES,0,0,2025-07-17,2026-06-21,EATING PLACE - MOBILE,No,95 DARLING AVE,SOUTH PORTLAND,ME,4106,508-808-2161,REGULAR,"CUTTER, CAROLINE",Cumberland,0,43.6405865,-70.3302466
29284,EXPERIENCE MAINE MARKET,3,3,2022-03-02,2022-10-04,MUN - EATING AND CATERING,No,5 COMMERCIAL ST,PORTLAND,ME,4101,207-747-9077,REGULAR,EXPERIENCE MAINE MARKET LLC,Cumberland,0.1621621622,43.6592241,-70.2488831
29284,THE MAKER'S GALLERY,0,2,2022-12-21,2023-10-04,MUN - EATING AND CATERING,No,5 COMMERCIAL ST,PORTLAND,ME,4101,207-747-9077,REGULAR,EXPERIENCE MAINE MARKET LLC,Cumberland,0.02702702703,43.6592241,-70.2488831
29282,TRAILS END ICE CREAM,0,2,2021-07-02,2022-06-09,EATING PLACE - MOBILE,No,254 W FRYEBURG RD,FRYEBURG,ME,3860,603-986-5221,REGULAR,TRAILS END ICE CREAM SHOP INC,Oxford,0.02702702703,44.0495968,-70.985249
29282,TRAILS END ICE CREAM,0,0,2024-10-15,2024-06-04,EATING PLACE - MOBILE,No,254 W FRYEBURG RD,FRYEBURG,ME,3860,603-986-5221,REGULAR,TRAILS END ICE CREAM SHOP INC,Oxford,0,44.0495968,-70.985249
29280,ON A ROLL CATERING,1,0,2023-05-18,2024-05-12,EATING PLACE - MOBILE,No,27 SALEM ST,PORTLAND,ME,4102,207-446-0036,REGULAR,ON A ROLL CATERING LLC,Cumberland,0.04054054054,43.6477812,-70.2631315
29278,ODD BY NATURE,1,2,2022-06-09,2023-06-03,EATING PLACE TIER 2,No,1400 US ROUTE 1,CAPE NEDDICK,ME,3902,617-820-2917,REGULAR,FOOD FOR THOUGHT INC,York,0.06756756757,43.1908405,-70.6198796
29278,ODD BY NATURE,0,3,2024-08-29,2025-06-03,EATING PLACE TIER 2,No,1400 US ROUTE 1,CAPE NEDDICK,ME,3902,617-820-2917,REGULAR,FOOD FOR THOUGHT INC,York,0.04054054054,43.1908405,-70.6198796
29277,DIMILLOS ON THE ROLL,1,0,2022-06-07,2023-05-05,MUN - EATING PLACE - MOBILE,No,25 LONG WHARF,PORTLAND,ME,4101,207-772-2216,REGULAR,DIMILLO'S ON THE WATER,Cumberland,0.04054054054,43.6541417,-70.2504745
29277,DIMILLOS ON THE ROLL,1,0,2024-07-08,2025-05-05,MUN - EATING PLACE - MOBILE,No,25 LONG WHARF,PORTLAND,ME,4101,207-232-8765,REGULAR,DIMILLO'S ON THE WATER,Cumberland,0.04054054054,43.6541417,-70.2504745
29277,DIMILLOS ON THE ROLL,0,1,2025-06-03,2026-05-05,MUN - EATING PLACE - MOBILE,No,25 LONG WHARF,PORTLAND,ME,4101,207-232-8765,REGULAR,DIMILLO'S ON THE WATER,Cumberland,0.01351351351,43.6541417,-70.2504745
29277,DIMILLOS ON THE ROLL,0,0,2023-06-15,2024-05-05,MUN - EATING PLACE - MOBILE,No,25 LONG WHARF,PORTLAND,ME,4101,207-772-2216,REGULAR,DIMILLO'S ON THE WATER,Cumberland,0,43.6541417,-70.2504745
29275,JACKRABBIT CAFE,1,6,2023-01-12,2023-04-21,EATING PLACE TIER 3,No,14 MAIN ST,BIDDEFORD,ME,4005,801-633-6391,REGULAR,BROWN AND BROWN HOSPITALITY LLC,York,0.1216216216,43.4927172,-70.4515347
29274,SUNNY DAZE,1,1,2021-08-09,2022-06-25,EATING PLACE - MOBILE,No,29 TEMPLE ST,WESTBROOK,ME,4092,207-329-9986,REGULAR,SUNNY DAZE,Cumberland,0.05405405405,43.7011501,-70.3318955
29271,JOLIE ROGERS,0,1,2022-08-03,2023-05-13,EATING PLACE - MOBILE,No,707 RIVER RD,EDGECOMB,ME,4556,508-250-7598,REGULAR,JOLIE ROGERS LLC,Lincoln,0.01351351351,43.9768928,-69.5766642
29271,JOLIE ROGERS,0,0,2021-11-05,2022-05-13,EATING PLACE - MOBILE,No,707 RIVER RD,EDGECOMB,ME,4556,508-250-7598,REGULAR,JOLIE ROGERS LLC,Lincoln,0,43.9768928,-69.5766642
29271,JOLIE ROGERS MOBILE,0,0,2024-06-29,2024-08-21,EATING PLACE - MOBILE,No,8 RAILROAD AVE,WISCASSET,ME,4578,508-250-7598,REGULAR,JOLIE ROGERS LLC,Lincoln,0,44.003407,-69.6635696
29268,CHEESE THE DAY COMMISSARY,0,0,2021-04-22,,,No,1 WALNUT HILL COMMONS,NORTH YARMOUTH,ME,4097,573-823-6543,REGULAR,CHEESE THE DAY LLC,Cumberland,0,43.828248,-70.2485125
29267,NELLIE'S KITCHEN,1,7,2023-03-30,2023-04-13,EATING PLACE TIER 2,No,1 STEVENS ST,HALLOWELL,ME,4347,207-512-6359,REGULAR,NELLIE'S KITCHEN INC,Kennebec,0.1351351351,44.2915285,-69.7977383
29266,PORTERS LANDING GUEST HOUSE,0,0,2021-08-17,2022-06-03,BED AND BREAKFAST 5 ROOMS OR LESS,No,77 SOUTH ST,FREEPORT,ME,4832,207-378-8283,REGULAR,HARBOREAL GROUP LLC,Cumberland,0,43.8437657,-70.1004935
29265,LOVESHACK JUICERY,1,7,2024-07-09,2024-07-02,EATING PLACE - TAKEOUT,No,345 MILE RD,WELLS,ME,4090,207-852-9939,REGULAR,LOVESHACK JUICERY LLC,York,0.1351351351,43.303296,-70.5690526
29265,LOVESHACK JUICERY,0,1,2024-08-06,2025-07-02,EATING PLACE - TAKEOUT,No,345 MILE RD,WELLS,ME,4090,207-852-9939,REGULAR,LOVESHACK JUICERY LLC,York,0.01351351351,43.303296,-70.5690526
29265,LOVESHACK JUICERY,0,0,2021-08-02,2022-07-02,EATING PLACE - TAKEOUT,No,345 MILE RD,WELLS,ME,4090,207-852-9939,REGULAR,LOVESHACK JUICERY LLC,York,0,43.303296,-70.5690526
29262,"TUFTS, MACKENZIE",0,0,2021-04-16,,,No,39 EXCHANGE ST,PORTLAND,ME,4101,207-956-7145,REGULAR,"TUFTS, MACKENZIE",Cumberland,0,43.6572646,-70.2538918
29256,MEET N TEA,1,2,2025-07-13,2026-07-06,EATING PLACE - MOBILE,No,60 NORTH ST,HOULTON,ME,4730,207-694-3170,REGULAR,"DENG, JACKY",Androscoggin,0.06756756757,46.1314628,-67.841134
29253,MOBILE MINOR'S,0,1,2021-08-12,2022-05-03,EATING PLACE - MOBILE,No,1716 CARL BROGGI HWY,LEBANON,ME,4027,207-432-4613,REGULAR,"WARREN, MEL",York,0.01351351351,43.3368341,-70.9398461
29252,CHEESE LOUISE,1,4,2022-02-14,2022-05-04,MUN - EATING PLACE,No,363 FORE ST,PORTLAND,ME,4101,603-998-7831,REGULAR,J&B FOOD SERVICES LLC,Cumberland,0.09459459459,43.656714,-70.2528333
29252,CHEESE LOUISE,1,2,2023-03-21,2023-05-04,MUN - EATING PLACE,No,363 FORE ST,PORTLAND,ME,4101,603-998-7831,REGULAR,J&B FOOD SERVICES LLC,Cumberland,0.06756756757,43.656714,-70.2528333
29252,CHEESE LOUISE,1,2,2025-04-08,2025-05-04,MUN - EATING PLACE,No,363 FORE ST,PORTLAND,ME,4101,603-998-7831,REGULAR,J&B FOOD SERVICES LLC,Cumberland,0.06756756757,43.656714,-70.2528333
29252,CHEESE LOUISE,1,1,2024-03-21,2024-05-04,MUN - EATING PLACE,No,363 FORE ST,PORTLAND,ME,4101,603-998-7831,REGULAR,J&B FOOD SERVICES LLC,Cumberland,0.05405405405,43.656714,-70.2528333
29250,BLEND IT,2,0,2025-04-03,2026-03-05,EATING PLACE TIER 1,No,8 MAIN ST,GORHAM,ME,4038,207-222-0088,REGULAR,"HEARD, DE'VON",Cumberland,0.08108108108,43.6799818,-70.4427974
29250,COMMUNITY NUTRITION,0,0,2021-08-05,,,No,8 MAIN ST,GORHAM,ME,4038,207-233-4639,REGULAR,COMMUNITY NUTRITION KD PARTNERSHIP,Cumberland,0,43.6799818,-70.4427974
29248,MAINE-LY MEATBALLS / LAND & SEA CHARCUTERIE COMMIS,0,2,2025-04-14,2026-04-05,COMMISSARY,No,41 MYRTLE ST,WESTBROOK,ME,4092,207-712-9852,REGULAR,"KRULL, JEAN",Cumberland,0.02702702703,43.68282,-70.3606647
29248,MAINELY MEATBALLS COMMISSARY,0,0,2021-05-11,2022-04-05,COMMISSARY,No,41 MYRTLE ST,WESTBROOK,ME,4092,207-712-9852,REGULAR,"KRULL, JEAN",Cumberland,0,43.68282,-70.3606647
29248,MAINE-LY MEATBALLS / LAND & SEA CHARCUTERIE COMMIS,0,0,2024-03-11,2024-04-05,COMMISSARY,No,41 MYRTLE ST,WESTBROOK,ME,4092,207-712-9852,REGULAR,"KRULL, JEAN",Cumberland,0,43.68282,-70.3606647
29247,MARCEL'S SUBMARINE SHOP,0,4,2023-08-16,2024-06-11,EATING PLACE TIER 2,No,25 TOWNSEND AVE,BOOTHBAY HARBOR,ME,4538,207-315-6006,REGULAR,"MORRISSETTE, MICHAEL",Lincoln,0.05405405405,43.8520894,-69.6273014
29246,"KIRKMAN, ELIJAH",0,0,2021-04-14,,,No,10 PORTLAND ST,SOUTH BERWICK,ME,3901,207-459-9307,REGULAR,"KIRKHAM, ELIJAH",York,0,43.2342597,-70.8086221
29245,"BOUCHARD, KEENAN",0,0,2021-04-16,,,No,3 GOLD ST,PORTLAND,ME,4010,802-233-8737,REGULAR,"BOUCHARD, KEENAN",Cumberland,0,43.6569804,-70.2515305
29222,TACOS DEL SEOUL LLC,0,0,2024-03-18,2024-04-20,COMMISSARY,No,27 LAUREL LN,CUMBERLAND,ME,4021,207-522-8511,REGULAR,TACOS DEL SEOUL,Cumberland,0,43.8103494,-70.2562521
29222,TACOS DEL SEOUL LLC,0,0,2021-04-20,,,No,27 LAUREL LN,CUMBERLAND,ME,4021,207-522-1958,REGULAR,TACOS DEL SEOUL,Cumberland,0,43.8103494,-70.2562521
29221,ELLSWORTH NUTRITION,0,1,2023-01-24,2023-03-31,EATING PLACE TIER 1,No,270 HIGH ST,ELLSWORTH,ME,4605,207-631-7434,REGULAR,"GIBSON, JAYME",Hancock,0.01351351351,44.5303221,-68.404876
29221,ELLSWORTH NUTRITION,0,0,2025-01-10,2025-03-31,EATING PLACE TIER 1,No,270 HIGH ST,ELLSWORTH,ME,4605,207-631-7434,REGULAR,"GIBSON, JAYME",Hancock,0,44.5303221,-68.404876
29218,KIRIN ASIAN KITCHEN INC,7,5,2025-05-02,2025-05-11,EATING PLACE TIER 1,Yes,171 MAIN ST,EAST WATERBORO,ME,4030,917-294-6998,REGULAR,KIRIN ASIAN KITCHEN INC,York,0.3513513514,43.570651,-70.6754926
29218,KIRIN ASIAN KITCHEN INC,6,7,2023-06-07,2024-05-11,EATING PLACE TIER 1,Yes,171 MAIN ST,EAST WATERBORO,ME,4030,917-294-6998,REGULAR,KIRIN ASIAN KITCHEN INC,York,0.3378378378,43.570651,-70.6754926
29218,KIRIN ASIAN KITCHEN INC,0,0,2025-05-16,2025-05-11,EATING PLACE TIER 1,No,171 MAIN ST,EAST WATERBORO,ME,4030,917-294-6998,FOLLOW_UP_FULL,KIRIN ASIAN KITCHEN INC,York,0,43.570651,-70.6754926
29214,THE BARN AT THE SILVER OAKS ESTATE,0,0,2023-11-02,2024-04-13,EATING PLACE TIER 3,No,309 ROUTE 133,WINTHROP,ME,4364,917-923-4303,REGULAR,VERO GENE LLC,Kennebec,0,44.3342427,-70.0117035
29213,BATH ALE WORKS,2,2,2025-03-21,2025-04-27,EATING PLACE TIER 3,No,681 BATH RD,WISCASSET,ME,4578,410-279-5396,REGULAR,BATH ALE WORKS LLC,Lincoln,0.1081081081,43.9740827,-69.7112156
29212,CANOPY PORTLAND WATERFRONT BY HILTON,3,2,2022-03-08,2022-06-15,MUN - EATING AND LODGING,No,9 CENTER ST,PORTLAND,ME,4101,207-791-5000,REGULAR,FATHOM CC LLC,Cumberland,0.1486486486,43.6539558,-70.2559966
29212,CANOPY PORTLAND WATERFRONT BY HILTON,3,1,2023-07-14,2024-06-15,MUN - EATING AND LODGING,No,9 CENTER ST,PORTLAND,ME,4101,207-791-5000,REGULAR,FATHOM CC LLC,Cumberland,0.1351351351,43.6539558,-70.2559966
29212,CANOPY PORTLAND WATERFRONT BY HILTON,3,0,2025-02-14,2025-06-15,MUN - EATING AND LODGING,No,9 CENTER ST,PORTLAND,ME,4101,207-791-5000,REGULAR,FATHOM CC LLC,Cumberland,0.1216216216,43.6539558,-70.2559966
29212,CANOPY PORTLAND WATERFRONT BY HILTON,1,3,2022-10-19,2023-06-15,MUN - EATING AND LODGING,No,9 CENTER ST,PORTLAND,ME,4101,207-791-5000,REGULAR,FATHOM CC LLC,Cumberland,0.08108108108,43.6539558,-70.2559966
29212,CANOPY PORTLAND WATERFRONT BY HILTON,1,2,2024-01-22,2024-06-15,MUN - EATING AND LODGING,No,9 CENTER ST,PORTLAND,ME,4101,207-791-5000,REGULAR,FATHOM CC LLC,Cumberland,0.06756756757,43.6539558,-70.2559966
29212,CANOPY PORTLAND WATERFRONT BY HILTON,1,0,2023-07-14,2024-06-15,MUN - EATING AND LODGING,No,9 CENTER ST,PORTLAND,ME,4101,207-791-5000,REGULAR,FATHOM CC LLC,Cumberland,0.04054054054,43.6539558,-70.2559966
29212,CANOPY PORTLAND WATERFRONT BY HILTON,0,0,2022-03-08,2022-06-15,MUN - EATING AND LODGING,No,9 CENTER ST,PORTLAND,ME,4101,207-791-5000,REGULAR,FATHOM CC LLC,Cumberland,0,43.6539558,-70.2559966
29212,CANOPY PORTLAND WATERFRONT BY HILTON,0,0,2025-02-14,2025-06-15,MUN - EATING AND LODGING,No,9 CENTER ST,PORTLAND,ME,4101,207-791-5000,REGULAR,FATHOM CC LLC,Cumberland,0,43.6539558,-70.2559966
29210,NOAH'S ARK,1,1,2025-06-05,2026-04-09,EATING PLACE - TAKEOUT,No,289 PATTAGUMPUS,MEDWAY,ME,4460,207-746-7415,REGULAR,"KIMBALL, SHERRI",Penobscot,0.05405405405,45.6015486,-68.5316242
29210,NOAH'S ARK,0,6,2021-06-10,2022-04-09,EATING PLACE TIER 1,No,289 PATTAGUMPUS,MEDWAY,ME,4460,207-746-7415,REGULAR,"KIMBALL, SHERRI",Penobscot,0.08108108108,45.6015486,-68.5316242
29198,ZOOT COFFEE,3,8,2025-03-26,2025-05-24,EATING PLACE TIER 2,No,5 ELM ST,CAMDEN,ME,4843,207-236-9858,REGULAR,STARBUNNY CORPORATION,Knox,0.2297297297,44.2097068,-69.0651637
29197,PK HOLDINGS,0,4,2025-05-23,2026-04-26,EATING PLACE - TAKEOUT,No,246 MAIN ST,OGUNQUIT,ME,3907,207-502-3449,REGULAR,PK HOLDINGS LLC,York,0.05405405405,43.2498171,-70.5997128
29197,PK HOLDINGS,0,2,2022-12-01,2023-04-26,EATING PLACE - TAKEOUT,No,246 MAIN ST,OGUNQUIT,ME,3907,207-502-3449,REGULAR,PK HOLDINGS LLC,York,0.02702702703,43.2498171,-70.5997128
29196,BEST THAI FOOD,3,7,2025-01-03,2025-08-06,EATING PLACE TIER 1,No,216 BATH RD,BRUNSWICK,ME,4011,207-841-7287,REGULAR,BEST THAI FOOD LLC,Cumberland,0.2162162162,43.9082346,-69.9126164
29196,BEST THAI FOOD,2,7,2021-08-27,2022-08-06,EATING PLACE TIER 1,No,216 BATH RD,BRUNSWICK,ME,4011,207-841-7287,REGULAR,BEST THAI FOOD LLC,Cumberland,0.1756756757,43.9082346,-69.9126164
29187,"DUNLOP, ASHLEY ELISE",0,0,2021-03-08,,,No,1 OCEAN PARK RD,OLD ORCHARD BEACH,ME,4064,207-939-4663,REGULAR,"DUNLOP, ASHLEY ELISE",York,0,43.5074792,-70.409177
29187,"DUNLOP, ASHLEY ELISE",0,0,2021-03-08,,,No,1 OCEAN PARK RD,OLD ORCHARD BEACH,ME,4064,207-939-4663,REGULAR,"DUNLOP, ASHLEY ELISE",York,0,43.5074792,-70.409177
29170,"VIOLETTE, BEN",0,0,2021-03-03,,,No,558 RIVERSIDE DR,AUGUSTA,ME,4330,207-248-7430,REGULAR,"VIOLETTE, BEN",Kennebec,0,44.3512414,-69.7463708
29166,INSPIRED NUTRITION,0,0,2021-05-04,2022-05-07,MUN - EATING PLACE,No,1225 CENTER ST,AUBURN,ME,4210,207-740-3756,FOLLOW_UP_FULL,"DESMARAIS, JASON & AMY",Androscoggin,0,44.1432826,-70.2265649
29165,465 NUTRITION,1,0,2023-03-03,2023-03-26,EATING PLACE TIER 1,No,886 A KENNEDY MEMORIAL DR,OAKLAND,ME,4963,207-313-0679,REGULAR,465 NUTRITION LLC,Kennebec,0.04054054054,44.5437581,-69.6904
29164,UNITED FARMERS MARKET OF MAINE,0,0,2021-03-11,2022-03-05,COMMISSARY,No,18 SPRING ST,BELFAST,ME,4915,207-218-7005,FOLLOW_UP_FULL,"NARON, PAUL",Waldo,0,44.4261995,-69.0042934
29163,MAINE CATCH HOSPITALITY INC,2,8,2021-08-17,2022-03-12,COMMISSARY,No,262 SHORE RD,OGUNQUIT,ME,3907,207-646-9898,REGULAR,MAINE CATCH HOSPITILITY INC,York,0.1891891892,43.2407087,-70.5967665
29163,MAINE CATCH HOSPITALITY INC,1,1,2023-07-26,2024-03-12,COMMISSARY,No,262 SHORE RD,OGUNQUIT,ME,3907,207-646-9898,REGULAR,MAINE CATCH HOSPITILITY INC,York,0.05405405405,43.2407087,-70.5967665
29153,EL TEQUILA MEXICAN RESTAURANT WATERBORO,2,2,2025-02-27,2025-12-06,EATING PLACE TIER 3,No,1041 MAIN ST,WATERBORO,ME,4087,386-366-1138,REGULAR,EL TEQUILA MEXICAN RESTAURANT WATERBORO,York,0.1081081081,43.529117,-70.7199445
29152,BAYSIDE NUTRITION,1,0,2022-02-09,2022-06-14,EATING PLACE TIER 1,No,720 US ROUTE 1,YARMOUTH,ME,4096,207-847-0244,NEWOWNER,"BRENNAN, SUZANNA",Cumberland,0.04054054054,43.804124,-70.1816334
29152,BAYSIDE NUTRITION,0,0,2021-07-28,2022-06-14,EATING PLACE TIER 1,No,720 US ROUTE 1,YARMOUTH,ME,4096,207-446-2039,REGULAR,"BRENNAN, SUZANNA",Cumberland,0,43.804124,-70.1816334
29152,BAYSIDE NUTRITION,0,0,2024-03-25,2025-02-11,EATING PLACE TIER 1,No,720 US ROUTE 1,YARMOUTH,ME,4096,207-847-0244,REGULAR,BAYSIDE NUTRITION LLC,Cumberland,0,43.804124,-70.1816334
29151,MORSE HIGH SCHOOL,2,4,2023-11-20,2024-09-27,EATING - SCHOOL,No,SHIPBUILDER DR,BATH,ME,4530,207-443-6601,REGULAR,RSU #1,Sagadahoc,0.1351351351,43.9154645,-69.8356533
29151,MORSE HIGH SCHOOL,1,0,2025-03-10,2025-09-27,EATING - SCHOOL,No,SHIPBUILDER DR,BATH,ME,4530,207-443-6601,REGULAR,RSU #1,Sagadahoc,0.04054054054,43.9154645,-69.8356533
29151,MORSE HIGH SCHOOL,0,0,2021-04-07,2021-09-27,EATING - SCHOOL,No,SHIPBUILDER ST,BATH,ME,4530,207-443-6601,REGULAR,RSU #1,Sagadahoc,0,43.9154645,-69.8356533
29150,ELEV8 CAMDEN,0,1,2021-11-24,2021-12-18,EATING PLACE - TAKEOUT,No,25 MECHANIC ST,CAMDEN,ME,4843,207-230-9773,REGULAR,HYBRID SYSTEMS LLC,Knox,0.01351351351,44.2102284,-69.0662345
29150,Elev8 Camden,0,0,2021-10-19,2022-03-31,EATING PLACE - TAKEOUT,No,25 MECHANIC ST,CAMDEN,ME,4843,207-593-6333,NEWOWNER,hunter grindle hybrid systems llc,Knox,0,44.2102284,-69.0662345
29148,THE PINK WAFFLE,1,0,2023-07-28,2024-05-04,EATING PLACE - MOBILE,No,8 BRICKYARD HILL RD,DURHAM,ME,4222,303-472-3857,REGULAR,PH KITCHENS LLC,Androscoggin,0.04054054054,43.9930824,-70.0695332
29148,THE PINK WAFFLE,0,0,2023-08-10,2024-05-04,EATING PLACE - MOBILE,No,8 BRICKYARD HILL RD,DURHAM,ME,4222,303-472-3857,FOLLOW_UP_FULL,PH KITCHENS LLC,Androscoggin,0,43.9930824,-70.0695332
29147,CORPORATE CHEFS & UNUM MICOR MART H01,0,0,2023-01-30,2024-02-23,MUN - EATING PLACE,No,2211 CONGRESS ST,PORTLAND,ME,4102,978-372-7400,REGULAR,CORPORATE CHEFS INC,Cumberland,0,43.6532229,-70.3259152
29147,CORPORATE CHEFS & UNUM MICOR MART H01,0,0,2024-01-03,2024-02-23,MUN - EATING PLACE,No,2211 CONGRESS ST,PORTLAND,ME,4102,978-372-7400,REGULAR,CORPORATE CHEFS INC,Cumberland,0,43.6532229,-70.3259152
29147,CORPORATE CHEFS & UNUM MICOR MART H01,0,0,2025-01-13,2025-02-23,MUN - EATING PLACE,No,2211 CONGRESS ST,PORTLAND,ME,4102,978-372-7400,REGULAR,CORPORATE CHEFS INC,Cumberland,0,43.6532229,-70.3259152
29147,CORPORATE CHEFS & UNUM MICOR MART H01,0,0,2022-02-16,,MUN - EATING PLACE TAKEOUT,No,2211 CONGRESS ST,PORTLAND,ME,4102,978-372-7400,REGULAR,CORPORATE CHEFS INC,Cumberland,0,43.6532229,-70.3259152
29145,BATH REGIONAL CAREER & TECHNICAL CTR,0,2,2024-05-02,2024-09-27,EATING - SCHOOL,No,826 SHIPBUILDER DR,BATH,ME,4530,207-443-8257,REGULAR,BATH REGIONAL CAREER & TECHNICAL CENTER,Sagadahoc,0.02702702703,43.9170012,-69.8369009
29145,BATH REGIONAL CAREER & TECHNICAL CTR,0,1,2025-02-24,2025-09-27,EATING - SCHOOL,No,826 SHIPBUILDER DR,BATH,ME,4530,207-443-8257,REGULAR,BATH REGIONAL CAREER & TECHNICAL CENTER,Sagadahoc,0.01351351351,43.9170012,-69.8369009
29145,BATH REGIONAL CAREER & TECHNICAL CTR,0,0,2021-04-07,2021-09-27,EATING - SCHOOL,No,826 SHIPBUILDER DR,BATH,ME,4530,207-443-8257,REGULAR,BATH REGIONAL CAREER & TECHNICAL CENTER,Sagadahoc,0,43.9170012,-69.8369009
29144,"WATTERSON, KERRY LYN M",0,0,2021-02-17,,,No,185 PARK ROW,BRUNSWICK,ME,4011,207-319-0123,REGULAR,"WATTERSON, KERRY LYN M",Cumberland,0,43.9114077,-69.9624668
29143,VILLAGE SCOOP ICE CREAM,0,2,2022-06-09,2023-03-15,EATING PLACE TIER 2,No,286 YORK ST,YORK,ME,3909,207-363-0100,REGULAR,MAINE ICE CREAM LLC,York,0.02702702703,43.1425556,-70.6484917
29143,VILLAGE SCOOP ICE CREAM,0,1,2024-05-09,2025-03-15,EATING PLACE TIER 2,No,286 YORK ST,YORK,ME,3909,207-363-0100,REGULAR,MAINE ICE CREAM LLC,York,0.01351351351,43.1425556,-70.6484917
29143,VILLAGE SCOOP ICE CREAM,0,0,2024-10-24,2025-03-15,EATING PLACE TIER 2,No,286 YORK ST,YORK,ME,3909,207-363-0100,NEWOWNER,THREE SCOOPS LLC,York,0,43.1425556,-70.6484917
29141,ELM CITY NUTRITION & ENERGY,0,1,2024-09-04,2025-07-18,EATING PLACE TIER 1,No,59 MAIN ST,WATERVILLE,ME,4901,207-859-3033,REGULAR,ELM CITY INVESTMENTS LLC,Kennebec,0.01351351351,44.5493345,-69.6296072
29140,COVESIDE COFFEE,1,0,2022-09-28,2023-05-04,MUN - EATING PLACE,No,28 VANNAH AVE,PORTLAND,ME,4103,413-695-2608,REGULAR,COVESIDE COFFEE LLC,Cumberland,0.04054054054,43.6719034,-70.2832862
29140,COVESIDE COFFEE,0,2,2021-09-22,2022-05-04,MUN - EATING PLACE,No,28 VANNAH AVE,PORTLAND,ME,4103,207-387-0618,REGULAR,COVESIDE COFFEE LLC,Cumberland,0.02702702703,43.6719034,-70.2832862
29140,COVESIDE COFFEE,0,2,2023-09-07,2024-05-04,MUN - EATING PLACE,No,28 VANNAH AVE,PORTLAND,ME,4103,413-695-2608,REGULAR,COVESIDE COFFEE LLC,Cumberland,0.02702702703,43.6719034,-70.2832862
29140,COVESIDE COFFEE,0,1,2024-10-01,2025-05-04,MUN - EATING PLACE,No,28 VANNAH AVE,PORTLAND,ME,4103,413-695-2608,REGULAR,COVESIDE COFFEE LLC,Cumberland,0.01351351351,43.6719034,-70.2832862
29138,BLACK BEAR NUTRITION,1,2,2021-04-06,2021-04-08,EATING PLACE TIER 1,No,5 MILL ST,ORONO,ME,4473,407-797-6987,REGULAR,"LOVELL, ELIZABETH & STEPHEN",Penobscot,0.06756756757,44.8832968,-68.6718295
29138,STILLWATER NUTRITION,0,2,2022-09-21,2022-09-01,EATING PLACE TIER 1,No,5 MILL ST,ORONO,ME,4473,207-866-1238,NEWOWNER,"UPCOTT, MIKAYLA",Penobscot,0.02702702703,44.8832968,-68.6718295
29137,THE UPROOT PIE COMPANY,3,3,2025-05-06,2025-04-28,EATING AND CATERING,No,9 GREEN ST,THOMASTON,ME,4861,207-446-0624,REGULAR,THE UPROOT PIE COMPANY,Knox,0.1621621622,44.0780293,-69.1846096
29137,THE UPROOT PIE COMPANY,0,0,2021-05-06,2022-04-28,EATING PLACE - MOBILE,No,9 GREEN ST,THOMASTON,ME,4861,207-446-0324,REGULAR,THE UPPER DECK SWH,Knox,0,44.0780293,-69.1846096
29135,ZAO ZE CAFE,5,0,2024-10-16,2025-02-08,EATING PLACE - TAKEOUT,Yes,5 ABBEY RD,BRUNSWICK,ME,4001,207-299-2068,REGULAR,TAO RESTAURANT LLC,Cumberland,0.2027027027,43.9144731,-69.9674198
29135,ZAO ZE CAFE,3,2,2022-02-23,2023-02-08,EATING PLACE - TAKEOUT,No,5 ABBEY RD,BRUNSWICK,ME,4001,207-299-2068,REGULAR,TAO RESTAURANT LLC,Cumberland,0.1486486486,43.9144731,-69.9674198
29135,ZAO ZE CAFE,2,3,2025-07-02,2024-02-08,EATING PLACE - TAKEOUT,No,5 ABBEY RD,BRUNSWICK,ME,4001,207-299-2068,REGULAR,TAO RESTAURANT LLC,Cumberland,0.1216216216,43.9144731,-69.9674198
29131,DUNKIN DONUTS,2,2,2021-11-19,2022-01-28,EATING PLACE TIER 1,No,168 MAIN ST,MACHIAS,ME,4654,207-255-6218,REGULAR,"MICHAUD, TIM",Washington,0.1081081081,44.7217732,-67.4471276
29131,DUNKIN DONUTS,0,3,2023-12-01,2024-01-28,EATING PLACE TIER 1,No,168 MAIN ST,MACHIAS,ME,4654,207-255-6218,REGULAR,"MICHAUD, TIM",Washington,0.04054054054,44.7217732,-67.4471276
29131,DUNKIN DONUTS,0,0,2021-02-01,2021-02-27,EATING PLACE TIER 1,No,168 MAIN ST,MACHIAS,ME,4654,207-255-6218,REGULAR,"MICHAUD, TIM",Washington,0,44.7217732,-67.4471276
29130,WHITE FOX TAVERNA,1,2,2021-09-21,2022-01-29,EATING PLACE - MOBILE,No,800 FAIRBANKS RD,FARMINGTON,ME,4938,207-400-9114,REGULAR,WHITE FOX LLC,Franklin,0.06756756757,44.7056176,-70.18282
29129,DUNKIN,2,0,2021-06-15,2022-02-11,MUN - EATING PLACE TAKEOUT,No,1896 LISBON RD,LEWISTON,ME,4240,207-577-5995,REGULAR,LEWISTON COFFE CO,Androscoggin,0.08108108108,44.0643944,-70.1573061
29129,DUNKIN,1,2,2022-07-14,2023-02-11,MUN - EATING PLACE TAKEOUT,No,1896 LISBON RD,LEWISTON,ME,4240,207-577-5995,REGULAR,LEWISTON COFFE CO,Androscoggin,0.06756756757,44.0643944,-70.1573061
29129,DUNKIN,0,0,2025-05-13,2026-02-11,MUN - EATING PLACE TAKEOUT,No,1896 LISBON RD,LEWISTON,ME,4240,207-577-5995,REGULAR,LEWISTON COFFE CO,Androscoggin,0,44.0643944,-70.1573061
29127,S & P FOODS LLC,0,0,2021-07-09,2022-02-24,MUN - EATING AND CATERING,No,73 PARRIS ST,PORTLAND,ME,4101,207-620-0680,REGULAR,"FAUX, SHELBY & CUNNINGHAM, PAYSON",Cumberland,0,43.6589578,-70.2650604
29125,ANNS BOOK BISTRO,1,4,2024-03-19,2025-02-03,EATING AND CATERING,No,17 BACK MEADOW RD,DAMARISCOTTA,ME,4543,207-682-0135,REGULAR,ANN'S BOOK BISTRO LLC,Lincoln,0.09459459459,44.0439639,-69.5064476
29125,ANN'S BOOK BISTRO,0,1,2021-04-01,2022-02-03,EATING AND CATERING,No,17 BACK MEADOW RD,DAMARISCOTTA,ME,4543,207-682-0135,REGULAR,ANN'S BOOK BISTRO LLC,Lincoln,0.01351351351,44.0439639,-69.5064476
29122,VY BANH MI,1,2,2022-05-10,2022-02-05,EATING PLACE - MOBILE,No,1350 FOREST AVE #22,PORTLAND,ME,4103,207-608-5663,REGULAR,"NGUYEN, MINH, PHAN, VY B",Cumberland,0.06756756757,43.6902298,-70.3001118
29122,VY BANH MI,1,1,2021-06-10,2022-02-05,EATING PLACE - MOBILE,No,1350 FOREST AVE #22,PORTLAND,ME,4103,207-608-5663,REGULAR,"NGUYEN, MINH, PHAN, VY B",Cumberland,0.05405405405,43.6902298,-70.3001118
29122,VY BANH MI,1,0,2023-04-26,2024-02-05,EATING PLACE - MOBILE,No,1350 FOREST AVE #22,PORTLAND,ME,4103,207-608-5663,REGULAR,"NGUYEN, MINH, PHAN, VY B",Cumberland,0.04054054054,43.6902298,-70.3001118
29122,VY BANH MI,2,1,2024-05-21,2025-02-05,EATING PLACE - MOBILE,No,95 DARLING AVE,SOUTH PORTLAND,ME,4106,207-608-5663,REGULAR,"NGUYEN, MINH, PHAN, VY B",Cumberland,0.09459459459,43.6405865,-70.3302466
29122,VY BANH MI #1,1,0,2025-04-30,2026-02-05,EATING PLACE - MOBILE,No,95 DARLING AVE,SOUTH PORTLAND,ME,4106,207-608-5663,REGULAR,"NGUYEN, MINH, PHAN, VY B",Cumberland,0.04054054054,43.6405865,-70.3302466
29122,VY BANH MI,0,1,2024-07-04,2025-02-05,EATING PLACE - MOBILE,No,95 DARLING AVE,SOUTH PORTLAND,ME,4106,207-608-5663,REGULAR,"NGUYEN, MINH, PHAN, VY B",Cumberland,0.01351351351,43.6405865,-70.3302466
29121,BRICKYARD HOLLOW BREWING,3,3,2023-09-14,2024-05-31,EATING PLACE TIER 3,No,437 LEWISTON RD,NEW GLOUCESTER,ME,4260,207-926-8284,REGULAR,BRICKYARD HOLLOW BREWING CO,Cumberland,0.1621621622,43.9516706,-70.3020409
29121,NU BREWERY,0,1,2022-04-22,2022-01-15,EATING PLACE TIER 3,No,437 LEWISTON RD,NEW GLOUCESTER,ME,4260,207-926-8284,REGULAR,NU HOLDING LLC,Cumberland,0.01351351351,43.9516706,-70.3020409
29119,CHEFETTE TONI,0,0,2022-02-17,2022-02-16,MUN - EATING PLACE TAKEOUT,No,72 PARRIS ST,PORTLAND,ME,4101,207-409-7602,REGULAR,"FISH, ANTONETTA MAGNO",Cumberland,0,43.658959,-70.2653576
29118,LITTLE BROTHER CHINESE FOOD,0,0,2024-10-24,2025-01-31,MUN - EATING AND CATERING,No,95 DARLING AVE,SOUTH PORTLAND,ME,4102,773-426-7628,REGULAR,LITTLE BROTHER CHINESE FOOD LLC,Cumberland,0,43.6405865,-70.3302466
29115,DANDY'S HANDY STORE,2,3,2021-03-31,2022-01-21,EATING AND CATERING,No,367 MAIN ST,YARMOUTH,ME,4096,207-272-4495,REGULAR,DANDY'S HANDY STORE LLC,Cumberland,0.1216216216,43.8037314,-70.1933949
29115,THOROUGHFARE-DANDY'S HANDY STORE,0,3,2022-09-08,2023-09-08,EATING AND CATERING,No,367 MAIN ST,YARMOUTH,ME,4096,207-272-4495,REGULAR,DANDY'S HANDY STORE LLC,Cumberland,0.04054054054,43.8037314,-70.1933949
29112,MAD KAT & COMPANY BAR & GRILL,3,8,2024-10-29,2025-01-03,EATING PLACE TIER 3,No,393 NORTH MAIN ST,BREWER,ME,4412,207-573-9047,NEWOWNER,MKBG LLC,Hancock,0.2297297297,44.7990471,-68.7535223
29112,MACKS RESTAURANT AND TAVERN,4,4,2025-06-25,2025-09-16,EATING PLACE TIER 3,Yes,393 NORTH MAIN ST,BREWER,ME,4412,207-217-5758,REGULAR,MACKS RESTAURANT AND TAVERN LLC,Hancock,0.2162162162,44.7990471,-68.7535223
29111,BARN LIGHTS EVENTS & WEDDINGS,0,0,2024-09-11,2025-06-27,EATING AND CATERING,No,189 HOPPER RD,ACTON,ME,4001,207-482-0298,REGULAR,BARN LIGHTS EVENTS & WEDDING LLC,York,0,43.5284643,-70.9171639
29110,BD AFFINITY NUTRITION,0,2,2023-01-05,2023-05-18,EATING PLACE TIER 1,No,75 MAVERICK ST,ROCKLAND,ME,4841,207-593-8812,NEWOWNER,BD AFFINETY NUTRITION,Kennebec,0.02702702703,44.1175908,-69.1055785
29110,AFFINITY NUTRITION,0,0,2021-03-05,2022-01-22,EATING PLACE TIER 1,No,75 MAVERICK ST,ROCKLAND,ME,4841,207-593-8812,REGULAR,AFFINITY NUTRITION LLC,Kennebec,0,44.1175908,-69.1055785
29104,HARBOR NUTRITION AND ENERGY,3,2,2025-02-27,2026-01-06,EATING PLACE TIER 1,No,473 WISCASSET RD,BOOTHBAY,ME,4537,207-380-5816,REGULAR,HARBOR NUTRITION AND ENERGY LLC,Lincoln,0.1486486486,43.9093758,-69.6165623
29104,HARBOR NUTRITION AND ENERGY,0,0,2021-02-25,2022-01-06,EATING PLACE TIER 1,No,473 WISCASSET RD,BOOTHBAY,ME,4537,207-380-5816,REGULAR,HARBOR NUTRITION AND ENERGY LLC,Lincoln,0,43.9093758,-69.6165623
29101,SOUL FOOD PARADISE,0,0,2021-07-09,2022-04-30,MUN - EATING PLACE - MOBILE,No,72 PARRIS ST,PORTLAND,ME,4101,207-888-7608,REGULAR,SOUL FOOD PARADISE,Cumberland,0,43.658959,-70.2653576
29100,BAY BOWLS,0,3,2021-03-17,2022-01-15,EATING PLACE TIER 1,No,210 MAINE ST,BRUNSWICK,ME,4011,973-725-3277,REGULAR,MAINE BAY BOWLS LLC,Cumberland,0.04054054054,43.9115242,-69.963513
29100,BAY BOWLS,0,2,2025-01-03,2025-01-15,EATING PLACE TIER 1,No,210 MAINE ST,BRUNSWICK,ME,4011,973-725-3277,REGULAR,MAINE BAY BOWLS LLC,Cumberland,0.02702702703,43.9115242,-69.963513
29099,BLUE HERON FARM AND RETREAT,0,0,2023-04-27,2024-01-04,BED AND BREAKFAST 5 ROOMS OR LESS,No,239 FISH ST,TURNER,ME,4282,207-517-0018,REGULAR,BLUE HERON FARM AND RETREAT LLC,Androscoggin,0,44.2792321,-70.2009243
29099,BLUE HERON FARM AND RETREAT,0,0,2025-05-15,2026-04-25,EATING AND LODGING,No,239 FISH ST,TURNER,ME,4282,207-320-6155,REGULAR,BLUE HERON FARM AND RETREAT LLC,Androscoggin,0,44.2792321,-70.2009243
29099,BLUE HERON FARM AND RETREAT,0,0,2025-05-15,2026-04-25,EATING AND LODGING,No,239 FISH ST,TURNER,ME,4282,207-320-6155,REGULAR,BLUE HERON FARM AND RETREAT LLC,Androscoggin,0,44.2792321,-70.2009243
29097,HELM OYSTER BAR & BISTRO,0,3,2021-08-04,2022-01-14,MUN - EATING PLACE,No,60 THAMES ST,PORTLAND,ME,4101,772-538-2652,REGULAR,EJL & COMPANY LLC,Cumberland,0.04054054054,43.6608027,-70.2464284
29097,HELM OYSTER BAR & BISTRO,1,0,2024-01-24,2025-01-14,MUN - EATING PLACE,No,60 THAMES ST,PORTLAND,ME,4101,772-538-2652,REGULAR,EJL & COMPANY LLC,Cumberland,0.04054054054,43.6608027,-70.2464284
29097,HELM OYSTER BAR & BISTRO,0,0,2022-12-22,2023-01-14,MUN - EATING PLACE,No,60 THAMES ST,PORTLAND,ME,4101,772-538-2652,REGULAR,EJL & COMPANY LLC,Cumberland,0,43.6608027,-70.2464284
29095,ARCH GLOBAL PRECISION ARUNDEL,1,3,2022-11-30,2022-12-28,EATING PLACE TIER 2,No,20 TECHNOLOGY DR,ARUNDEL,ME,4046,207-985-8555,REGULAR,"SHARP, DANIELLE",York,0.08108108108,43.4415255,-70.4994338
29095,ALIGN PRECISION ARUNDEL,1,2,2023-03-07,2022-12-28,EATING PLACE TIER 2,No,20 TECHNOLOGY DR,ARUNDEL,ME,4046,207-985-8555,REGULAR,"ROINA, JONATHAN",York,0.06756756757,43.4415255,-70.4994338
29093,WEST WELLNESS KITCHEN CO-OP,0,0,2022-12-12,2023-01-05,COMMISSARY,No,6 SULLIVAN ST,BERWICK,ME,4027,978-758-5970,REGULAR,WEST WELLNESS LLC,York,0,43.2662871,-70.8642223
29088,FRONT & MAIN,2,5,2023-06-29,2024-01-21,EATING AND CATERING,No,9 MAIN ST,WATERVILLE,ME,4901,207-660-0120,REGULAR,ELM CITY 9  LLC,Kennebec,0.1486486486,44.548677,-69.6292182
29088,FRONT & MAIN,0,1,2021-04-08,2021-04-21,EATING PLACE TIER 3,No,9 MAIN ST,WATERVILLE,ME,4901,207-660-0120,REGULAR,ELM CITY 9  LLC,Kennebec,0.01351351351,44.548677,-69.6292182
29086,SABAN CUISINE,2,3,2023-10-12,2024-05-19,MUN - EATING PLACE,No,270 LISBON ST,LEWISTON,ME,4240,207-344-4165,REGULAR,SABANS CUISINE LLC,Androscoggin,0.1216216216,44.0944078,-70.2156787
29085,DUNKIN DONUTS,0,1,2022-02-17,2022-12-23,EATING PLACE - TAKEOUT,No,8 MILE HILL RD,NEW SHARON,ME,4955,207-229-8600,REGULAR,ORACLE MANAGEMENT XIX INC,Franklin,0.01351351351,44.6368384,-69.9996517
29084,OUTLAND FARM BREWERY,2,3,2022-08-19,2022-12-09,EATING PLACE TIER 3,No,113 N LANCEY ST,PITTSFIELD,ME,4967,207-319-7315,REGULAR,OUTLAND FARM BREWERY,Somerset,0.1216216216,44.7831087,-69.3802945
29083,MAIN STREET NUTRITION,0,2,2021-05-11,2021-12-18,EATING PLACE TIER 1,No,184 MAIN ST,FARMINGTON,ME,4938,207-491-5771,REGULAR,PEAK NUTRITION LLC,Franklin,0.02702702703,44.6646389,-70.1476129
29083,MAIN STREET CAFE,0,0,2023-02-27,2024-01-20,EATING PLACE TIER 1,No,184 MAIN ST,FARMINGTON,ME,4938,207-491-5771,REGULAR,"MALONE, MELISSA",Franklin,0,44.6646389,-70.1476129
29083,MAIN STREET CAFE,0,0,2025-01-13,2026-01-15,EATING PLACE TIER 1,No,184 MAIN ST,FARMINGTON,ME,4938,207-491-5771,NEWOWNER,"Soucy, Jessica",Franklin,0,44.6646389,-70.1476129
29082,DEFINITIVE BREWING COMPANY,0,2,2024-04-01,2021-11-30,EATING PLACE TIER 2,No,318 US ROUTE 1,KITTERY,ME,3904,207-446-4746,NEWOWNER,DBC KITTERY,York,0.02702702703,43.1322042,-70.7027214
29079,URBAN FARM FERMENTORY,1,2,2022-10-26,2022-12-02,MUN - EATING PLACE,No,200 ANDERSON ST,PORTLAND,ME,4101,207-653-7406,REGULAR,TANGIBLE ALCHEMY LLC,Penobscot,0.06756756757,43.6694631,-70.2564366
29079,URBAN FARM FERMENTORY,0,1,2023-10-31,2023-12-02,MUN - EATING PLACE,No,200 ANDERSON ST,PORTLAND,ME,4101,207-808-9921,REGULAR,TANGIBLE ALCHEMY LLC,Penobscot,0.01351351351,43.6694631,-70.2564366
29079,URBAN FARM FERMENTORY,0,0,2021-09-16,2021-12-02,MUN - EATING PLACE,No,200 ANDERSON ST,PORTLAND,ME,4101,207-653-7406,REGULAR,TANGIBLE ALCHEMY LLC,Penobscot,0,43.6694631,-70.2564366
29078,THE NUTRITION SHACK,1,3,2022-10-25,2022-12-01,EATING PLACE TIER 1,No,796 MAIN RD,HOLDEN,ME,4429,207-843-8184,NEWOWNER,THE NUTRITION SHACK,Penobscot,0.08108108108,44.7471772,-68.6446489
29078,THE NUTRITION SHACK,0,1,2020-12-18,2021-01-30,EATING PLACE TIER 1,No,796 MAIN RD,HOLDEN,ME,4429,207-843-*8184,REGULAR,"GRIFFITH, ROSANNA",Penobscot,0.01351351351,44.7471772,-68.6446489
29069,DUNKINS DONUTS,2,5,2023-11-08,2023-12-18,MUN - EATING PLACE,No,325 GORHAM RD,SOUTH PORTLAND,ME,4106,978-682-2382,REGULAR,MAINE MALL DONUTS LLC,Cumberland,0.1486486486,43.6358596,-70.328914
29064,STONY KNOLLS FARMS / DROOLING GOAT BBQ,0,1,2020-11-18,,EATING PLACE - TAKEOUT,No,49 MAPLE LN,SAINT ALBANS,ME,4971,207-938-3714,REGULAR,"SPAULDING, KEN",Penobscot,0.01351351351,44.898761,-69.4653988
29064,STONY KNOLLS FARMS / DROOLING GOAT BBQ,0,0,2024-12-04,2025-02-16,EATING PLACE - TAKEOUT,No,49 MAPLE LN,SAINT ALBANS,ME,4971,207-938-3714,REGULAR,"SPAULDING, KEN & JANICE",Penobscot,0,44.898761,-69.4653988
29063,DOMINOS PIZZA,3,3,2023-06-26,2023-11-12,EATING PLACE TIER 1,No,66 MAIN ST,NORWAY,ME,4268,207-739-7039,REGULAR,HF ENTERPRISES INC,Oxford,0.1621621622,44.2018567,-70.5312018
29063,DOMINOS PIZZA,1,3,2021-08-31,2021-11-12,EATING PLACE TIER 1,No,66 MAIN ST,NORWAY,ME,4268,207-739-7039,REGULAR,HF ENTERPRISES INC,Oxford,0.08108108108,44.2018567,-70.5312018
29061,STARBUCKS COFFEE #48420,1,0,2021-11-10,2022-08-30,EATING PLACE TIER 1,No,58 MAIN ST,WESTBROOK,ME,4092,603-505-5633,REGULAR,STARBUCKS COFFEE CO,Cumberland,0.04054054054,43.6770783,-70.3326592
29061,STARBUCKS COFFEE #48420,0,0,2023-09-11,2022-08-30,EATING PLACE TIER 1,No,95 ROCK ROW,WESTBROOK,ME,4092,603-505-5633,REGULAR,STARBUCKS COFFEE CO,Cumberland,0,43.6761596,-70.332218
29060,KUNO,3,3,2024-11-13,2025-11-04,MUN - EATING PLACE,No,166 CUMBERLAND AVE,PORTLAND,ME,4101,207-749-2662,REGULAR,ASIAN FOOD TRUCK LLC,Cumberland,0.1621621622,43.6624597,-70.2537463
29060,KUNO,2,5,2022-11-30,2023-11-04,MUN - EATING PLACE,No,166 CUMBERLAND AVE,PORTLAND,ME,4101,207-749-2662,REGULAR,ASIAN FOOD TRUCK LLC,Cumberland,0.1486486486,43.6624597,-70.2537463
29058,GATEWAY NUTRITION,2,1,2023-01-12,2022-11-06,EATING PLACE - TAKEOUT,No,165 RIVER RD,CHELSEA,ME,4330,207-461-5018,REGULAR,"LAGASSE, DEANNA",Kennebec,0.09459459459,44.2834504,-69.7772008
29058,PERFECT BLEND NUTRITION,0,2,2024-08-20,2025-03-19,EATING PLACE - TAKEOUT,No,165 RIVER RD,CHELSEA,ME,4330,207-592-5224,REGULAR,PERFECT BLEND NUTRITION LLC,Kennebec,0.02702702703,44.2834504,-69.7772008
29058,GATEWAY NUTRITION,0,1,2020-12-02,2021-11-06,EATING PLACE - TAKEOUT,No,165 RIVER RD,CHELSEA,ME,4330,207-461-5018,REGULAR,"LAGASSE, DEANNA",Kennebec,0.01351351351,44.2834504,-69.7772008
29057,EMBRACE NUTRITION,0,0,2021-06-14,2021-11-12,MUN - EATING PLACE TAKEOUT,No,1321 SABATTUS ST,LEWISTON,ME,4240,207-213-7090,REGULAR,EMBRACE NUTRUTION LLC,Androscoggin,0,44.1050945,-70.1311139
29057,REVIVE NUTRITION,0,0,2023-08-23,2024-05-25,MUN - EATING PLACE TAKEOUT,No,1321 SABATTUS ST,LEWISTON,ME,4240,207-740-5831,REGULAR,REVIVE NUTRITION LLC,Androscoggin,0,44.1050945,-70.1311139
29054,SHANNON'S UNSHELLED,1,0,2020-12-11,2020-12-16,EATING PLACE - MOBILE,No,798 WISCASSET RD,BOOTHBAY,ME,457,207-350-8094,REGULAR,SHANNON UNSHELLED,Lincoln,0.04054054054,43.8902951,-69.6288136
29052,LEXYS SWEETS  BAKERY,1,3,2021-05-28,2021-11-03,EATING PLACE - TAKEOUT,No,228 WASHINGTON ST,RUMFORD,ME,4276,207-357-0626,REGULAR,LEXYS SWEETS AND BAKERY LLC,Oxford,0.08108108108,44.5492085,-70.5526053
29049,"BERGQUIST, KYLE",0,0,2020-12-28,,,No,364 MAINE MALL RD,SOUTH PORTLAND,ME,4106,2078-477-7680,REGULAR,"BERGQUIST, KYLE",Cumberland,0,43.6341705,-70.3365511
29043,MY TRIBE NUTRITION,1,4,2024-12-27,2025-10-30,EATING PLACE TIER 1,No,10 CROSS RD,WINTHROP,ME,4364,207-446-1427,REGULAR,"POMERLEAU, TIA",Kennebec,0.09459459459,44.2844065,-70.0007929
29043,MY TRIBE NUTRITION,1,1,2022-02-17,2022-10-30,EATING PLACE TIER 1,No,10 CROSS RD,WINTHROP,ME,4364,207-446-1427,REGULAR,"POMERLEAU, TIA",Kennebec,0.05405405405,44.2844065,-70.0007929
29024,PEACE LOVE WAFFLES AND MORE,1,4,2021-03-04,2021-03-06,EATING PLACE TIER 1,No,1282 BANGOR RD,DOVER-FOXCROFT,ME,4945,970-398-1496,REGULAR,"RILEY, ERIN",Piscataquis,0.09459459459,45.14301,-69.1347385
29024,PEACE LOVE WAFFLES,0,3,2023-05-24,2022-06-03,EATING PLACE TIER 1,No,1282 BANGOR RD,DOVER-FOXCROFT,ME,4945,207-564-7700,NEWOWNER,PEACE LOVE WAFFLES LLC,Piscataquis,0.04054054054,45.14301,-69.1347385
29022,PB&J'S FOOD TRUCK,0,0,2020-10-27,,EATING PLACE - MOBILE,No,1 CORNFIELD DR,SPRINGVALE,ME,,207-850-6558,REGULAR,"ANDERSON, PAUL & LAROSE, BILL",Sagadahoc,0,43.4519141,-70.8094147
29017,J'S ALL AMERICAN HOT DOGS,1,0,2023-04-06,2023-11-20,EATING PLACE - MOBILE,No,550 ALFRED ST,BIDDEFORD,ME,4005,617-455-1657,REGULAR,"O'MALLEY, JEANA",York,0.04054054054,43.47856,-70.5076017
29015,WHITE HERON MAINE,0,5,2022-09-12,2023-10-08,EATING PLACE - TAKEOUT,No,43 HAROLD L DOW HWY,ELIOT,ME,3903,603-702-1581,REGULAR,WHITE HERON TEA & COFFEE MAINE LLC,York,0.06756756757,43.1227881,-70.762788
29015,WHITE HERON MAINE,0,2,2024-08-30,2024-10-08,EATING PLACE - TAKEOUT,No,43 HAROLD L DOW HWY,ELIOT,ME,3903,603-702-1581,REGULAR,WHITE HERON TEA & COFFEE MAINE LLC,York,0.02702702703,43.1227881,-70.762788
29015,WHITE HERON MAINE,0,0,2020-11-17,2021-10-08,EATING PLACE - TAKEOUT,No,43 HAROLD L DOW HWY,ELIOT,ME,3903,603-702-1581,REGULAR,WHITE HERON TEA & COFFEE MAINE LLC,York,0,43.1227881,-70.762788
29014,LITTLETON PIT STOP,2,2,2021-02-11,2021-10-08,EATING PLACE TIER 2,No,1678 US HIGHWAY 1,LITTLETON,ME,4730,207-538-4358,REGULAR,LITTLETON PIT STOP LLC,Aroostook,0.1081081081,46.2409726,-67.8409923
29014,LITTLETON PIT STOP,2,2,2024-08-28,2024-10-08,EATING PLACE TIER 2,No,1678 US HIGHWAY 1,LITTLETON,ME,4730,207-538-4358,REGULAR,LITTLETON PIT STOP LLC,Aroostook,0.1081081081,46.2409726,-67.8409923
29009,BARNHOUSE GRILL & PUB,6,8,2025-07-31,2025-12-09,EATING PLACE TIER 2,Yes,690 BATH RD,WISCASSET,ME,4578,207-882-7141,REGULAR,"BARNHOUSE GRILL PUB, INC.",Lincoln,0.3513513514,43.9725907,-69.7107202
29009,BARNHOUSE GRILL & PUB,0,1,2021-01-05,2021-12-09,EATING PLACE TIER 2,No,690 BATH RD,WISCASSET,ME,4578,207-882-7141,REGULAR,"DYER, DANIEL",Lincoln,0.01351351351,43.9725907,-69.7107202
29008,YORK RESTAURANT,1,1,2021-08-11,2022-06-29,EATING PLACE TIER 1,No,3 RAILROAD AVE,YORK BEACH,ME,3910,207-363-4650,REGULAR,"WILSON, SANDRA",York,0.05405405405,43.1750325,-70.6121865
29007,SEACOAST CHRISTIAN SCHOOL,1,1,2022-03-28,2022-09-27,EATING - SCHOOL,No,26 PAUL ST,SOUTH BERWICK,ME,3908,207-384-5759,REGULAR,SEACOAST CHRISTIAN SCHOOL,York,0.05405405405,43.2340201,-70.8084112
29007,SEACOAST CHRISTIAN SCHOOL,0,2,2023-09-19,2024-09-27,EATING - SCHOOL,No,26 PAUL ST,SOUTH BERWICK,ME,3908,207-384-5759,REGULAR,SEACOAST CHRISTIAN SCHOOL,York,0.02702702703,43.2340201,-70.8084112
29007,SEACOAST CHRISTIAN SCHOOL,0,1,2022-09-09,2023-09-27,EATING - SCHOOL,No,26 PAUL ST,SOUTH BERWICK,ME,3908,207-384-5759,REGULAR,SEACOAST CHRISTIAN SCHOOL,York,0.01351351351,43.2340201,-70.8084112
29007,SEACOAST CHRISTIAN SCHOOL,0,0,2024-09-16,2025-09-27,EATING - SCHOOL,No,26 PAUL ST,SOUTH BERWICK,ME,3908,207-384-5759,REGULAR,SEACOAST CHRISTIAN SCHOOL,York,0,43.2340201,-70.8084112
29006,BRUNSWICK ENERGY & NUTRITION,0,1,2021-07-29,2022-04-20,EATING PLACE TIER 1,No,12 PLEASANT ST,BRUNSWICK,ME,4011,207-725-9000,REGULAR,BRUNSWICK ENERGY & NUTRITION LLC,Cumberland,0.01351351351,43.914496,-69.9663099
29002,WALKERSMAINE,0,0,2020-10-01,2021-10-01,EATING PLACE - MOBILE,No,1273 US ROUTE 1,CAPE NEDDICK,ME,3902,2078-712-5153,REGULAR,WALKERSMAINE LLC,York,0,43.1902497,-70.6197228
29002,WALKERSMAINE,0,0,2024-09-25,2024-10-01,EATING PLACE - MOBILE,No,1273 US ROUTE 1,CAPE NEDDICK,ME,3902,207-712-5153,REGULAR,WALKERSMAINE LLC,York,0,43.1902497,-70.6197228
29001,MERE POINT OYSTER CO,0,0,2020-11-16,2021-11-16,CATERING,No,39 BURBANK AVE,BRUNSWICK,ME,4011,207-841-3651,REGULAR,MERE POINT OYSTER CO LLC,Cumberland,0,43.8955207,-69.9266245
29000,CHIPOTLE MEXICAN GRILL,1,6,2023-05-25,2023-12-09,EATING PLACE TIER 2,No,410 CENTER ST,AUBURN,ME,4210,614-318-2482,REGULAR,CHIPOTLE MEXICAN GRILL OF COLORADO LLC,Androscoggin,0.1216216216,44.1171195,-70.2253252
29000,CHIPOTLE MEXICAN GRILL,0,1,2021-12-16,2022-12-09,EATING PLACE TIER 2,No,410 CENTER ST,AUBURN,ME,4210,614-318-2482,REGULAR,CHIPOTLE MEXICAN GRILL OF COLORADO LLC,Androscoggin,0.01351351351,44.1171195,-70.2253252
29000,CHIPOTLE MEXICAN GRILL,0,1,2022-08-29,2022-12-09,EATING PLACE TIER 2,No,410 CENTER ST,AUBURN,ME,4210,614-318-2482,REGULAR,CHIPOTLE MEXICAN GRILL OF COLORADO LLC,Androscoggin,0.01351351351,44.1171195,-70.2253252
28993,BIRCHWOOD BREWING LLC,2,2,2024-04-03,2025-03-18,EATING PLACE TIER 2,No,19 C PORTLAND RD,GRAY,ME,4139,207-650-0122,REGULAR,BIRCHWOOD BREWING LLC,Cumberland,0.1081081081,43.8617553,-70.3229137
28993,BIRCHWOOD BREWING LLC,1,2,2022-05-13,2022-09-22,EATING PLACE TIER 2,No,19 C PORTLAND RD,GRAY,ME,4139,207-657-4593,REGULAR,BIRCHWOOD BREWING LLC,Cumberland,0.06756756757,43.8617553,-70.3229137
28991,CORNER CAFE,0,6,2020-09-14,2021-09-14,EATING PLACE - TAKEOUT,No,95 PERKINS COVE,OGUNQUIT,ME,3907,207-251-6029,NEWOWNER,"BEVINS, JACQUELINE",York,0.08108108108,43.2369472,-70.5902069
28991,CORNER CAFE,0,2,2023-05-23,2023-09-14,EATING PLACE - TAKEOUT,No,95 PERKINS COVE,OGUNQUIT,ME,3907,207-251-6029,REGULAR,"BEVINS, JACQUELINE",York,0.02702702703,43.2369472,-70.5902069
28991,Ayla's Sweet Wonder,0,1,2025-05-22,2023-09-14,EATING PLACE - TAKEOUT,No,95 PERKINS COVE,OGUNQUIT,ME,3907,603-205-1962,NEWOWNER,Bevins Marine LLC,York,0.01351351351,43.2369472,-70.5902069
28987,WASHINGTON BATHS,0,0,2022-09-26,2023-04-02,MUN - EATING PLACE,No,145 WASHINGTON AVE,PORTLAND,ME,4101,207-253-1555,REGULAR,"SMITH, HENRY",Cumberland,0,43.6681223,-70.2535321
28982,AMBITION BREWING,0,1,2023-09-21,2024-09-08,EATING PLACE TIER 2,No,295 MAIN ST,WILTON,ME,4294,207-491-8458,REGULAR,AMBITION BREWING LLC,Franklin,0.01351351351,44.586929,-70.2311729
28981,LOON LODGE INN,0,0,2025-01-23,2025-09-03,CATERING,No,16 PICKFORD RD,RANGELEY,ME,4970,508-726-1245,REGULAR,LOON LODGE INN,Franklin,0,44.9462578,-70.6384683
28976,MY SISTERS PIZZA,0,6,2021-04-06,2021-09-02,EATING PLACE TIER 2,No,6 UNION ST,WINTHROP,ME,4364,207-458-7468,REGULAR,"RICHARDSON, ROBIN",Kennebec,0.08108108108,44.307631,-69.9725199
28975,COASTAL NUTRITION AND ENERGY,0,0,2020-10-20,2021-09-19,EATING PLACE TIER 1,No,3 HALL ST,NEWCASTLE,ME,4553,207-446-2248,REGULAR,"HAYES, JEREMY",Lincoln,0,44.03653,-69.5392516
28973,BROOK CITY NUTRITION,2,3,2021-03-11,2021-09-30,EATING PLACE TIER 1,No,865 MAIN ST,WESTBROOK,ME,40092,207-939-7968,REGULAR,BROOK CITY NUTRITION LLC,Cumberland,0.1216216216,43.6768883,-70.366671
28973,BROOK CITY NUTRITION,0,3,2023-11-29,2024-09-30,EATING PLACE TIER 1,No,865 MAIN ST,WESTBROOK,ME,40092,207-939-7968,REGULAR,BROOK CITY NUTRITION LLC,Cumberland,0.04054054054,43.6768883,-70.366671
28971,SANFORD MIDDLE SCHOOL,2,1,2022-12-07,2023-09-27,EATING - SCHOOL,No,52 SPARTAN DR,SANFORD,ME,4073,207-608-8761,REGULAR,SANFORD SCHOOL DEPARTMENT,York,0.09459459459,43.4528173,-70.7830951
28971,SANFORD MIDDLE SCHOOL,0,1,2023-10-31,2023-12-15,EATING - SCHOOL,No,52 SPARTAN DR,SANFORD,ME,4073,207-608-8761,REGULAR,SANFORD SCHOOL DEPARTMENT,York,0.01351351351,43.4528173,-70.7830951
28971,SANFORD MIDDLE SCHOOL,0,0,2022-05-23,2022-09-27,EATING - SCHOOL,No,52 SPARTAN DR,SANFORD,ME,4073,207-608-8761,REGULAR,SANFORD SCHOOL DEPARTMENT,York,0,43.4528173,-70.7830951
28971,SANFORD MIDDLE SCHOOL,0,0,2024-10-25,2025-09-27,EATING - SCHOOL,No,52 SPARTAN DR,SANFORD,ME,4073,207-608-8761,REGULAR,SANFORD SCHOOL DEPARTMENT,York,0,43.4528173,-70.7830951
28969,MARSHALL WHARF BREWING COMPANY,0,4,2022-08-04,2023-08-27,EATING PLACE TIER 2,No,36 MARSHALL WHARF,BELFAST,ME,4915,774-121-4148,REGULAR,MOONBAT LLC,Waldo,0.05405405405,44.4286076,-69.0039838
28968,MADDENS LANDING,1,2,2022-08-10,2023-09-01,EATING PLACE - MOBILE,No,560 MAIN RD,GREENBUSH,ME,4461,207-385-2165,REGULAR,"MADDEN, JEFF",Penobscot,0.06756756757,45.0560004,-68.6556766
28967,FOOTBRIDGE BREWERY,3,4,2025-04-03,2025-08-28,EATING PLACE TIER 2,No,25 GRANARY WAY,BOOTHBAY HARBOR,ME,4538,207-352-3007,REGULAR,FOOTBRIDGE BREWERY LLC,Lincoln,0.1756756757,43.8519205,-69.6272488
28967,FOOTBRIDGE BREWERY,0,0,2020-09-18,,,No,25 GRANARY WAY,BOOTHBAY HARBOR,ME,4538,207-352-3007,REGULAR,FOOTBRIDGE BREWERY LLC,Lincoln,0,43.8519205,-69.6272488
28966,SPECKLED AX,4,4,2024-07-09,2024-09-03,MUN - EATING PLACE,Yes,18 THAMES ST,PORTLAND,ME,4101,207-660-3333,REGULAR,MATT'S COFFEE LLC,Cumberland,0.2162162162,43.6601467,-70.2471305
28966,SPECKLED AX,0,6,2023-06-12,2023-09-03,MUN - EATING PLACE,No,18 THAMES ST,PORTLAND,ME,4101,207-660-3333,REGULAR,MATT'S COFFEE LLC,Cumberland,0.08108108108,43.6601467,-70.2471305
28966,SPECKLED AX,1,2,2025-01-02,2025-09-03,MUN - EATING PLACE,No,18 THAMES ST,PORTLAND,ME,4101,207-660-3333,REGULAR,MATT'S COFFEE LLC,Cumberland,0.06756756757,43.6601467,-70.2471305
28966,SPECKLED AX,1,0,2022-06-30,2021-09-03,MUN - EATING PLACE,No,18 THAMES ST,PORTLAND,ME,4101,207-660-3333,REGULAR,MATT'S COFFEE LLC,Cumberland,0.04054054054,43.6601467,-70.2471305
28966,SPECKLED AX,0,2,2021-06-21,2021-09-03,MUN - EATING PLACE,No,18 THAMES ST,PORTLAND,ME,4101,207-660-3333,REGULAR,MATT'S COFFEE LLC,Cumberland,0.02702702703,43.6601467,-70.2471305
28956,PATTENS POPCORN,0,0,2020-09-19,2021-09-16,EATING PLACE - MOBILE,No,12 CHASSE CT,SKOWHEGAN,ME,4926,207-717-6901,REGULAR,"PATTEN, CADE",Somerset,0,44.7712152,-69.6690462
28953,"LAFROMBOISE, SHAWN",0,0,2020-08-21,,,No,23 ELM ST,BATH,ME,4530,207-798-0988,REGULAR,"LAFRAMBOISE, SHAWN D",Sagadahoc,0,43.9145393,-69.814963
28950,"GEER, KRISTOPHER",0,0,2020-08-19,,,No,97 COMMERCIAL ST,BATH,ME,4550,508-612-7619,REGULAR,"GEER, KRISTOPHER",Androscoggin,0,43.9148603,-69.8131835
28949,NATURES WILDERNESS RESORT (POOL),2,1,2022-07-14,,,No,2 UPPER TWAIN RD,BALDWIN,ME,4091,207-558-3465,REGULAR,NWR RV LLC,Cumberland,0.09459459459,43.8256514,-70.7462093
28943,"MONROE, AIRYNN",0,0,2020-08-27,,,No,39 EXCHANGE ST,PORTLAND,ME,4101,207-400-9959,REGULAR,"MONROE, AIRYNN",Cumberland,0,43.6572646,-70.2538918
28942,THE WOOD SHED,2,5,2020-09-10,2021-08-20,EATING PLACE TIER 2,No,915 WESTERN AVE,MANCHESTER,ME,4351,207-480-1066,REGULAR,THE WOOD SHED LLC,Kennebec,0.1486486486,44.3249939,-69.8602219
28942,THE WOOD SHED,3,3,2024-05-18,2024-09-14,EATING PLACE TIER 3,No,915 WESTERN AVE,MANCHESTER,ME,4351,207-480-1066,REGULAR,THE WOOD SHED LLC,Kennebec,0.1621621622,44.3249939,-69.8602219
28940,"UNE DINING, DECARY KITCHEN",0,0,2022-10-28,2023-09-09,COMMISSARY,No,11 HILLS BEACH RD,BIDDEFORD,ME,4005,207-602-3692,REGULAR,PARKHURST DINING,York,0,43.4586009,-70.3890672
28940,UNIVERSITY OF NEW ENGLAND DINING,0,0,2025-01-14,2025-09-09,COMMISSARY,No,11 HILLS BEACH RD,BIDDEFORD,ME,4005,207-602-3692,REGULAR,PARKHURST DINING,York,0,43.4586009,-70.3890672
28938,487 NUTRITION LLC,2,2,2020-10-16,2021-08-11,EATING PLACE - TAKEOUT,No,108 SOMERSET PLZ,PITTSFIELD,ME,4967,207-431-0954,REGULAR,487 NUTRITION LLC,Somerset,0.1081081081,44.7858775,-69.3983554
28938,487 NUTRITION LLC,0,4,2023-04-14,2023-08-11,EATING PLACE - TAKEOUT,No,108 SOMERSET PLZ,PITTSFIELD,ME,4967,207-431-0954,REGULAR,487 NUTRITION LLC,Somerset,0.05405405405,44.7858775,-69.3983554
28938,487 NUTRITION,0,1,2023-09-20,2023-08-11,EATING PLACE - TAKEOUT,No,108 SOMERSET PLZ,PITTSFIELD,ME,4967,207-487-2746,NEWOWNER,"HOFFERT, MEAGAN",Somerset,0.01351351351,44.7858775,-69.3983554
28933,"WARNER, ZACHARY",0,0,2020-08-11,,,No,39 EXCHANGE ST,PORTLAND,ME,4101,203-942-8874,REGULAR,"WARNER, ZACHARY",Cumberland,0,43.6572646,-70.2538918
28932,HERO'S ON WHEELS LLC,1,1,2025-05-20,2025-09-15,EATING PLACE - MOBILE,No,14 Gleason Farm Rd,Oakland,ME,4976,207-401-1118,REGULAR,"DEFELICE, DEREK & AARON",Kennebec,0.05405405405,44.5263645,-69.7592566
28932,HERO'S ON WHEELS LLC,0,0,2023-07-25,2023-09-15,EATING PLACE - MOBILE,No,60 WATERVILLE ROAD,SKOWHEGAN,ME,4976,207-401-1118,REGULAR,"DEFELICE, DEREK & AARON",Somerset,0,44.763442,-69.7114151
28931,BANGOR SANDWICH CO,1,3,2020-12-10,2021-09-09,EATING PLACE TIER 1,No,25 HAMMOND ST,BANGOR,ME,4401,207-573-1361,REGULAR,BANGOR SANDWICH CO  LLC,Penobscot,0.08108108108,44.8017618,-68.7710548
28931,BANGOR SANDWICH COMPANY,0,3,2022-11-09,2023-09-09,EATING PLACE TIER 1,No,25 HAMMOND ST,BANGOR,ME,4401,207-573-1361,NEWOWNER,BANGOR SANDWICH CO  LLC,Penobscot,0.04054054054,44.8017618,-68.7710548
28930,UNCLE SEAN'S FISH N CHIPS,0,2,2021-07-10,2022-08-12,EATING PLACE - MOBILE,No,1 BUNNY LN,TOPSHAM,ME,4086,207-798-9881,REGULAR,UNCLE SEAN'S FISH N CHIPS,Kennebec,0.02702702703,43.9318512,-69.946354
28930,UNCLE SEAN'S FISH N CHIPS,0,1,2023-07-15,2024-08-12,EATING PLACE - MOBILE,No,1 BUNNY LN,TOPSHAM,ME,4086,207-798-0876,REGULAR,UNCLE SEAN'S FISH N CHIPS,Kennebec,0.01351351351,43.9318512,-69.946354
28929,THE GREEKS OF PEAKS 2,1,0,2022-07-21,2023-08-27,EATING PLACE - MOBILE,No,127 EMERY ST,PORTLAND,ME,4102,207-650-2202,REGULAR,THE GREEKS OF PEAKS LLC,Cumberland,0.04054054054,43.6494217,-70.2695348
28925,CASCO BAY VENDING,1,8,2024-10-10,2025-08-25,CATERING,No,244 PERRY RD,BANGOR,ME,4401,207-945-5688,REGULAR,CASCO BAY VENDING,Penobscot,0.1486486486,44.7831316,-68.7995295
28924,PB & ME 2,0,1,2022-04-08,2022-10-14,EATING PLACE - MOBILE,No,50 PLYMOUTH,PORTLAND,ME,4103,207-318-1231,REGULAR,FOOD TRUCK ME,Cumberland,0.01351351351,43.694451,-70.2946995
28924,PB & ME 2,0,1,2025-05-05,2025-10-14,EATING PLACE - MOBILE,No,50 PLYMOUTH,PORTLAND,ME,4103,207-318-1231,REGULAR,FOOD TRUCK ME,Cumberland,0.01351351351,43.694451,-70.2946995
28924,PB & ME 2,0,0,2024-07-11,2024-10-14,EATING PLACE - MOBILE,No,50 PLYMOUTH,PORTLAND,ME,4103,207-318-1231,REGULAR,FOOD TRUCK ME,Cumberland,0,43.694451,-70.2946995
28923,FALMOUTH COUNTRY CLUB,3,5,2021-08-27,2021-09-04,EATING PLACE TIER 1,No,1 CONGRESSIONAL DR,FALMOUTH,ME,4105,207-878-2864,REGULAR,GOLF TRADITIONS INC,Cumberland,0.1891891892,43.7694279,-70.2746485
28923,FALMOUTH COUNTRY CLUB (POOL BAY & GRILL),1,3,2024-08-14,2024-09-04,EATING PLACE TIER 1,No,1 CONGRESSIONAL DR,FALMOUTH,ME,4105,207-878-2864,REGULAR,GOLF TRADITIONS INC,Cumberland,0.08108108108,43.7694279,-70.2746485
28921,RIO'S SPIKED CAFE LLC,0,0,2021-10-29,2021-11-03,EATING PLACE TIER 3,No,357 WEST MAIN ST,SEARSPORT,ME,4974,207-712-4780,REGULAR,RIO'S SPIKED CAFE LLC,Waldo,0,44.4326813,-68.9573623
28919,"GRAY, ADAM",0,0,2020-08-13,,,No,3 GOLD ST,PORTLAND,ME,4101,207-408-9425,REGULAR,"GRAY, ADAM",Cumberland,0,43.6569804,-70.2515305
28918,"NORRIS, SAMANTHA J",0,0,2020-08-17,,,No,999 FOREST AVE,PORTLAND,ME,4101,860-326-1675,REGULAR,"NORRIS, SAMANTHA J",Cumberland,0,43.6819926,-70.2895917
28912,BIG DADDYS NORTH FOOD TRUCK,0,0,2025-05-19,2025-08-04,EATING PLACE - MOBILE,No,22 HOLLIS RD,HOLLIS,ME,4042,207-632-7788,REGULAR,BIG DADDY'S NORTH LLC,York,0,43.5962665,-70.5561363
28909,SHIPYARD BREWRY CO,1,0,2023-12-05,2024-07-29,MUN - EATING PLACE,No,86 NEWBURY ST,PORTLAND,ME,4101,207-761-0807,REGULAR,SHIPYARD BREWING CO,Cumberland,0.04054054054,43.6616954,-70.2482259
28909,SHIPYARD BREWRY CO LLC,1,1,2024-12-30,2025-07-29,MUN - EATING PLACE - LIMITED MENU,No,86 NEWBURY ST,PORTLAND,ME,4101,207-761-0807,REGULAR,SHIPYARD BREWING CO,Cumberland,0.05405405405,43.6616954,-70.2482259
28909,SHIPYARD BREWRY CO LLC,1,0,2022-12-06,2023-07-29,MUN - EATING PLACE - LIMITED MENU,No,86 NEWBURY ST,PORTLAND,ME,4101,207-761-0807,REGULAR,SHIPYARD BREWING CO,Cumberland,0.04054054054,43.6616954,-70.2482259
28909,SHIPYARD BREWRY CO,0,2,2021-11-03,2022-07-29,MUN - EATING PLACE - LIMITED MENU,No,86 NEWBURY ST,PORTLAND,ME,4101,207-761-0807,REGULAR,SHIPYARD BREWING CO,Cumberland,0.02702702703,43.6616954,-70.2482259
28908,LUKE'S LOBSTER,1,0,2023-07-13,2024-06-21,EATING PLACE - MOBILE,No,60 PORTLAND PIER,PORTLAND,ME,4101,207-619-2831,REGULAR,LUKES LOBSTER ME LLC,Cumberland,0.04054054054,43.6550434,-70.2495537
28907,BARRELED SOULS BREWING,1,0,2025-05-07,2026-05-09,EATING PLACE - MOBILE,No,743 PORTLAND RD,SACO,ME,4072,870-514-6073,REGULAR,BARRELED SOULS BREWING COMPANY,York,0.04054054054,43.5236399,-70.4274584
28907,MAST LANDING BREWING,0,0,2020-10-08,2021-07-27,EATING PLACE - MOBILE,No,920 MAIN ST,WESTBROOK,ME,4092,207-887-9147,REGULAR,MAST LANDING BREWING COMPANY,Cumberland,0,43.6764824,-70.3695798
28903,JEFF'S JAMAICAN CUISINE,0,1,2021-11-10,2022-08-10,EATING PLACE - MOBILE,No,940 LISBON ST,LEWISTON,ME,4240,207-312-1191,REGULAR,"BAILEY, SOPHIA & JEFFERYTON",Androscoggin,0.01351351351,44.0827605,-70.1996401
28903,JEFF'S JAMAICAN CUISINE,0,1,2024-05-29,2024-08-10,EATING PLACE - MOBILE,No,940 LISBON ST,LEWISTON,ME,4240,207-815-9506,REGULAR,"BAILEY, SOPHIA & JEFFERYTON",Androscoggin,0.01351351351,44.0827605,-70.1996401
28903,JEFF'S JAMAICAN CUISINE,0,0,2023-08-24,2024-08-10,EATING PLACE - MOBILE,No,940 LISBON ST,LEWISTON,ME,4240,207-815-9506,REGULAR,"BAILEY, SOPHIA & JEFFERYTON",Androscoggin,0,44.0827605,-70.1996401
28900,BLAZE BREWING BIDDEFORD,2,3,2024-05-03,2024-07-24,EATING PLACE TIER 3,No,28 PEARL ST,BIDDEFORD,ME,4005,207-944-8723,REGULAR,BLAZE BREWING LLC,York,0.1216216216,43.4955301,-70.4531034
28900,BLAZE BREWING BIDDEFORD,1,0,2022-04-06,2022-07-24,EATING PLACE TIER 3,No,28 PEARL ST,BIDDEFORD,ME,4005,207-944-8723,REGULAR,BLAZE BREWING LLC,York,0.04054054054,43.4955301,-70.4531034
28899,JD PRINTING,0,1,2022-10-12,2022-07-23,EATING PLACE TIER 1,No,132 CONGRESS ST,RUMFORD,ME,4276,207-418-2498,REGULAR,"ARSENAULT, DAVID",Oxford,0.01351351351,44.5463484,-70.5454342
28898,"WENTWORTH, JACOB",0,0,2020-08-21,,,No,23 ELM ST,BATH,ME,4530,207-219-1390,REGULAR,"WENTWORTH, JACOB",Sagadahoc,0,43.9145393,-69.814963
28894,HALSTEDS,1,1,2021-06-10,2021-07-30,MUN - EATING PLACE - MOBILE,No,95 GARSOE DR,PORTLAND,ME,4103,312-885-2528,REGULAR,HALSTED'S LLC,Cumberland,0.05405405405,43.723733,-70.2917917
28893,MAINE SURFERS UNION,0,0,2022-02-15,2022-08-11,MUN - EATING PLACE,No,15 FREE ST,PORTLAND,ME,4101,207-771-7873,REGULAR,MAINE SURFERS UNION LLC,Cumberland,0,43.6568509,-70.257924
28893,MAINE SURFERS UNION,0,0,2023-02-01,2022-08-11,MUN - EATING PLACE,No,15 FREE ST,PORTLAND,ME,4101,207-771-7873,REGULAR,MAINE SURFERS UNION LLC,Cumberland,0,43.6568509,-70.257924
28893,MAINE SURFERS UNION,0,0,2024-02-13,2024-08-11,MUN - EATING PLACE,No,15 FREE ST,PORTLAND,ME,4101,207-771-7873,REGULAR,MAINE SURFERS UNION LLC,Cumberland,0,43.6568509,-70.257924
28893,MAINE SURFERS UNION,0,0,2025-02-06,2025-08-11,MUN - EATING PLACE,No,15 FREE ST,PORTLAND,ME,4101,207-771-7873,REGULAR,MAINE SURFERS UNION LLC,Cumberland,0,43.6568509,-70.257924
28888,NEWSCAPES BREWING,0,0,2024-05-01,2024-05-10,MUN - EATING AND CATERING,No,163 WASHINGTON AVE,PORTLAND,ME,4101,207-415-9933,REGULAR,NEWSCAPES BREWING,Waldo,0,43.6688386,-70.2535817
28888,NEWSCAPES BREWING,0,0,2025-05-06,2026-05-01,MUN - EATING PLACE,No,163 WASHINGTON AVE,PORTLAND,ME,4101,207-415-9933,REGULAR,NEWSCAPES BREWING INC,Waldo,0,43.6688386,-70.2535817
28888,NEWSCAPES BREWING,0,2,2023-08-09,2024-05-10,MUN - EATING PLACE TAKEOUT,No,163 WASHINGTON AVE,PORTLAND,ME,4101,207-415-9933,REGULAR,NEWSCAPES BREWING,Waldo,0.02702702703,43.6688386,-70.2535817
28886,GEORGE'S NORTH SHORE,1,2,2023-05-19,2023-07-16,EATING PLACE - MOBILE,No,131 WASHINGTON AVE,PORTLAND,ME,4101,978-457-5226,REGULAR,GEORGE'S NORTH SHORE LLC,Cumberland,0.06756756757,43.6676792,-70.2529808
28886,GEORGE'S NORTH SHORE,0,1,2021-06-03,2022-07-16,EATING PLACE - MOBILE,No,131 WASHINGTON AVE,PORTLAND,ME,4101,978-457-5226,REGULAR,GEORGE'S NORTH SHORE LLC,Cumberland,0.01351351351,43.6676792,-70.2529808
28886,GEORGE'S NORTH SHORE,0,0,2022-04-29,2022-07-16,EATING PLACE - MOBILE,No,131 WASHINGTON AVE,PORTLAND,ME,4101,978-457-5226,REGULAR,GEORGE'S NORTH SHORE LLC,Cumberland,0,43.6676792,-70.2529808
28880,BARRY'S KITCHEN,1,2,2021-02-05,2021-07-15,EATING PLACE TIER 1,No,178 WEST MAIN ST,FORT KENT,ME,4743,207-834-1125,REGULAR,S & B PROPERTIES,Aroostook,0.06756756757,47.2496635,-68.5984975
28880,SAMI'S CUISANE & COCKTAILS,1,2,2022-12-09,2023-07-15,EATING PLACE TIER 1,No,178 WEST MAIN ST,FORT KENT,ME,4743,716-790-1392,NEWOWNER,S & B PROPERTIES,Aroostook,0.06756756757,47.2496635,-68.5984975
28880,SAMI'S CUISINE & COCKTAILS,2,5,2025-02-27,2024-12-15,EATING PLACE TIER 2,No,178 WEST MAIN ST,FORT KENT,ME,4743,716-790-1392,NEWOWNER,,Aroostook,0.1486486486,47.2496635,-68.5984975
28876,207 EATS (FOOD TRUCK),0,0,2021-08-06,2021-07-15,EATING PLACE - MOBILE,No,7 BRANDY BROOK CIRCLE,ROCKPORT,ME,4856,415-290-3943,NEWOWNER,"CREPES, CREPES, CREPES, L.L.C",Knox,0,44.1900926,-69.1169704
28876,207 EATS (FOOD TRUCK),0,0,2021-11-02,2022-08-06,EATING PLACE - MOBILE,No,7 BRANDY BROOK CIRCLE,ROCKPORT,ME,4856,415-290-3943,REGULAR,207 EATS LLC,Knox,0,44.1900926,-69.1169704
28876,207 EATS (FOOD TRUCK),0,0,2022-06-17,2022-08-06,EATING PLACE - MOBILE,No,7 BRANDY BROOK CIRCLE,ROCKPORT,ME,4856,415-290-3943,REGULAR,207 EATS LLC,Knox,0,44.1900926,-69.1169704
28871,DIRTY'S DOGS,3,2,2020-08-12,,EATING PLACE - MOBILE,No,MAIN ST,EAST MILLINOCKET,ME,4430,207-447-2602,NEWOWNER,"MCAVOY, TROY & THOMPSON, DUSTIN",Aroostook,0.1486486486,45.6242848,-68.569543
28869,STONE FOX FARM CREAMERY,0,1,2021-11-10,2022-07-08,EATING PLACE - TAKEOUT,No,398 EAST MAIN ST,SEARSPORT,ME,4974,207-323-2850,REGULAR,STONE FOX FARM LLC,Waldo,0.01351351351,44.4803799,-68.8743153
28869,STONE FOX FARM CREAMERY,0,1,2023-08-14,2023-07-08,EATING PLACE - TAKEOUT,No,398 EAST MAIN ST,SEARSPORT,ME,4974,207-323-2850,REGULAR,STONE FOX FARM LLC,Waldo,0.01351351351,44.4803799,-68.8743153
28869,STONE FOX FARM CREAMERY,2,4,2025-07-07,2026-05-02,EATING PLACE TIER 1,No,400 EAST MAIN ST,SEARSPORT,ME,4974,207-977-4550,REGULAR,STONE FOX CREAMERY LLC,Waldo,0.1351351351,44.4797789,-68.8745784
28868,A DIFFERENT POINT OF BREW BISTRO,3,4,2024-06-04,2024-06-07,EATING PLACE TIER 2,No,28 MARKET SQUARE,HOULTON,ME,4730,207-227-1495,FOLLOW_UP_FULL,A DIFFERENT POINT OF BREW COFFEE & TEA COLLC,Aroostook,0.1756756757,46.1258848,-67.8402308
28868,HANDLEBAR SALOON,2,4,2022-10-13,2022-10-28,EATING PLACE TIER 2,No,28 MARKET SQUARE,HOULTON,ME,4730,207--460-5419,REGULAR,"SPAULDING, LORI",Aroostook,0.1351351351,46.1258848,-67.8402308
28868,RISE AND SHINE,2,4,2023-08-03,2023-08-24,EATING PLACE TIER 2,No,28 MARKET SQUARE,HOULTON,ME,4730,27-521-5027,REGULAR,HOPE WITHIN INC,Aroostook,0.1351351351,46.1258848,-67.8402308
28868,STEP IN TIME,1,4,2020-11-10,2021-07-10,EATING PLACE TIER 2,No,28 MAIN ST,HOULTON,ME,4730,207-538-7059,FOLLOW_UP_FULL,"GANEM, BARBARA",Aroostook,0.09459459459,46.1257791,-67.8393158
28868,A DIFFERENT POINT OF BREW BISTRO,0,3,2024-04-01,2024-07-25,EATING PLACE TIER 2,No,28 MARKET SQUARE,HOULTON,ME,4730,207-227-1495,REGULAR,HOPE WITHIN INC,Aroostook,0.04054054054,46.1258848,-67.8402308
28867,CRUZIN SLICE,1,2,2023-06-09,2024-09-10,EATING PLACE - MOBILE,No,21 JONES AVE,LEWISTON,ME,4240,207-579-4402,REGULAR,CRUZIN SLICES LLC,Androscoggin,0.06756756757,44.0770899,-70.1898111
28867,CRUZIN SLICE,1,1,2021-08-21,2022-09-10,EATING PLACE - MOBILE,No,21 JONES AVE,LEWISTON,ME,4240,207-579-4402,REGULAR,CRUZIN SLICES LLC,Androscoggin,0.05405405405,44.0770899,-70.1898111
28867,CRUZIN SLICE,0,0,2025-05-14,2025-09-10,EATING PLACE - MOBILE,No,21 JONES AVE,LEWISTON,ME,4240,207-579-4402,REGULAR,CRUZIN SLICES LLC,Androscoggin,0,44.0770899,-70.1898111
28864,THE LOBSTAH BUOY,2,0,2020-09-09,2021-07-15,EATING PLACE - MOBILE,No,268 ODLIN RD,BANGOR,ME,4401,207-227-5833,REGULAR,"DOUGHTY, ERIN & GREGORY, BENJAMIN",Penobscot,0.08108108108,44.790737,-68.8094604
28863,LOCAL 130,1,2,2020-11-04,2021-07-15,EATING PLACE TIER 2,No,130 EMERY MILLS RD,SHAPLEIGH,ME,4076,207-432-0313,REGULAR,LOCAL 130 LLC,York,0.06756756757,43.4971144,-70.8503833
28863,LOCAL 130,1,2,2022-09-22,2022-07-15,EATING PLACE TIER 2,No,130 EMERY MILLS RD,SHAPLEIGH,ME,4076,207-432-0313,REGULAR,LOCAL 130 LLC,York,0.06756756757,43.4971144,-70.8503833
28863,LOCAL 130,0,3,2025-03-11,2025-07-15,EATING PLACE TIER 2,No,130 EMERY MILLS RD,SHAPLEIGH,ME,4076,207-432-0313,REGULAR,LOCAL 130 LLC,York,0.04054054054,43.4971144,-70.8503833
28861,ASIAN CAFE,0,3,2021-08-04,2022-07-21,EATING PLACE - MOBILE,No,53 BAY ST,WINSLOW,ME,4901,207-877-6688,REGULAR,ASIAN CAFE,Kennebec,0.04054054054,44.5404372,-69.6272202
28861,ASIAN CAFE,0,1,2023-08-02,2024-07-21,EATING PLACE - MOBILE,No,53 BAY ST,WINSLOW,ME,4901,207-877-6688,REGULAR,ASIAN CAFE,Kennebec,0.01351351351,44.5404372,-69.6272202
28861,ASIAN CAFE,0,1,2024-07-31,2025-07-21,EATING PLACE - MOBILE,No,53 BAY ST,WINSLOW,ME,4901,207-877-6688,REGULAR,ASIAN CAFE,Kennebec,0.01351351351,44.5404372,-69.6272202
28858,STATION 118,0,8,2022-08-22,2023-01-31,EATING AND CATERING,No,118 MAIN ST,THOMASTON,ME,4861,207-542-0067,REGULAR,SUNROCK LLC,Knox,0.1081081081,44.0790571,-69.1809097
28854,JORDANS FURNITURE,0,2,2025-05-08,2025-10-06,MUN - EATING PLACE TAKEOUT,No,364 MAINE MALL RD,SOUTH PORTLAND,ME,4106,508-726-1873,REGULAR,JORDAN'S FURNITURE INC,Cumberland,0.02702702703,43.6341705,-70.3365511
28854,JORDANS FURNITURE,0,1,2023-08-02,2023-10-06,MUN - EATING PLACE TAKEOUT,No,364 MAINE MALL RD,SOUTH PORTLAND,ME,4106,508-509-6512,REGULAR,JORDAN'S FURNITURE INC,Cumberland,0.01351351351,43.6341705,-70.3365511
28852,VESSEL SERVICES,1,2,2022-07-12,2022-07-02,MUN - EATING PLACE - MOBILE,No,1 PORTLAND FISH PIER,PORTLAND,ME,4101,207-772-5718,REGULAR,VESSEL SERVICES INC.,Cumberland,0.06756756757,43.651025,-70.2531057
28852,VESSEL SERVICES,1,1,2021-07-27,2022-07-02,MUN - EATING PLACE - MOBILE,No,1 PORTLAND FISH PIER,PORTLAND,ME,4101,207-772-5718,REGULAR,VESSEL SERVICES INC.,Cumberland,0.05405405405,43.651025,-70.2531057
28851,RETTAS SNACK & DAIRY BAR,1,1,2025-06-25,2025-07-06,EATING PLACE - TAKEOUT,No,1678 INDIAN RIVER RD,JONESPORT,ME,4649,207-598-0313,REGULAR,"ROBINSON, LORETTA",Washington,0.05405405405,44.5591095,-67.6294017
28851,RETTA'S SNACK & DAIRY BAR,0,1,2020-07-24,2020-08-05,EATING PLACE - TAKEOUT,No,1678 INDIAN RIVER RD,JONESPORT,ME,4649,207-598-6646,REGULAR,"ROBINSON, LORETTA",Washington,0.01351351351,44.5591095,-67.6294017
28850,CRAFT CURBSIDE,1,0,2021-07-26,2021-07-06,EATING PLACE TIER 1,No,81 WEST GRAY RD,GRAY,ME,4039,207-233--2399,REGULAR,CRAFT CURBSIDE LLC,Cumberland,0.04054054054,43.8812322,-70.3452362
28843,THE PAR & GRILL RESTAURANT LLC,3,8,2020-09-17,2021-08-07,EATING AND CATERING,No,6 CARROLL ST,CARIBOU,ME,4736,207-492-0988,REGULAR,THE PAR & GRILL RESTAURANT LLC,Aroostook,0.2297297297,46.8713352,-67.9958392
28843,THE PAR & GRILL RESTAURANT S CORP,1,8,2024-02-07,2024-08-07,EATING AND CATERING,No,6 CARROLL ST,CARIBOU,ME,4736,207-492-0988,REGULAR,THE PAR & GRILL RESTAURANT S CORP,Aroostook,0.1486486486,46.8713352,-67.9958392
28840,LITTLE WOODFORDS,1,1,2022-07-13,2022-07-02,MUN - EATING PLACE,No,316A CONGRESS ST,PORTLAND,ME,4101,207-536-4990,REGULAR,PRETTY COOL LLC,Cumberland,0.05405405405,43.6542404,-70.2770789
28840,LITTLE WOODFORDS,0,1,2021-06-23,2022-07-02,MUN - EATING PLACE,No,316A CONGRESS ST,PORTLAND,ME,4101,207-536-4990,REGULAR,PRETTY COOL LLC,Cumberland,0.01351351351,43.6542404,-70.2770789
28838,ALPACAVILLE,1,2,2022-07-08,2023-06-26,EATING PLACE - MOBILE,No,1952 RANGELEY RD,PHILLIPS,ME,4966,339-933-2533,REGULAR,"SEABERG, JEFF",Franklin,0.06756756757,44.8424207,-70.4048589
28837,"MARZZA, STEVEN",0,0,2020-06-30,,,No,34 EXCHANGE ST,PORTLAND,ME,4101,207-604-6616,REGULAR,"MARZZA, STEVEN",Cumberland,0,43.6569533,-70.2541051
28837,"MARZZA, STEVEN",0,0,2020-06-30,,,No,34 EXCHANGE ST,PORTLAND,ME,4101,207-604-6616,REGULAR,"MARZZA, STEVEN",Cumberland,0,43.6569533,-70.2541051
28836,"NEIDZWIECKI, LUKE DAVIS",0,0,2020-06-29,,,No,52 PLEASANT ST,PORTLAND,ME,4101,207-650-422-,REGULAR,"NIEDZWIECKI, LUKE DAVIS",Cumberland,0,43.6538723,-70.2586523
28831,CAMDEN ROCKPORT MIDDLE SCHOOL,2,2,2023-09-26,2024-09-27,EATING - SCHOOL,No,34 KNOWLTON ST,CAMDEN,ME,4843,207-236-7805,REGULAR,MSAD #28,Knox,0.1081081081,44.211903,-69.0729932
28831,CAMDEN ROCKPORT MIDDLE SCHOOL,0,2,2022-01-06,2022-09-27,EATING - SCHOOL,No,34 KNOWLTON ST,CAMDEN,ME,4843,207-236-7810,REGULAR,MSAD #28,Knox,0.02702702703,44.211903,-69.0729932
28831,CAMDEN ROCKPORT MIDDLE SCHOOL,0,0,2022-11-14,2023-09-27,EATING - SCHOOL,No,34 KNOWLTON ST,CAMDEN,ME,4843,207-236-7805,REGULAR,MSAD #28,Knox,0,44.211903,-69.0729932
28830,"DREW, CHRISTOPHER",0,0,2020-08-07,,,No,364 MAINE MALL RD,SOUTH PORTLAND,ME,4106,207-949-0480,REGULAR,"DREW, CHRISTOPHER",York,0,43.6341705,-70.3365511
28828,STERLINGTOWN BAKEHOUSE,0,1,2022-10-26,2022-12-16,EATING PLACE - TAKEOUT,No,30 BURKETT RD,UNION,ME,4862,207-974-6371,REGULAR,"FICKETT, BRIAN & LARY, JILLIAN",Knox,0.01351351351,44.2121157,-69.2744188
28828,STERLINGTOWN BAKEHOUSE,0,0,2022-12-28,2022-12-16,EATING PLACE - TAKEOUT,No,30 BURKETT RD,UNION,ME,4862,207-974-6371,REGULAR,"STERLINGTOWN PUBLIC HOUSE, LLC",Knox,0,44.2121157,-69.2744188
28828,STERLINGTOWN BAKEHOUSE,2,5,2025-03-03,2025-12-28,EATING PLACE TIER 1,No,30 BURKETT RD,UNION,ME,4862,207-974-6371,REGULAR,"STERLINGTOWN PUBLIC HOUSE, LLC",Knox,0.1486486486,44.2121157,-69.2744188
28827,"LONGBOTTOM, ABIGAIL",0,0,2020-06-30,,,No,635 FOREST AVE,PORTLAND,ME,4101,207-756-4366,REGULAR,"LONGBOTTOM, ABIGIAL",Cumberland,0,43.6704074,-70.2834094
28823,ST MARY'S NUTRITION CENTER,0,2,2024-07-05,2025-06-26,MUN - COMMISSARY,No,208 BATES ST,LEWISTON,ME,4240,207-513-3848,REGULAR,ST MARY'S REGIONAL MEDICAL CENTER,Androscoggin,0.02702702703,44.0953592,-70.2129646
28817,EVO KITCHEN & BAR,0,5,2021-08-11,2022-07-28,MUN - EATING PLACE - MOBILE,No,443 FORE ST,PORTLAND,ME,4101,207-358-7830,REGULAR,THE FOUR FORTY THREE CLUB LLC,Cumberland,0.06756756757,43.6558704,-70.2550418
28815,"ZACHARIA, AMALACHI",0,0,2020-06-25,,,No,31 OLD ORCHARD ST,OLD ORCHARD BEACH,ME,4064,516-589-5338,REGULAR,"ZACHARIA, AMALACHI",York,0,43.5165821,-70.3763106
28812,FIRE AND COMPANY,4,4,2021-06-29,2021-09-24,MUN - EATING PLACE - MOBILE,Yes,1035 OCEAN AVE,PORTLAND,ME,4101,207-299-6995,REGULAR,PIZZA PIE ON THE FLY,Cumberland,0.2162162162,43.7006155,-70.2595306
28812,FIRE AND COMPANY,0,3,2021-07-13,2021-09-24,MUN - EATING PLACE - MOBILE,No,1035 OCEAN AVE,PORTLAND,ME,4101,207-299-6995,FOLLOW_UP_FULL,PIZZA PIE ON THE FLY,Cumberland,0.04054054054,43.7006155,-70.2595306
28810,MONMOUTH MEMORIAL SCHOOL,2,1,2024-10-17,2025-09-27,EATING - SCHOOL,No,130 ACADEMY RD,MONMOUTH,ME,4259,207-933-4426,REGULAR,RSU #2,Kennebec,0.09459459459,44.252005,-70.0365796
28810,MONMOUTH MEMORIAL SCHOOL,0,1,2022-01-28,2022-09-27,EATING - SCHOOL,No,130 ACADEMY RD,MONMOUTH,ME,4259,207-622-6351,REGULAR,RSU #2,Kennebec,0.01351351351,44.252005,-70.0365796
28810,MONMOUTH MEMORIAL SCHOOL,0,0,2023-12-18,2024-09-27,EATING - SCHOOL,No,130 ACADEMY RD,MONMOUTH,ME,4259,207-933-4426,REGULAR,RSU #2,Kennebec,0,44.252005,-70.0365796
28805,RED ROOSTER CHICKEN & BBQ,1,3,2020-09-03,2020-10-13,EATING PLACE - TAKEOUT,No,345 NORTH ST,SACO,ME,4072,207-712-9378,REGULAR,"BRANHAM, TAYLOR",York,0.08108108108,43.5201007,-70.4564152
28804,SAMS ITALIAN FOODS,2,2,2021-09-09,2021-11-24,EATING PLACE TIER 2,No,28 MAIN ST,DIXFIELD,ME,4224,207-782-2550,REGULAR,SAMS ITALIAN FOODS,Oxford,0.1081081081,44.5313839,-70.457071
28804,SAMS ITALIAN FOODS,0,1,2025-03-25,2025-11-24,EATING PLACE TIER 2,No,28 MAIN ST,DIXFIELD,ME,4224,207-782-2550,REGULAR,SAMS ITALIAN FOODS,Oxford,0.01351351351,44.5313839,-70.457071
28803,WATERBOROE MARKET & CAFE,0,1,2020-07-06,,,No,134 MAIN ST,WATERBORO,ME,4030,207-247-1031,REGULAR,TOWN LINE DELI INC,York,0.01351351351,43.5694716,-70.672104
28802,CONGDONS DOUGHNUTS,1,1,2024-08-02,2025-06-15,EATING PLACE - MOBILE,No,1090 POST RD,WELLS,ME,4090,207-646-4219,REGULAR,CONGDONS DONUTS INC,York,0.05405405405,43.3063513,-70.5851723
28793,MDI LOBSTER & BBQ,2,3,2021-09-13,2021-07-01,EATING PLACE - MOBILE,No,126 CLARK POINT RD,SOUTHWEST HARBOR,ME,4679,207-244-8381,REGULAR,SAYER DEBECK HOLDINGS INC,Hancock,0.1216216216,44.2769521,-68.3159923
28793,MDI LOBSTER & BBQ,0,1,2022-05-10,2021-07-01,EATING PLACE TIER 3,No,126 CLARK POINT RD,SOUTHWEST HARBOR,ME,4679,207-244-8381,REGULAR,SAYER DEBECK HOLDINGS INC,Hancock,0.01351351351,44.2769521,-68.3159923
28793,MDI LOBSTER & BBQ,0,1,2022-09-01,2022-08-09,EATING PLACE TIER 3,No,126 CLARK POINT RD,SOUTHWEST HARBOR,ME,4679,207-244-8381,REGULAR,SAYER DEBECK HOLDINGS INC,Hancock,0.01351351351,44.2769521,-68.3159923
28789,THE FARMHOUSE BEER GARDEN,0,0,2023-01-13,2022-07-13,EATING PLACE - TAKEOUT,No,926 FARMINGTON FALLS RD,FARMINGTON,ME,4938,207-860-0701,REGULAR,SANDY HILL FARM LLC,Franklin,0,44.6311291,-70.0846778
28781,MAINE-IAH LOBSTER,3,3,2020-08-14,2021-07-10,EATING PLACE - TAKEOUT,No,220 BATH RD,BRUNSWICK,ME,4011,207-319-9762,REGULAR,DJ MANEY,Cumberland,0.1621621622,43.9081504,-69.9118996
28777,SHELLYS,0,1,2023-05-03,2022-06-03,EATING PLACE - TAKEOUT,No,2134 MEDWAY RD,MEDWAY,ME,4460,207-746-7378,REGULAR,,Penobscot,0.01351351351,45.6170474,-68.5571539
28777,SHELLY'S,1,2,2020-07-16,2021-06-03,EATING PLACE TIER 1,No,2134 MEDWAY RD,MEDWAY,ME,4460,207-746-7378,REGULAR,"LEE, SHELLY",Penobscot,0.06756756757,45.6170474,-68.5571539
28774,COASTAL CRAVE,0,0,2020-06-24,,EATING PLACE - MOBILE,No,434 HENDRICKS HILL RD,SOUTHPORT,ME,4537,207-380-9052,NEWOWNER,"COTIER, AMANDA",Lincoln,0,43.8229374,-69.6758265
28773,ROSSETTIS PIZZA,0,2,2021-07-21,2021-06-03,EATING PLACE - TAKEOUT,No,15 A EAST GRAND AVE,OLD ORCHARD BEACH,ME,4064,201-210-7479,REGULAR,"JOHNSON, GLENN",York,0.02702702703,43.5290354,-70.3628014
28773,ROSSETTIS PIZZA,0,2,2024-07-01,2024-06-03,EATING PLACE - TAKEOUT,No,15 A EAST GRAND AVE,OLD ORCHARD BEACH,ME,4064,207-210-7479,REGULAR,"JOHNSON, GLENN",York,0.02702702703,43.5290354,-70.3628014
28770,ROLL CALL,0,0,2021-01-26,2021-08-04,MUN - EATING AND CATERING,No,81 CLARK ST,PORTLAND,ME,4101,207-558-0881,REGULAR,SIOBHAN SINDONI CONCEPTS LLC,Cumberland,0,43.6484062,-70.2644607
28769,NOURISH ME,2,2,2021-03-10,2021-06-18,EATING PLACE TIER 1,No,141 WESTERN AVE,PARIS,ME,4281,207-890-5350,REGULAR,"STRIEGEL, MAT",Oxford,0.1081081081,44.2264669,-70.5180656
28768,360 NUTRITION OF BANGOR,0,1,2020-09-04,2020-09-07,EATING PLACE TIER 1,No,366 GRIFFIN RD,BANGOR,ME,4401,207-942-3200,REGULAR,"ADAMS, TRAVIS",Penobscot,0.01351351351,44.8177017,-68.8153405
28763,THE DEN DOWNEAST NUTRITION,0,1,2024-02-02,2024-06-02,EATING PLACE TIER 1,No,187 DUBLIN ST,MACHIAS,ME,4657,207-214-0768,REGULAR,"GRIFFITH, ROSANNE",Washington,0.01351351351,44.703477,-67.4662179
28761,ANYTHING GOES,1,2,2024-08-08,2024-07-18,EATING PLACE - MOBILE,No,22  CARONS WAY,RICHMOND,ME,4357,207-737-9196,REGULAR,"CARON, GARY",Kennebec,0.06756756757,44.1139646,-69.8855972
28761,ANTYHING GOES,0,0,2023-07-26,2024-05-28,EATING PLACE - MOBILE,No,22  CARONS WAY,RICHMOND,ME,4357,207-737-9196,REGULAR,"CARON, GARY",Kennebec,0,44.1139646,-69.8855972
28761,ANYTHING GOES,0,0,2025-06-20,2026-05-28,EATING PLACE - MOBILE,No,22  CARONS WAY,RICHMOND,ME,4357,207-737-9196,REGULAR,"CARON, GARY",Kennebec,0,44.1139646,-69.8855972
28760,BIG BITES BIG SHOTS INC,1,0,2021-08-30,2021-09-23,EATING PLACE TIER 2,No,8 WEST GRAND AVE,OLD ORCHARD BEACH,ME,4064,207-839-8484,REGULAR,BIG BITES BIG SHOTS INC,York,0.04054054054,43.5151466,-70.3751397
28760,BIG BITES BIG SHOTS INC,0,0,2024-07-24,2024-09-23,EATING PLACE TIER 2,No,8 WEST GRAND AVE,OLD ORCHARD BEACH,ME,4064,207-839-8484,REGULAR,BIG BITES BIG SHOTS INC,York,0,43.5151466,-70.3751397
28753,RED DOG EXPRESS,1,1,2025-05-15,2025-07-09,EATING PLACE - MOBILE,No,446 FOREST AVE,PORTLAND,ME,4010,207-432-3724,REGULAR,"BOYD, DARRYL",Cumberland,0.05405405405,43.6659609,-70.2769041
28753,RED DOG EXPRESS,0,0,2023-05-18,2023-07-09,EATING PLACE - MOBILE,No,446 FOREST AVE,PORTLAND,ME,4010,207-432-3724,REGULAR,"BOYD, DARRYL",Cumberland,0,43.6659609,-70.2769041
28753,RED DOG EXPRESS,0,0,2024-06-06,2024-07-09,EATING PLACE - MOBILE,No,446 FOREST AVE,PORTLAND,ME,4010,207-432-3724,REGULAR,"BOYD, DARRYL",Cumberland,0,43.6659609,-70.2769041
28753,RED DOG EXPRESS,2,0,2022-05-03,2022-07-09,MUN - EATING PLACE - MOBILE,No,446 FOREST AVE,PORTLAND,ME,4010,207-432-3724,REGULAR,"BOYD, DARRYL",Cumberland,0.08108108108,43.6659609,-70.2769041
28753,RED DOG EXPRESS,0,1,2021-06-02,2021-07-09,MUN - EATING PLACE - MOBILE,No,446 FOREST AVE,PORTLAND,ME,4010,207-432-3724,REGULAR,"BOYD, DARRYL",Cumberland,0.01351351351,43.6659609,-70.2769041
28752,DUNKIN,1,1,2021-06-23,2022-06-09,MUN - EATING PLACE,No,191 MARGINAL WAY,PORTLAND,ME,4101,207-808-8145,REGULAR,OLD PORT FOODSERVICE GROUP V LLC,Cumberland,0.05405405405,43.6642404,-70.2608103
28752,DUNKIN,1,0,2024-08-21,2025-06-09,MUN - EATING PLACE,No,191 MARGINAL WAY,PORTLAND,ME,4101,207-808-8145,REGULAR,OLD PORT FOODSERVICE GROUP V LLC,Cumberland,0.04054054054,43.6642404,-70.2608103
28752,DUNKIN,0,2,2022-06-23,2023-06-09,MUN - EATING PLACE,No,191 MARGINAL WAY,PORTLAND,ME,4101,207-808-8145,REGULAR,OLD PORT FOODSERVICE GROUP V LLC,Cumberland,0.02702702703,43.6642404,-70.2608103
28752,DUNKIN,0,2,2023-08-08,2024-06-09,MUN - EATING PLACE,No,191 MARGINAL WAY,PORTLAND,ME,4101,207-808-8145,REGULAR,OLD PORT FOODSERVICE GROUP V LLC,Cumberland,0.02702702703,43.6642404,-70.2608103
28745,DEFINITIVE BREWING COMPANY,1,2,2022-02-07,2022-05-11,MUN - EATING PLACE - LIMITED MENU,No,35 INDUSTRIAL WAY,PORTLAND,ME,4103,207-446-4746,REGULAR,DEFINITIVE BREWING COMPANY LLC,Cumberland,0.06756756757,43.7026311,-70.3191016
28745,DEFINITIVE BREWING COMPANY,0,2,2024-02-14,2024-05-11,MUN - EATING PLACE - LIMITED MENU,No,35 INDUSTRIAL WAY,PORTLAND,ME,4103,207-446-4746,REGULAR,DEFINITIVE BREWING COMPANY LLC,Cumberland,0.02702702703,43.7026311,-70.3191016
28745,DEFINITIVE BREWING COMPANY,0,0,2023-02-02,2023-05-11,MUN - EATING PLACE - LIMITED MENU,No,35 INDUSTRIAL WAY,PORTLAND,ME,4103,207-446-4746,REGULAR,DEFINITIVE BREWING COMPANY LLC,Cumberland,0,43.7026311,-70.3191016
28745,DEFINITIVE BREWING COMPANY,0,0,2025-02-20,2025-05-11,MUN - EATING PLACE - LIMITED MENU,No,35 INDUSTRIAL WAY,PORTLAND,ME,4103,207-446-4746,REGULAR,DEFINITIVE BREWING COMPANY LLC,Cumberland,0,43.7026311,-70.3191016
28739,LUCKY LOU'S PLACE,2,4,2022-11-15,2023-07-16,MUN - EATING PLACE - MOBILE,No,980 RIVERSIDE ST,PORTLAND,ME,4101,207-450-0784,REGULAR,"ALIVIZATOS, GUS",Cumberland,0.1351351351,43.7081556,-70.31723
28737,STAGE HOUSE INN,0,5,2024-11-07,2025-10-06,EATING AND LODGING,No,224 MAIN ST,SOUTH BERWICK,ME,3908,207-451-8232,REGULAR,GREAT WORKS PROPERTIES LLC,York,0.06756756757,43.2332145,-70.8085879
28737,STAGE HOUSE INN,0,4,2022-11-16,2023-10-06,EATING AND LODGING,No,224 MAIN ST,SOUTH BERWICK,ME,3908,207-451-8232,REGULAR,GREAT WORKS PROPERTIES LLC,York,0.05405405405,43.2332145,-70.8085879
28737,STAGE HOUSE INN,0,0,2020-12-09,2021-10-06,EATING AND LODGING,No,224 MAIN ST,SOUTH BERWICK,ME,3908,613-343-8281,REGULAR,GREAT WORKS PROPERTIES LLC,York,0,43.2332145,-70.8085879
28737,STAGE HOUSE INN,0,0,2022-11-16,2023-10-06,EATING AND LODGING,No,224 MAIN ST,SOUTH BERWICK,ME,3908,207-451-8232,REGULAR,GREAT WORKS PROPERTIES LLC,York,0,43.2332145,-70.8085879
28737,STAGE HOUSE INN,0,0,2024-11-05,2025-10-06,EATING AND LODGING,No,224 MAIN ST,SOUTH BERWICK,ME,3908,207-451-8232,REGULAR,GREAT WORKS PROPERTIES LLC,York,0,43.2332145,-70.8085879
28735,DUNKINS DONUTS,0,2,2025-02-19,2025-09-23,EATING PLACE TIER 2,No,150 BATH RD,BRUNSWICK,ME,4011,207-729-1770,REGULAR,BRUNSWICK DONUTS INC,Cumberland,0.02702702703,43.9064806,-69.925966
28735,DUNKINS DONUTS,0,0,2020-10-05,2021-09-23,EATING PLACE TIER 2,No,150 BATH RD,BRUNSWICK,ME,4011,207-729-1770,REGULAR,BRUNSWICK DONUTS INC,Cumberland,0,43.9064806,-69.925966
28732,PINNACLE GRILL,0,1,2025-08-01,2026-05-15,EATING PLACE - MOBILE,No,4 MARSHALL SHORE,LIBERTY,ME,4949,207-299-5019,REGULAR,PINNACLE GRILL LLC,Waldo,0.01351351351,44.3868477,-69.3582049
28729,CLIFF HOUSE MAINE,0,0,2022-05-23,2022-05-11,COMMISSARY,No,591 SHORE RD,CAPE NEDDICK,ME,3902,207-361-1000,REGULAR,RBDD CLIFF HOUSE ACQUISITIONS LLC,York,0,43.1863456,-70.6066502
28729,CLIFF HOUSE MAINE,0,0,2025-01-03,2025-05-11,COMMISSARY,No,591 SHORE RD,CAPE NEDDICK,ME,3902,207-361-1000,REGULAR,RBDD CLIFF HOUSE ACQUISITIONS LLC,York,0,43.1863456,-70.6066502
28727,FOR THE LOVE OF FOOD & DRINK,2,7,2022-09-20,2022-04-27,EATING AND CATERING,No,2073 POST RD,WELLS,ME,4090,207-360-2195,REGULAR,CORK DISTRIBUTORS INC,York,0.1756756757,43.3364819,-70.5677235
28727,FOR THE LOVE OF FOOD & DRINK,2,1,2022-10-28,2022-04-27,EATING AND CATERING,No,2073 POST RD,WELLS,ME,4090,207-360-2195,REGULAR,CORK DISTRIBUTORS INC,York,0.09459459459,43.3364819,-70.5677235
28727,FOR THE LOVE OF FOOD & DRINK,0,1,2021-07-30,2022-04-27,EATING AND CATERING,No,2073 POST RD,WELLS,ME,4090,207-360-2195,REGULAR,CORK DISTRIBUTORS INC,York,0.01351351351,43.3364819,-70.5677235
28727,BAKER BRU CAFE,5,0,2025-06-11,2026-05-08,EATING PLACE TIER 2,Yes,2073 POST RD,WELLS,ME,4090,603-205--5077,REGULAR,"D'EMARESE, ALESSANDRO",York,0.2027027027,43.3364819,-70.5677235
28727,BAKER BRU CAFE,1,1,2025-06-27,2026-05-08,EATING PLACE TIER 2,No,2073 POST RD,WELLS,ME,4090,603-205--5077,REGULAR,"D'EMARESE, ALESSANDRO",York,0.05405405405,43.3364819,-70.5677235
28718,JERSEY MIKES SUBS,4,4,2020-09-30,2021-05-18,EATING PLACE TIER 1,Yes,550 GALLERY BLVD,SCARBOROUGH,ME,4074,207-251-3521,REGULAR,JM OF MAINE LLC,Cumberland,0.2162162162,43.6242507,-70.3413008
28718,JERSEY MIKES SUBS,1,4,2025-02-04,2025-04-10,EATING PLACE TIER 1,No,550 GALLERY BLVD,SCARBOROUGH,ME,4074,843-743-9054,REGULAR,JM BEDFORD LLC,Cumberland,0.09459459459,43.6242507,-70.3413008
28718,JERSEY MIKES SUBS,1,0,2020-10-21,2021-05-18,EATING PLACE TIER 1,No,550 GALLERY BLVD,SCARBOROUGH,ME,4074,207-251-3521,FOLLOW_UP_FULL,JM OF MAINE LLC,Cumberland,0.04054054054,43.6242507,-70.3413008
28718,JERSEY MIKES SUBS,0,2,2023-03-24,2023-05-18,EATING PLACE TIER 1,No,550 GALLERY BLVD,SCARBOROUGH,ME,4074,207-415-4745,REGULAR,JM OF MAINE LLC,Cumberland,0.02702702703,43.6242507,-70.3413008
28715,THE PATIO IN OGUNQUIT,0,5,2022-10-21,2023-06-02,EATING PLACE TIER 3,No,R 350 MAIN ST,OGUNQUIT,ME,3907,978-335-3255,REGULAR,THE PATIO IN OQUNQUIT LLC,York,0.06756756757,43.2393433,-70.6014668
28715,THE PATIO IN OGUNQUIT,1,1,2024-09-19,2025-06-02,EATING PLACE TIER 3,No,R 350 MAIN ST,OGUNQUIT,ME,3907,978-335-3255,REGULAR,THE PATIO IN OQUNQUIT LLC,York,0.05405405405,43.2393433,-70.6014668
28714,BRI'S DOWNEAST EATS,2,1,2021-07-21,2022-05-06,EATING PLACE - MOBILE,No,76 WASHINGTON ST,LUBEC,ME,4652,207-214-5609,REGULAR,"FLETCHER, BRIANNE",Washington,0.09459459459,44.8576859,-66.9895823
28712,ZA'SPRESSO,0,0,2020-10-30,2021-08-21,EATING PLACE - MOBILE,No,307 E MAIN ST,SEARSPORT,ME,4974,339-226-1482,REGULAR,ZA'SPRESSO,Waldo,0,44.4720689,-68.890326
28707,KNIGHTS CAFE,3,3,2021-05-27,2022-05-19,EATING PLACE TIER 1,No,679 ROOSEVELT TRAIL,NAPLES,ME,4055,207-693-9172,REGULAR,"SAWYER, TAMMY & LEIGHTIN, KRISTIE",Androscoggin,0.1621621622,43.9701394,-70.5944462
28707,SEBAGEL,0,1,2025-05-29,2026-05-16,EATING PLACE TIER 1,No,679 ROOSEVELT TRAIL,NAPLES,ME,4055,303-981-9651,REGULAR,BAD PUN BAKERY LLC,Androscoggin,0.01351351351,43.9701394,-70.5944462
28704,THE FUSION OF WINDSOR,4,4,2020-07-09,2020-06-25,EATING PLACE TIER 2,Yes,243 RIDGE RD,WINDSOR,ME,4363,207-530-6503,REGULAR,THE FUSION OF WINDSOR LLC,Kennebec,0.2162162162,44.2919316,-69.5862284
28704,THE FUSION OF WINDSOR,2,3,2020-07-31,2020-09-23,EATING PLACE TIER 3,No,243 RIDGE RD,WINDSOR,ME,4363,207-530-6503,FOLLOW_UP_FULL,THE FUSION OF WINDSOR LLC,Kennebec,0.1216216216,44.2919316,-69.5862284
28702,THE ROAMING CATERING COMPANY,0,0,2024-02-27,2024-03-19,CATERING,No,120 MAIN ST,SACO,ME,4072,207-233-8443,REGULAR,"SALVAGGIO, DANIELLE",York,0,43.4949655,-70.4497798
28701,THE ROAMING CATERING COMPANY,0,3,2023-09-25,2024-03-19,EATING PLACE - MOBILE STICK BUILT,No,120 MAIN ST,SACO,ME,4072,207-233-8443,REGULAR,"SALVAGGIO, DANIELLE",York,0.04054054054,43.4949655,-70.4497798
28701,THE ROAMING CATERING COMPANY,0,0,2022-09-26,2023-03-19,EATING PLACE - MOBILE STICK BUILT,No,120 MAIN ST,SACO,ME,4072,207-233-8443,REGULAR,"SALVAGGIO, DANIELLE",York,0,43.4949655,-70.4497798
28701,THE ROAMING CATERING COMPANY,0,0,2024-02-27,2024-03-19,EATING PLACE - MOBILE STICK BUILT,No,120 MAIN ST,SACO,ME,4072,207-233-8443,REGULAR,"SALVAGGIO, DANIELLE",York,0,43.4949655,-70.4497798
28701,THE ROAMING CATERING COMPANY,0,0,2024-09-23,2025-03-19,EATING PLACE - MOBILE STICK BUILT,No,120 MAIN ST,SACO,ME,4072,207-233-8443,REGULAR,"SALVAGGIO, DANIELLE",York,0,43.4949655,-70.4497798
28700,PORT CITY NUTRITION,0,5,2023-05-15,2024-04-13,MUN - EATING PLACE,No,333 CLARKS POND PKWY,SOUTH PORTLAND,ME,4106,207-577-1675,REGULAR,PORT CITY NUTRITION LLC,Cumberland,0.06756756757,43.6312986,-70.3244985
28700,PORT CITY NUTRITION,0,3,2021-03-04,2021-04-13,MUN - EATING PLACE,No,333 CLARKS POND PKWY,SOUTH PORTLAND,ME,4106,207-577-1675,REGULAR,PORT CITY NUTRITION LLC,Cumberland,0.04054054054,43.6312986,-70.3244985
28700,PORT CITY NUTRITION,0,2,2025-03-19,2025-04-13,MUN - EATING PLACE,No,333 CLARKS POND PKWY,SOUTH PORTLAND,ME,4106,207-577-1675,REGULAR,PORT CITY NUTRITION LLC,Cumberland,0.02702702703,43.6312986,-70.3244985
28699,HUMBLEBEE CAFE,1,2,2023-05-24,2024-08-06,EATING PLACE TIER 1,No,162 ELLSWORTH RD,BLUE HILL,ME,4614,207-664-4010,REGULAR,HUMBLEBEE LLC,Hancock,0.06756756757,44.4258211,-68.5784844
28694,SNOWOLOGY 207,0,0,2022-08-12,2023-05-26,EATING PLACE - MOBILE,No,36 NEWTON ST,PORTLAND,ME,4101,207-712-4701,REGULAR,"HOGLUND, RENE",Cumberland,0,43.6982792,-70.3064287
28694,SNOWOLOGY 207,0,0,2023-05-26,2024-05-26,EATING PLACE - MOBILE,No,36 NEWTON ST,PORTLAND,ME,4101,207-712-4701,REGULAR,"HOGLUND, RENE",Cumberland,0,43.6982792,-70.3064287
28692,BROKEN ARROW,3,6,2024-02-09,2024-10-15,MUN - EATING PLACE,No,545 CONGRESS ST,PORTLAND,ME,4101,207-595-2765,REGULAR,RED HOUSE 332 LLC,Cumberland,0.2027027027,43.655633,-70.2617512
28692,BROKEN ARROW,1,1,2021-09-21,2021-10-15,MUN - EATING PLACE,No,545 CONGRESS ST,PORTLAND,ME,4101,207-595-2765,REGULAR,RED HOUSE 332 LLC,Cumberland,0.05405405405,43.655633,-70.2617512
28692,BROKEN ARROW,1,0,2022-04-01,2022-10-15,MUN - EATING PLACE,No,545 CONGRESS ST,PORTLAND,ME,4101,207-595-2765,REGULAR,RED HOUSE 332 LLC,Cumberland,0.04054054054,43.655633,-70.2617512
28686,SMOKEY & BRINES,1,0,2021-07-09,2021-09-02,EATING PLACE - MOBILE,No,161 PRINCES POINT RD,BRUNSWICK,ME,4011,207-689-8475,REGULAR,"WILL, GOTTSHALK & PETER, HAZLETT",Cumberland,0.04054054054,43.858463,-69.9243064
28681,KNEW POTATO CABOOSE,0,0,2024-08-01,2025-05-06,EATING PLACE - MOBILE,No,14 SOKOKIS RD,BIDDEFORD,ME,4005,774-823-7498,REGULAR,KNEW POTATO CABOOSE LLC,York,0,43.4680819,-70.4059897
28666,BREAK COFFEE SHOP,0,0,2021-05-13,2022-03-17,MUN - EATING PLACE,No,50 LISBON ST,LEWISTON,ME,4240,646-272-9563,REGULAR,SHIVAM KUMAR INC,Androscoggin,0,44.0978493,-70.2175732
28662,WILLOWSAWAKE WINERY CORPORATION,3,2,2024-02-08,2024-04-02,EATING PLACE TIER 3,No,10 LEEDS JUNCTION RD,LEEDS,ME,4263,207-518-8076,REGULAR,WILLOWSAWAKE WINERY CORP,Androscoggin,0.1486486486,44.2195483,-70.0914124
28662,WILLOWSAWAKE WINERY CORPORATION,0,5,2020-06-22,2021-04-02,EATING PLACE TIER 3,No,10 LEEDS JUNCTION RD,LEEDS,ME,4263,207-518-8076,REGULAR,WILLOWSAWAKE WINERY CORP,Androscoggin,0.06756756757,44.2195483,-70.0914124
28660,201 NUTRITION AND ENERGY,0,4,2021-10-19,2022-03-16,EATING PLACE TIER 1,No,6 MAIN ST,SKOWHEGAN,ME,4976,207-680-6712,NEWOWNER,201 NUTRITION AND ENERGY LLC,Kennebec,0.05405405405,44.7628148,-69.7160764
28660,201 NUTRITION AND ENERGY,0,2,2023-04-03,2023-10-19,EATING PLACE TIER 1,No,6 MAIN ST,SKOWHEGAN,ME,4976,207-446-8237,REGULAR,201 NUTRITION AND ENERGY LLC,Kennebec,0.02702702703,44.7628148,-69.7160764
28660,201 NUTRITION AND ENERGY,0,0,2024-05-06,2024-10-19,EATING PLACE TIER 1,No,6 MAIN ST,SKOWHEGAN,ME,4976,207-708-0772,NEWOWNER,201 NUTRITION AND ENERGY LLC,Kennebec,0,44.7628148,-69.7160764
28658,ARBOR WAY,0,0,2020-03-02,,,No,1009 PORTLAND RD,SACO,ME,4072,207-423-7076,REGULAR,"JACQUES, JAY",York,0,43.5548326,-70.402889
28657,HOTMESS POUTINE,0,0,2021-08-28,2022-05-05,EATING PLACE - MOBILE,No,KITTERY OUTLETS,KITTERY,ME,3904,603-973-7001,REGULAR,"MCMASTER, RENEE",York,0,43.1179376,-70.7276037
28651,RAMONAS,2,0,2023-01-12,2023-05-21,MUN - EATING AND CATERING,No,98 WASHINGTON AVE,PORTLAND,ME,4101,207-749-2456,REGULAR,JSCC HOLDINGS LLC,Cumberland,0.08108108108,43.6665586,-70.2529451
28651,RAMONAS,1,1,2022-01-03,2022-05-21,MUN - EATING AND CATERING,No,98 WASHINGTON AVE,PORTLAND,ME,4101,207-749-2456,REGULAR,JSCC HOLDINGS LLC,Cumberland,0.05405405405,43.6665586,-70.2529451
28651,RAMONAS,1,0,2024-01-22,2024-05-21,MUN - EATING AND CATERING,No,98 WASHINGTON AVE,PORTLAND,ME,4101,207-749-2456,REGULAR,JSCC HOLDINGS LLC,Cumberland,0.04054054054,43.6665586,-70.2529451
28651,RAMONAS,0,1,2025-01-23,2025-05-21,MUN - EATING AND CATERING,No,98 WASHINGTON AVE,PORTLAND,ME,4101,267-688-4669,REGULAR,JSCC HOLDINGS LLC,Cumberland,0.01351351351,43.6665586,-70.2529451
28651,RAMONAS,0,0,2020-03-13,,MUN - EATING PLACE,No,98 WASHINGTON AVE,PORTLAND,ME,4101,207-749-2456,NEWOWNER,JSCC HOLDINGS LLC,Cumberland,0,43.6665586,-70.2529451
28649,RISING SUN NUTRITION,1,4,2021-03-12,2022-05-06,EATING PLACE TIER 1,No,433 LEWISTON RD,TOPSHAM,ME,4086,207-844-8671,NEWOWNER,RISING SUN NUTRITION LLC,Sagadahoc,0.09459459459,43.9552858,-69.9983867
28645,MAINLY MELTS,0,1,2023-09-30,2024-04-08,EATING PLACE - MOBILE,No,73 MONK RD,BRIDGTON,ME,4009,207-200-8647,REGULAR,BAD DOG LLC,Cumberland,0.01351351351,44.1136938,-70.7098401
28642,"CAVANAGH, COURTNEY",0,0,2020-02-12,,,No,50 EXCHANGE ST,PORTLAND,ME,4101,857-415-0840,REGULAR,"CAVANAGH, COURTNEY",Cumberland,0,43.6572759,-70.2543987
28638,BRISETTOS SECOND CUP,0,2,2023-08-17,2024-05-22,EATING PLACE TIER 1,No,41 COMMERCIAL ST,BOOTHBAY HARBOR,ME,4538,207-633-7932,REGULAR,BRISETTO'S LLC,Lincoln,0.02702702703,43.8505923,-69.6288696
28634,RED STOVE FARM & PROVISIONS,1,0,2025-06-03,2026-02-10,EATING AND CATERING,No,16 SAWDUST LN,JEFFERSON,ME,4348,207-790-4286,REGULAR,RED STOVE FARM & PROVISIONS,Lincoln,0.04054054054,44.2522549,-69.4997397
28618,Y KNOT RESTAURANT AND BAR,0,2,2021-06-10,2022-04-01,EATING PLACE TIER 3,No,8 HEATH ST,OLD ORCHARD BEACH,ME,4064,207-396-0262,REGULAR,"NOVAK, KAREN",York,0.02702702703,43.514741,-70.3785843
28617,HOT CONTENTS,1,3,2022-04-21,2022-12-23,EATING PLACE - TAKEOUT,No,696 RIVER RD,MEXICO,ME,4257,207-357-3477,REGULAR,"BARNETT, KELLY",Androscoggin,0.08108108108,44.5317065,-70.4784067
28616,SHOVEL AND SPOON,0,0,2024-08-16,2025-06-29,CATERING,No,9 SAGE LN,LIMINGTON,ME,4049,802-451-8914,REGULAR,SHOVEL AND SPOON LLC,York,0,43.78746,-70.7096361
28614,CENTER COFFEE HOUSE,0,1,2020-03-13,2021-01-09,EATING PLACE TIER 1,No,920A W MAIN ST,DOVER-FOXCROFT,ME,4426,207-564-7204,REGULAR,CENTER COFFEE HOUSE LLC,Penobscot,0.01351351351,45.1801525,-69.2732128
28613,AROMA JOES,3,3,2023-08-23,2024-01-09,MUN - EATING PLACE,No,403 SABATTUS ST,LEWISTON,ME,4240,207-312-5306,REGULAR,MR DEAL LLC,Androscoggin,0.1621621622,44.1007923,-70.1954793
28613,AROMA JOES,0,3,2021-05-11,2022-01-09,MUN - EATING PLACE,No,403 SABATTUS ST,LEWISTON,ME,4240,207-312-5306,REGULAR,MR DEAL LLC,Androscoggin,0.04054054054,44.1007923,-70.1954793
28603,PAT'S PIZZA,1,5,2024-06-26,2025-01-03,EATING PLACE TIER 2,No,662 MAIN RD NORTH,HAMPDEN,ME,4444,207-947-6488,REGULAR,CARROLL CREW LLC,Penobscot,0.1081081081,44.7712124,-68.7946374
28602,COLBY COLLEGE ATHLETICS CENTER,0,1,2025-06-26,2025-09-27,EATING - SCHOOL,No,5460 MAYFLOWER HILL,WATERVILLE,ME,4901,207-859-5460,NEWOWNER,THE PRES & TRUST OF COLBY COLL,Kennebec,0.01351351351,44.5667064,-69.6576979
28600,BANGOR URBAN AIR,1,10,2024-07-10,2024-06-23,EATING PLACE TIER 3,No,1129 UNION ST,BANGOR,ME,4401,207-229-2655,REGULAR,BANGOR URBAN AIR LLC,Penobscot,0.1756756757,44.8200776,-68.8112626
28599,LOXSMITH BAGEL CORP,1,0,2022-03-23,2022-12-16,EATING PLACE TIER 2,No,120 MAIN ST,SACO,ME,4072,603-362-9060,REGULAR,LOXSMITH BAGEL CORP,York,0.04054054054,43.4949655,-70.4497798
28599,LOXSMITH BAGEL,0,1,2020-02-14,2020-12-16,EATING PLACE TIER 2,No,120 MAIN ST,SACO,ME,4072,603-362-9060,REGULAR,LOXSMITH BAGEL CORP,York,0.01351351351,43.4949655,-70.4497798
28595,IDEXX COFFEE BAR,0,1,2023-04-13,2023-06-13,EATING PLACE - TAKEOUT,No,1 IDEXX DR,WESTBROOK,ME,4092,207-228-5736,REGULAR,IDEXX LABORATORIES INC,Cumberland,0.01351351351,43.6614975,-70.3755218
28595,IDEXX COFFEE BAR,0,1,2025-05-02,2025-06-13,EATING PLACE - TAKEOUT,No,1 IDEXX DR,WESTBROOK,ME,4092,207-228-5736,REGULAR,IDEXX LABORATORIES INC,Cumberland,0.01351351351,43.6614975,-70.3755218
28592,BIO MARKET & JUICE BAR,2,6,2020-07-13,2021-01-30,EATING PLACE - TAKEOUT,No,771 ROOSEVELT TRL,WINDHAM,ME,4062,207-893-8816,REGULAR,BIO  MARKET,Cumberland,0.1621621622,43.837125,-70.4397591
28586,KITTERY FOOD TRUCK POD LOUNGE,0,1,2022-05-09,2021-12-30,EATING PLACE - LIMITED MENU,No,230 US 1 BYPASS,KITTERY,ME,3904,603-234-7402,NEWOWNER,FOR ALL LLC,York,0.01351351351,43.1020583,-70.7443877
28559,FRYEBURG ACADEMY,1,5,2020-02-05,,EATING - SCHOOL CATERING,No,745 MAIN ST,FRYEBURG,ME,4037,207-935-2001,REGULAR,TRUSTEES OF FRYEBURG ACADEMY,Oxford,0.1081081081,44.0190233,-70.9737744
28559,FRYEBURG ACADEMY,2,0,2023-11-20,2024-09-27,EATING - SCHOOL CATERING,No,745 MAIN ST,FRYEBURG,ME,4037,207-935-2001,REGULAR,TRUSTEES OF FRYEBURG ACADEMY,Oxford,0.08108108108,44.0190233,-70.9737744
28559,FRYEBURG ACADEMY,0,5,2022-04-07,2022-09-27,EATING - SCHOOL CATERING,No,745 MAIN ST,FRYEBURG,ME,4037,207-935-2001,REGULAR,TRUSTEES OF FRYEBURG ACADEMY,Oxford,0.06756756757,44.0190233,-70.9737744
28559,FRYEBURG ACADEMY,0,1,2023-02-09,2023-09-27,EATING - SCHOOL CATERING,No,745 MAIN ST,FRYEBURG,ME,4037,207-935-2001,REGULAR,TRUSTEES OF FRYEBURG ACADEMY,Oxford,0.01351351351,44.0190233,-70.9737744
28559,FRYEBURG ACADEMY,0,1,2024-10-09,2025-09-27,EATING - SCHOOL CATERING,No,745 MAIN ST,FRYEBURG,ME,4037,207-935-2001,REGULAR,TRUSTEES OF FRYEBURG ACADEMY,Oxford,0.01351351351,44.0190233,-70.9737744
28558,FRYEBURG ACADEMY (CATERING),0,4,2020-02-05,,CATERING,No,745 MAIN ST,FRYEBURG,ME,4037,207-935-2001,REGULAR,TRUSTEES OF FRYEBURG ACADEMY,Oxford,0.05405405405,44.0190233,-70.9737744
28555,RAS DAL FALAFEL,0,1,2020-08-18,2020-12-04,EATING PLACE - MOBILE,No,21 UNION RD,APPLETON,ME,4862,207-323-9623,REGULAR,RAS DAL FALAFEL LLC,Knox,0.01351351351,44.2885235,-69.2512266
28554,SCRAMBLED DINER,3,6,2020-01-07,2020-11-19,EATING PLACE TIER 2,No,66 MAIN ST,VAN BUREN,ME,4785,207-868-4186,REGULAR,"IERONIMO, JASPER",Aroostook,0.2027027027,47.1562708,-67.9342681
28554,BEAS FAMILY DINNER,1,5,2023-06-20,2020-11-19,EATING PLACE TIER 2,No,66 MAIN ST,VAN BUREN,ME,4785,207-484-8238,NEWOWNER,"BELANGER, WENDY L",Aroostook,0.1081081081,47.1562708,-67.9342681
28554,NORTHERN MAINE KOLACHE CO,1,3,2024-01-19,2023-10-20,EATING PLACE TIER 3,No,66 MAIN ST,VAN BUREN,ME,4785,832-819-8369,NEWOWNER,NORTHEN MAINE KOLACHE CO,Aroostook,0.08108108108,47.1562708,-67.9342681
28548,368 NUTRITION,2,2,2019-12-23,2019-12-14,EATING PLACE TIER 1,No,80 MOOSEHEAD TRL,NEWPORT,ME,4953,207-368-6016,REGULAR,368 NUTRITION LLC,Penobscot,0.1081081081,44.8401144,-69.2832799
28548,368 NUTRITION,1,2,2020-11-04,2020-11-19,EATING PLACE TIER 1,No,80 MOOSEHEAD TRL,NEWPORT,ME,4953,207-368-6016,NEWOWNER,368 NUTRITION LLC,Penobscot,0.06756756757,44.8401144,-69.2832799
28547,TRAPT ENTERTAINMENT,0,1,2021-12-29,2022-12-04,EATING PLACE TIER 1,No,461 COMMERCIAL ST,ROCKPORT,ME,4856,207-751-4698,REGULAR,TRAPT ENTERTAINMENT,Knox,0.01351351351,44.1703166,-69.0810939
28547,Bears Den Billiards,0,3,2024-01-23,2024-02-15,EATING PLACE TIER 2,No,461 COMMERCIAL ST,ROCKPORT,ME,4856,207-217-7703,FOLLOW_UP_FULL,ZABBOTTS LLC,Knox,0.04054054054,44.1703166,-69.0810939
28546,THE PAR AND GRILLE,0,2,2024-06-06,2024-05-11,EATING PLACE - MOBILE,No,189 DINGLEY RD,BOWDOINHAM,ME,4008,207-237-1952,REGULAR,ACKERS ACRES DISC GOLF COURSE AND EVENT CENTER LLC,Lincoln,0.02702702703,44.0902842,-69.8839484
28545,THAI SPICE,2,7,2025-03-25,2025-08-25,EATING PLACE TIER 2,No,712 WESTERN AVE,MANCHESTER,ME,4351,207-213-6754,REGULAR,THAI SPICE,Kennebec,0.1756756757,44.3210551,-69.8419635
28545,THAI SPICE,0,5,2023-02-24,2023-08-25,EATING PLACE TIER 2,No,712 WESTERN AVE,MANCHESTER,ME,4351,207-213-6754,REGULAR,THAI SPICE,Kennebec,0.06756756757,44.3210551,-69.8419635
28545,THAI SPICE,0,0,2020-08-25,,EATING PLACE TIER 2,No,712 WESTERN AVE,MANCHESTER,ME,4351,207-213-6754,NEWOWNER,THAI SPICE,Kennebec,0,44.3210551,-69.8419635
28542,"BOUCHER, SAMANTHA",0,0,2019-11-15,,,No,50 EXCHANGE ST,PORTLAND,ME,4101,785-554-5460,REGULAR,"BOUCHER, SAMANTHA",Cumberland,0,43.6572759,-70.2543987
28541,PINE RIDGE CAMPGROUND,0,0,2025-05-16,2026-04-28,EATING AND CAMPGROUND,No,345 H RD,ACTON,ME,4001,207-850-1001,REGULAR,PINE RIDGE CAMPGROUND & RV PARK LLC,York,0,43.541156,-70.912021
28541,PINE RIDGE CAMPGROUND,0,0,2025-05-16,2026-04-28,EATING AND CAMPGROUND,No,345 H RD,ACTON,ME,4001,207-850-1001,REGULAR,PINE RIDGE CAMPGROUND & RV PARK LLC,York,0,43.541156,-70.912021
28540,EMBRACE NUTRITION,0,2,2020-02-11,2020-12-04,MUN - EATING PLACE,No,1495 SABATTUS ST,LEWISTON,ME,4240,207-715-6623,REGULAR,EMBRACE NUTRUTION LLC,Androscoggin,0.02702702703,44.1090063,-70.1166862
28539,THE FOUNTAIN ICE CREAM AND DELI,4,4,2025-05-13,2025-01-30,EATING PLACE TIER 1,Yes,110 FRONT ST,BATH,ME,4530,207-841-9760,REGULAR,THE FOUNTAIN ICE CREAM AND DELI LLC,Sagadahoc,0.2162162162,43.9135983,-69.8143598
28539,THE FOUNTAIN ICE CREAM AND DELI,1,1,2025-05-29,2025-01-30,EATING PLACE TIER 1,No,110 FRONT ST,BATH,ME,4530,207-841-9760,FOLLOW_UP_FULL,THE FOUNTAIN ICE CREAM AND DELI LLC,Sagadahoc,0.05405405405,43.9135983,-69.8143598
28539,THE FOUNTAIN ICE CREAM AND DELI,0,0,2020-12-29,2021-12-09,EATING PLACE TIER 1,No,110 FRONT ST,BATH,ME,4530,207-841-9760,REGULAR,THE FOUNTAIN ICE CREAM AND DELI LLC,Sagadahoc,0,43.9135983,-69.8143598
28538,ALCHIMIA,0,0,2025-04-04,2025-11-19,CATERING,No,40 MAIN ST,FREEPORT,ME,4032,207-749-8141,REGULAR,ALCHIMIA LLC,Cumberland,0,43.8557724,-70.1049046
28538,ALCHIMIA,1,1,2020-01-22,,,No,40 MAIN ST,FREEPORT,ME,4032,207-749-8141,REGULAR,ALCHIMIA LLC,Cumberland,0.05405405405,43.8557724,-70.1049046
28533,TACOS LA POBLANITA # 2,1,1,2022-06-24,2023-03-22,MUN - EATING PLACE - MOBILE,No,1 GOODALE ST,PORTLAND,ME,4103,207-618-3085,REGULAR,"RODRIGUEZ, JAIME & CONTRERAS, KARINA",Cumberland,0.05405405405,43.688454,-70.3050242
28533,TACOS LA POBLANITA # 2,1,1,2024-05-21,2024-03-22,MUN - EATING PLACE - MOBILE,No,1 GOODALE ST,PORTLAND,ME,4103,207-618-3085,REGULAR,"RODRIGUEZ, JAIME & CONTRERAS, KARINA",Cumberland,0.05405405405,43.688454,-70.3050242
28533,TACOS LA POBLANITA # 2,1,0,2021-11-18,2022-03-22,MUN - EATING PLACE - MOBILE,No,1 GOODALE ST,PORTLAND,ME,4103,207-618-3085,REGULAR,"RODRIGUEZ, JAIME & CONTRERAS, KARINA",Cumberland,0.04054054054,43.688454,-70.3050242
28533,TACOS LA POBLANITA # 2,0,2,2025-04-30,2026-03-22,MUN - EATING PLACE - MOBILE,No,1 GOODALE ST,PORTLAND,ME,4103,207-618-3085,REGULAR,"RODRIGUEZ, JAIME & CONTRERAS, KARINA",Cumberland,0.02702702703,43.688454,-70.3050242
28533,TACOS LA POBLANITA # 2,0,0,2023-05-31,2024-03-22,MUN - EATING PLACE - MOBILE,No,1 GOODALE ST,PORTLAND,ME,4103,207-618-3085,REGULAR,"RODRIGUEZ, JAIME & CONTRERAS, KARINA",Cumberland,0,43.688454,-70.3050242
28533,TACOS LA POBLANITA # 2,0,0,2024-07-04,2024-03-22,MUN - EATING PLACE - MOBILE,No,1 GOODALE ST,PORTLAND,ME,4103,207-618-3085,REGULAR,"RODRIGUEZ, JAIME & CONTRERAS, KARINA",Cumberland,0,43.688454,-70.3050242
28532,JEFE JUANS,1,0,2023-01-19,2023-08-06,MUN - EATING PLACE,No,47 WHARF ST,PORTLAND,ME,4106,802-505-5115,REGULAR,JEFE JUANS LLC,Cumberland,0.04054054054,43.655591,-70.2546578
28532,JEFE JUANS,1,0,2024-07-11,2024-08-06,MUN - EATING PLACE,No,47 WHARF ST,PORTLAND,ME,4106,802-505-5115,REGULAR,JEFE JUANS LLC,Cumberland,0.04054054054,43.655591,-70.2546578
28532,JEFE JUANS,0,2,2021-09-24,2022-08-06,MUN - EATING PLACE,No,47 WHARF ST,PORTLAND,ME,4106,802-505-5115,REGULAR,JEFE JUANS LLC,Cumberland,0.02702702703,43.655591,-70.2546578
28528,THE LOCAL,0,7,2023-07-19,2024-02-26,EATING PLACE TIER 2,No,23 WASHINGTON AVE,OLD ORCHARD BEACH,ME,4064,781-999-5608,REGULAR,THE LOCAL LLC,York,0.09459459459,43.5133791,-70.383197
28526,ISLAND COW ICE CREAM,1,1,2022-06-15,2022-11-25,EATING PLACE - MOBILE,No,15 LEESIDE RD,HARPSWELL,ME,4079,207-869-1964,REGULAR,"WALTERS, ROBERT",Cumberland,0.05405405405,43.7938298,-69.9893491
28525,BIG DADDYS PIZZA,1,2,2020-12-03,2021-11-19,EATING PLACE - MOBILE,No,MAIN ST,VAN BUREN,ME,4785,207-316-4121,REGULAR,"RIOUX, ERIC",Aroostook,0.06756756757,47.1527108,-67.9290217
28523,FOLEYS FITNESS CENTER,0,0,2024-01-11,2024-11-30,EATING PLACE TIER 1,No,33 HAIGIS PARKWAY,SCARBOROUGH,ME,4074,617-417-5928,REGULAR,FOLEY'S FITNESS CENTER  LLC,Cumberland,0,43.5934155,-70.3605443
28523,SMOOTHIE DOCTOR,0,0,2020-01-09,,,No,33 HAIGIS PARKWAY,SCARBOROUGH,ME,4074,207-714-0435,REGULAR,SMOOTHIE DOCTOR LLC,Cumberland,0,43.5934155,-70.3605443
28520,DOLCE AMICI,3,8,2022-09-29,2023-04-28,EATING PLACE TIER 2,No,427 MAIN ST,NORWAY,ME,4268,207-402-8165,REGULAR,NORWAY GELATO CO LLC,Androscoggin,0.2297297297,44.2139273,-70.5428097
28520,DOLCE AMICI,2,1,2025-05-30,2026-04-28,EATING PLACE TIER 2,No,427 MAIN ST,NORWAY,ME,4268,207-402-8165,REGULAR,NORWAY GELATO CO LLC,Androscoggin,0.09459459459,44.2139273,-70.5428097
28516,GUACAMOLES,0,2,2019-11-26,2019-12-24,EATING PLACE TIER 1,No,108 MAIN ST,WATERVILLE,ME,4901,207-314-5270,REGULAR,MAIN ST 108 LLC,Kennebec,0.02702702703,44.5502135,-69.6303515
28513,DUNKIN DONUTS,1,3,2020-01-10,2020-11-05,EATING PLACE TIER 1,No,43 BENNETT DR,CARIBOU,ME,4736,80-476-6782,FOLLOW_UP_FULL,DREWCO LLC,Aroostook,0.08108108108,46.8634671,-68.0043819
28513,DUNKIN DONUTS,1,2,2022-02-02,2022-11-05,EATING PLACE TIER 1,No,43 BENNETT DR,CARIBOU,ME,4736,860-747-6782,REGULAR,DREWCO LLC,Aroostook,0.06756756757,46.8634671,-68.0043819
28513,DUNKIN DONUTS,0,2,2025-01-22,2025-11-05,EATING PLACE TIER 1,No,43 BENNETT DR,CARIBOU,ME,4736,860-747-6782,REGULAR,DREWCO LLC,Aroostook,0.02702702703,46.8634671,-68.0043819
28512,LEEWARD,2,0,2023-05-19,2024-02-28,MUN - EATING PLACE,No,85 FREE ST,PORTLAND,ME,4101,480-567-8087,REGULAR,LEEWARD MAINE LLC,Cumberland,0.08108108108,43.6556803,-70.2600975
28512,LEEWARD,2,0,2024-06-25,2025-02-27,MUN - EATING PLACE,No,85 FREE ST,PORTLAND,ME,4101,480-567-8087,REGULAR,LEEWARD MAINE LLC,Cumberland,0.08108108108,43.6556803,-70.2600975
28512,LEEWARD,0,3,2025-07-17,2026-02-27,MUN - EATING PLACE,No,85 FREE ST,PORTLAND,ME,4101,480-567-8087,REGULAR,LEEWARD MAINE LLC,Cumberland,0.04054054054,43.6556803,-70.2600975
28512,LEEWARD,0,0,2022-02-16,2023-02-27,MUN - EATING PLACE,No,85 FREE ST,PORTLAND,ME,4101,480-567-8087,REGULAR,LEEWARD MAINE LLC,Cumberland,0,43.6556803,-70.2600975
28509,MAGGIE MAE'S GRAB N GO,1,1,2025-04-18,2025-12-06,EATING PLACE TIER 1,No,374 US ROUTE 1,YARMOUTH,ME,4096,207-847-3010,REGULAR,MAGGIES MAE'S GRAB N GO LLC,Cumberland,0.05405405405,43.7948188,-70.1891499
28509,MAGGIE MAE'S GRAB N GO,0,0,2023-03-17,2023-12-06,EATING PLACE TIER 1,No,374 US ROUTE 1,YARMOUTH,ME,4096,207-847-3010,REGULAR,MAGGIES MAE'S GRAB N GO LLC,Cumberland,0,43.7948188,-70.1891499
28509,MAGGIE MAE'S GRAB N GO,0,0,2020-01-03,,,No,374 US ROUTE 1,YARMOUTH,ME,4096,207-847-3010,REGULAR,MAGGIES MAE'S GRAB N GO LLC,Cumberland,0,43.7948188,-70.1891499
28506,"COLLINS, RUSSELL",0,0,2019-11-20,,,No,50 ELM ST,NORTH BERWICK,ME,3906,603-262-0640,REGULAR,"COLLINS, RUSSELL",York,0,43.3028298,-70.7412349
28497,TAYTENE CAFE,0,7,2022-06-27,2022-10-21,MUN - EATING PLACE TAKEOUT,No,863 BROADWAY,SOUTH PORTLAND,ME,4106,207-632-6175,REGULAR,THANH TAM LLC,Cumberland,0.09459459459,43.6315971,-70.2667469
28497,TRES LECHES CAKES FLOR,1,3,2024-04-23,2025-01-11,MUN - EATING PLACE TAKEOUT,No,863 BROADWAY,SOUTH PORTLAND,ME,4106,207-632-0776,REGULAR,"GAVILAN, HECTOR",Cumberland,0.08108108108,43.6315971,-70.2667469
28490,EDIBLE ELEMENTS,0,3,2019-10-11,,CATERING,No,29 BLAKE HILL RD,MOUNT VERNON,ME,4352,207-446-7309,REGULAR,EDIBLE ELEMENTS LLC,Kennebec,0.04054054054,44.4851199,-69.9937118
28490,EDIBLE ELEMENTS,0,1,2024-07-30,2024-10-11,CATERING,No,29 BLAKE HILL RD,MOUNT VERNON,ME,4352,207-446-7309,REGULAR,EDIBLE ELEMENTS LLC,Kennebec,0.01351351351,44.4851199,-69.9937118
28490,EDIBLE ELEMENTS,0,0,2019-11-26,2019-12-10,CATERING,No,29 BLAKE HILL RD,MOUNT VERNON,ME,4352,207-446-7309,REGULAR,EDIBLE ELEMENTS LLC,Kennebec,0,44.4851199,-69.9937118
28484,CONSCIOUS CAFE,0,1,2024-06-05,2024-06-06,EATING AND CATERING,No,50 CHURCH ST,ELLSWORTH,ME,4605,207-667-0164,REGULAR,STEAMY BUDDHA INC;  CONSCIOUS CAFE LLC,Hancock,0.01351351351,44.544066,-68.4217934
28484,STEAM BUDDHA CAFE,1,3,2021-06-16,2021-10-08,EATING PLACE TIER 2,No,50 CHURCH ST,ELLSWORTH,ME,4605,207-322-5777,REGULAR,STEAMY BUDDHA INC,Hancock,0.08108108108,44.544066,-68.4217934
28484,STEAM BUDDHA CAFE,0,1,2019-10-07,,EATING PLACE TIER 2,No,50 CHURCH ST,ELLSWORTH,ME,4605,207-322-5777,REGULAR,STEAMY BUDDHA INC,Hancock,0.01351351351,44.544066,-68.4217934
28475,NORUMBEGA OYSTER,1,0,2019-09-14,2019-09-14,EATING PLACE - TEMPORARY 1-4 DAYS,No,,BETHEL,ME,4217,207-350-1542,REGULAR,NORUMBEGA OYSTER INC,Oxford,0.04054054054,44.4858643,-70.7886121
28472,LAURIES LUNCH ON THE GO,2,5,2022-10-06,2023-09-27,EATING PLACE - MOBILE,No,166 STANLEY HILL,VASSALBORO,ME,4989,207-649-3141,REGULAR,"COMBER, LAURIE",Kennebec,0.1486486486,44.4639328,-69.583531
28472,LAURIES LUNCH ON THE GO,1,6,2021-10-04,2022-09-27,EATING PLACE - MOBILE,No,166 STANLEY HILL,VASSALBORO,ME,4989,207-649-3141,REGULAR,"COMBER, LAURIE",Kennebec,0.1216216216,44.4639328,-69.583531
28472,LAURIES LUNCH ON THE GO,0,2,2024-09-30,2025-09-27,EATING PLACE - MOBILE,No,166 STANLEY HILL,VASSALBORO,ME,4989,207-649-3141,REGULAR,"COMBER, LAURIE",Kennebec,0.02702702703,44.4639328,-69.583531
28472,LAURIES LUNCH ON THE GO,2,1,2019-10-02,,,No,166 STANLEY HILL,VASSALBORO,ME,4989,207-649-3141,REGULAR,"COMBER, LAURIE",Kennebec,0.09459459459,44.4639328,-69.583531
28471,MOOK SEA FARM,1,0,2019-09-14,2019-09-14,EATING PLACE - TEMPORARY 1-4 DAYS,No,,BETHEL,ME,4217,774-238-9555,REGULAR,MOOK SEA FARM INC,Oxford,0.04054054054,44.4858643,-70.7886121
28468,RIVER LANES,3,5,2023-04-06,2023-11-01,EATING PLACE TIER 3,No,32 CROSS ST,BETHEL,ME,4217,207-705-9500,REGULAR,RIVER LANES INC,Oxford,0.1891891892,44.4114575,-70.7906701
28468,RIVER LANES,4,0,2020-07-01,2020-11-01,EATING PLACE TIER 3,Yes,32 CROSS ST,BETHEL,ME,4217,207-266-5127,REGULAR,RIVER LANES INC,Oxford,0.1621621622,44.4114575,-70.7906701
28468,RIVER LANES,2,0,2020-08-05,2020-11-01,EATING PLACE TIER 3,No,32 CROSS ST,BETHEL,ME,4217,207-266-5127,REGULAR,RIVER LANES INC,Oxford,0.08108108108,44.4114575,-70.7906701
28463,DRIVEN NUTRITION,0,1,2023-04-05,2023-11-01,EATING PLACE TIER 1,No,15 ALCOTT ST,NORWAY,ME,4268,207-576-2404,REGULAR,DRIVEN NUTRUTION LLC,Oxford,0.01351351351,44.2088808,-70.5282973
28462,EASTERN STANDARD PROVISIONS COMPANY,1,0,2019-09-14,2019-09-14,EATING PLACE - TEMPORARY 1-4 DAYS,No,SUNDAY RIVER,NEWRY,ME,4261,607-643-5193,REGULAR,HAWTHORNE FOOD CO,Oxford,0.04054054054,44.4764466,-70.8334105
28461,SHOREYS GIFTS,2,0,2025-06-25,2025-08-09,EATING PLACE - MOBILE,No,,LITCHFIELD,ME,4938,207-242-4842,REGULAR,"SHOREY, LINDA & RANDY",Kennebec,0.08108108108,44.1544363,-69.9465458
28451,HARRIS TURKEY FARM,0,0,2025-07-25,2025-10-15,EATING PLACE - MOBILE,No,267 BRIDGE ST,NEWFIELD,ME,4095,207-432-5233,REGULAR,HARRIS TURKEY LLC,York,0,43.6425454,-70.8443038
28447,BEES AND THANK YOU,0,1,2019-08-23,2019-08-25,EATING PLACE - TEMPORARY 1-4 DAYS,No,,BANGOR,ME,4101,978-835-4779,REGULAR,"MARQUILIS, RYAN",Penobscot,0.01351351351,44.8016255,-68.7713289
28445,THE MAINE KITCHEN,0,1,2019-09-11,,,No,169 PORTLAND AVE,OLD ORCHARD BEACH,ME,4064,207-590-4201,REGULAR,OOB365,York,0.01351351351,43.5391584,-70.3857543
28440,UNCHARTED TEA,2,5,2025-01-06,2025-10-25,MUN - EATING PLACE,No,662 CONGRESS ST,PORTLAND,ME,4101,207-590-6962,REGULAR,UNCHARTED LLC,Cumberland,0.1486486486,43.6530848,-70.2659584
28440,UNCHARTED TEA,1,4,2021-12-15,2022-10-25,MUN - EATING PLACE,No,662 CONGRESS ST,PORTLAND,ME,4101,207-590-6962,REGULAR,UNCHARTED LLC,Cumberland,0.09459459459,43.6530848,-70.2659584
28440,UNCHARTED TEA,1,3,2023-01-11,2023-10-25,MUN - EATING PLACE,No,662 CONGRESS ST,PORTLAND,ME,4101,207-590-6962,REGULAR,UNCHARTED LLC,Cumberland,0.08108108108,43.6530848,-70.2659584
28440,UNCHARTED TEA,1,2,2024-01-24,2024-10-25,MUN - EATING PLACE,No,662 CONGRESS ST,PORTLAND,ME,4101,207-590-6962,REGULAR,UNCHARTED LLC,Cumberland,0.06756756757,43.6530848,-70.2659584
28440,UNCHARTED TEA,0,0,2019-12-12,2020-10-25,MUN - EATING PLACE,No,662 CONGRESS ST,PORTLAND,ME,4101,207-590-6962,REGULAR,UNCHARTED LLC,Cumberland,0,43.6530848,-70.2659584
28438,EAST OUTLET BREWING,0,9,2024-04-12,2024-09-13,EATING PLACE TIER 1,No,375 RIPLEY RD,CAMBRIDGE,ME,4923,207-277-3235,REGULAR,EAST OUTLET BREWING LLC,Somerset,0.1216216216,45.0174959,-69.4409054
28435,PIZZA PIE ON THE FLY,0,2,2019-08-25,2019-08-25,EATING PLACE - TEMPORARY 1-4 DAYS,No,,BANGOR,ME,4401,207-299-6995,REGULAR,PIZZA PIE ON THE FLY,Penobscot,0.02702702703,44.8016255,-68.7713289
28434,NOBLE BARBECUE,0,2,2019-08-25,2019-08-25,EATING PLACE - TEMPORARY 1-4 DAYS,No,,BANGOR,ME,4401,-2-0,REGULAR,"CAREY, RYAN",Cumberland,0.02702702703,44.8016255,-68.7713289
28434,NIGHTHAWKS KITCHEN,1,3,2021-07-30,2022-07-06,EATING PLACE - MOBILE,No,200 LOWER MAIN ST,FREEPORT,ME,4096,518-810-3605,REGULAR,"NOE, CHRISTIAN",Cumberland,0.08108108108,43.8449797,-70.1185011
28434,SPUDCRAFT & SANDWICHES,8,2,2025-05-01,2025-06-14,EATING PLACE - MOBILE,Yes,95 DARLING AVE,SOUTH PORTLAND,ME,4106,207-332-4590,REGULAR,"EBIRI, MUHAMMED ALI",Cumberland,0.3513513514,43.6405865,-70.3302466
28434,SPUDCRAFT & SANDWICHES,3,2,2025-07-15,2026-06-14,EATING PLACE - MOBILE,No,95 DARLING AVE,SOUTH PORTLAND,ME,4106,207-332-4590,REGULAR,"EBIRI, MUHAMMED ALI",Cumberland,0.1486486486,43.6405865,-70.3302466
28431,STROUDWATER DISTILLERY,5,3,2022-10-11,2023-08-21,MUN - EATING PLACE,Yes,4 THOMPSONS PT,PORTLAND,ME,4101,207-536-7811,REGULAR,STROUDWATER SPIRITS LLC,Cumberland,0.2432432432,43.6515769,-70.2905341
28431,STROUDWATER DISTILLERY,1,5,2021-10-26,2022-08-21,MUN - EATING PLACE,No,4 THOMPSONS PT,PORTLAND,ME,4101,207-536-7811,REGULAR,STROUDWATER SPIRITS LLC,Cumberland,0.1081081081,43.6515769,-70.2905341
28431,STROUDWATER DISTILLERY,2,1,2023-03-08,2023-08-21,MUN - EATING PLACE,No,4 THOMPSONS PT,PORTLAND,ME,4101,207-536-7811,REGULAR,STROUDWATER SPIRITS LLC,Cumberland,0.09459459459,43.6515769,-70.2905341
28431,STROUDWATER DISTILLERY,0,2,2019-09-30,2020-08-21,MUN - EATING PLACE,No,4 THOMPSONS PT,PORTLAND,ME,4101,207-536-7811,REGULAR,STROUDWATER SPIRITS LLC,Cumberland,0.02702702703,43.6515769,-70.2905341
28429,RUMBA,0,2,2019-12-12,,CATERING,No,38 COLLEGE AVE,WATERVILLE,ME,4901,207-861-1126,REGULAR,"ORTEGA, ALFONSO",Kennebec,0.02702702703,44.5560048,-69.6298726
28428,UNLEASHED NUTRITION,0,1,2019-10-02,,EATING PLACE TIER 1,No,73 NORTH ST,CALAIS,ME,4619,207-214-0768,REGULAR,HERBALIFE NUTRITION,Washington,0.01351351351,45.1874013,-67.2797716
28428,UNLEASHED NUTRITION,0,1,2021-10-19,2021-09-27,EATING PLACE TIER 1,No,73 NORTH ST,CALAIS,ME,4619,207-214-0768,REGULAR,HERBALIFE NUTRITION,Washington,0.01351351351,45.1874013,-67.2797716
28428,UNLEASHED NUTRITION,0,0,2023-11-06,2024-09-27,EATING PLACE TIER 1,No,73 NORTH ST,CALAIS,ME,4619,207-214-0768,REGULAR,HERBALIFE NUTRITION,Washington,0,45.1874013,-67.2797716
28426,TREASURES OF THE HEART,1,1,2019-10-31,2020-09-13,EATING PLACE TIER 1,No,88 SMYRNA ST,HOULTON,ME,4730,207-318-9926,REGULAR,"NATALUK, MELISSA",Aroostook,0.05405405405,46.1307226,-67.8494739
28422,VIEWPOINT HOTEL (POOL),1,0,2019-09-11,,,No,229 NUBBLE RD,YORK,ME,3909,207-641-7039,FOLLOW_UP_FULL,IOTB LLC,York,0.04054054054,43.1683718,-70.5951432
28421,"PECK-MOAD, TAYLOR",0,0,2019-08-22,,,No,8 CUMBERLAND ST,BRUNSWICK,ME,4001,207-841-0889,REGULAR,"PECK-MOAD, TAYLOR S",Cumberland,0,43.9158412,-69.9671763
28420,NOKOMIS MIDDLE / HIGH SCHOOL,1,4,2020-01-10,2020-09-27,EATING - SCHOOL,No,291 WILLIAMS RD,NEWPORT,ME,4953,207-368-5091,REGULAR,RSU #19,Penobscot,0.09459459459,44.8799231,-69.2917038
28420,NOKOMIS MIDDLE / HIGH SCHOOL,0,3,2023-01-19,2023-09-27,EATING - SCHOOL,No,291 WILLIAMS RD,NEWPORT,ME,4953,207-355-3613,REGULAR,RSU #19,Penobscot,0.04054054054,44.8799231,-69.2917038
28420,NOKOMIS MIDDLE / HIGH SCHOOL,1,0,2024-10-25,2025-09-27,EATING - SCHOOL,No,291 WILLIAMS RD,NEWPORT,ME,4953,207-355-3613,REGULAR,RSU #19,Penobscot,0.04054054054,44.8799231,-69.2917038
28420,NOKOMIS MIDDLE / HIGH SCHOOL,0,1,2024-01-02,2024-09-27,EATING - SCHOOL,No,291 WILLIAMS RD,NEWPORT,ME,4953,207-355-3613,REGULAR,RSU #19,Penobscot,0.01351351351,44.8799231,-69.2917038
28420,NOKOMIS MIDDLE / HIGH SCHOOL,0,0,2021-04-07,2021-09-27,EATING - SCHOOL,No,291 WILLIAMS RD,NEWPORT,ME,4953,207-355-3613,REGULAR,RSU #19,Penobscot,0,44.8799231,-69.2917038
28420,NOKOMIS MIDDLE / HIGH SCHOOL,0,0,2021-12-16,2022-09-27,EATING - SCHOOL,No,291 WILLIAMS RD,NEWPORT,ME,4953,207-355-3613,REGULAR,RSU #19,Penobscot,0,44.8799231,-69.2917038
28414,COOL BEANS CAFE,1,0,2021-09-02,2019-09-01,EATING PLACE - TEMPORARY 1-4 DAYS,No,THOMAS POINT BEACH,BRUNSWICK,ME,4011,413-455-5455,REGULAR,"CHEVRETTE, JASON D",Cumberland,0.04054054054,43.8980015,-69.8932407
28414,COOL BEANS CAFE,1,0,2024-08-29,2024-09-14,EATING PLACE - MOBILE,No,291 S HIRAM RD,HIRAM,ME,4041,413-455-5455,REGULAR,"CHEVRETTE, JASON D",Cumberland,0.04054054054,43.8094014,-70.8532262
28410,TASTE JAMAICA,0,1,2023-05-03,2023-08-16,EATING PLACE TIER 1,No,109 STATE ST,ELLSWORTH,ME,4605,207-992-7322,REGULAR,TASTE JAMAICA LLC,Hancock,0.01351351351,44.5504252,-68.4271217
28409,CANTY COW CREAMERY,0,2,2023-09-19,2024-08-19,EATING PLACE TIER 1,No,278 UPPER ST,TURNER,ME,4282,207-713-5145,REGULAR,"BULLARD, WILLIAM & ELIZABETH",Androscoggin,0.02702702703,44.2186442,-70.2327793
28406,"SNOW, DAVID",0,1,2021-09-03,2022-08-16,EATING PLACE - MOBILE,No,777 PLEASANT ST,BLUE HILL,ME,4614,207-610-9378,REGULAR,"SNOW, DAVID",Hancock,0.01351351351,44.4476181,-68.6158235
28401,SPICE PIZZERIA,1,0,2019-11-14,2020-08-05,EATING PLACE - TAKEOUT,No,148 WEST ST,ROCKPORT,ME,4856,207-230-9097,REGULAR,K & P RESTAURANT INC,Knox,0.04054054054,44.1865742,-69.0900686
28395,ANGLERS RESTAURANT,0,0,2019-08-03,2019-08-05,EATING PLACE - TEMPORARY 1-4 DAYS,No,,NEWPORT,ME,4953,207-323-8330,REGULAR,ANGLERS INC,Penobscot,0,44.8353424,-69.2739365
28390,FIREHOUSE SUBS,0,1,2020-10-23,2021-01-17,EATING PLACE TIER 2,No,920 STILLWATER AVE,BANGOR,ME,4401,608-843-1494,REGULAR,CRW SUBS INC,Penobscot,0.01351351351,44.8396994,-68.746353
28389,PIZZARIA AND RESTAURANT ANGELOS,1,3,2019-09-12,2020-08-06,EATING PLACE TIER 2,No,474 MAIN ST,GORHAM,ME,4038,207-222-2232,REGULAR,PIZZARIA AND RESTAURANT ANGELO'S,Cumberland,0.08108108108,43.6893796,-70.4112517
28389,PIZZARIA AND RESTAURANT ANGELOS,1,3,2023-04-20,2023-08-06,EATING PLACE TIER 2,No,474 MAIN ST,GORHAM,ME,4038,207-222-2232,REGULAR,PIZZARIA AND RESTAURANT ANGELO'S,Cumberland,0.08108108108,43.6893796,-70.4112517
28389,PIZZARIA AND RESTAURANT ANGELOS,1,0,2025-02-06,2026-01-13,EATING PLACE TIER 2,No,474 MAIN ST,GORHAM,ME,4038,207-222-2232,REGULAR,PIZZARIA AND RESTAURANT ANGELOS,Cumberland,0.04054054054,43.6893796,-70.4112517
28388,GRANDPA'S SPECIALITY SMOKED MEATS (MOBILE),1,3,2019-08-29,2020-08-28,EATING PLACE - MOBILE STICK BUILT,No,117 WEST ST,PITTSFIELD,ME,4967,207-341-1669,REGULAR,"RAVEN, MIKE & LINDA",Penobscot,0.08108108108,44.784285,-69.3862555
28377,GOOD EATZ,2,2,2019-07-31,2019-08-04,EATING PLACE - TEMPORARY 1-4 DAYS,No,,ROCKLAND,ME,4841,610-945-6275,REGULAR,GOODEATZ INC,Knox,0.1081081081,44.1048327,-69.1091823
28374,CRAZY LOCO CORN,1,0,2019-08-28,2020-07-26,EATING PLACE - MOBILE,No,304 US ROUTE 1,FREEPORT,ME,4032,207-295-4724,REGULAR,CRAZY LOCO CORN LLC,Cumberland,0.04054054054,43.8131314,-70.152326
28374,ATHENA'S CANTINA MOBILE,0,1,2025-07-16,2025-07-26,EATING PLACE - MOBILE,No,304 US ROUTE 1,FREEPORT,ME,4032,207-710-9885,REGULAR,CRAZY LOCO CORN LLC,Cumberland,0.01351351351,43.8131314,-70.152326
28373,ROUTE 1 BBQ,0,1,2019-07-25,,,No,735 MAIN ST,MADAWASKA,ME,4756,207-728-9115,NEWOWNER,"COOKE, SUSAN",Aroostook,0.01351351351,47.3493469,-68.2838784
28350,KAVANAUGH AMUSEMENTS,0,3,2019-07-31,2020-07-19,EATING PLACE - MOBILE,No,995 E PITTSTON RD,PITTSTON,ME,4345,978-853-2410,REGULAR,KAVANAUGH AMUSEMENTS LLC,Kennebec,0.04054054054,44.1819766,-69.6782107
28347,CHINA XPRESS,3,7,2023-05-03,2023-08-28,MUN - EATING PLACE,No,1122 BROADWAY,SOUTH PORTLAND,ME,4106,207-741-0204,REGULAR,CHINA XPRESS INC,Cumberland,0.2162162162,43.6276891,-70.2785102
28347,CHINA XPRESS,0,2,2021-09-03,2022-08-28,MUN - EATING PLACE,No,1122 BROADWAY,SOUTH PORTLAND,ME,4106,207-741-0204,REGULAR,CHINA XPRESS INC,Cumberland,0.02702702703,43.6276891,-70.2785102
28342,ICE CREAM SHOPPE,0,0,2019-08-08,2019-08-17,EATING PLACE - TEMPORARY 5-14 DAYS,No,CONSTITUTION HALL,SKOWHEGAN,ME,4976,207-691-2829,REGULAR,THE ICE CREAM SHOPPE,Somerset,0,44.7768879,-69.7266075
28341,MAINELY COFFEE,2,0,2024-07-08,2024-08-06,EATING PLACE - MOBILE,No,47 KATAHDIN AVE,MILLINOCKET,ME,4462,207-723-8900,REGULAR,MAINELY COFFEE LLC,Aroostook,0.08108108108,45.6520313,-68.7084835
28341,MAINELY COFFEE,0,1,2021-07-23,2022-08-06,EATING PLACE - MOBILE,No,47 KATAHDIN AVE,MILLINOCKET,ME,4462,207-723-8900,REGULAR,MAINELY COFFEE LLC,Aroostook,0.01351351351,45.6520313,-68.7084835
28341,MAINELY COFFEE,0,0,2022-07-27,2023-08-06,EATING PLACE - MOBILE,No,47 KATAHDIN AVE,MILLINOCKET,ME,4462,207-723-8900,REGULAR,MAINELY COFFEE LLC,Aroostook,0,45.6520313,-68.7084835
28341,MAINELY COFFEE,0,0,2023-06-24,2023-08-06,EATING PLACE - MOBILE,No,47 KATAHDIN AVE,MILLINOCKET,ME,4462,207-723-8900,REGULAR,MAINELY COFFEE LLC,Aroostook,0,45.6520313,-68.7084835
28339,WATERMANS BEACH BREWERY,0,0,2020-05-04,,EATING PLACE - MOBILE,No,362 WATERMAN BEACH RD,SOUTH THOMASTON,ME,4858,207-542-1760,NEWOWNER,Charmen Spearing,Knox,0,44.0203292,-69.126231
28338,GRUMPYS ATTIC,2,0,2019-07-03,2019-07-03,EATING PLACE - TEMPORARY 1-4 DAYS,No,MARKET SQUARE,HOULTON,ME,4730,207-694-1971,REGULAR,"ROGERS, SARAH",Aroostook,0.08108108108,46.1256351,-67.8404566
28335,BETTY FOREVER,0,0,2020-01-02,2019-12-16,EATING PLACE TIER 2,No,46 ELM ST,CAMDEN,ME,4893,917-327-6897,REGULAR,ONE AND SUPP LLC,Hancock,0,44.2082566,-69.0663574
28335,LUCKY BETTYS,0,0,2021-07-15,2021-09-17,EATING PLACE TIER 2,No,46 ELM ST,CAMDEN,ME,4893,617-283-0902,NEWOWNER,ONE AND SUPP LLC,Hancock,0,44.2082566,-69.0663574
28334,TECH EDUCATION CENTER DINING HALL,1,1,2024-03-19,2024-09-27,EATING - SCHOOL,No,1 MAIN ST,ROCKLAND,ME,4841,207-594-2161,REGULAR,MID-COAST SCHOOL OF TECHNOLOGY,Knox,0.05405405405,44.111527,-69.1081096
28334,TECH EDUCATION CENTER DINING HALL,1,0,2019-11-18,2020-09-27,EATING - SCHOOL,No,1 MAIN ST,ROCKLAND,ME,4841,207-594-2161,REGULAR,MID-COAST SCHOOL OF TECHNOLOGY,Knox,0.04054054054,44.111527,-69.1081096
28334,TECH EDUCATION CENTER DINING HALL,1,0,2025-03-17,2025-09-27,EATING - SCHOOL,No,1 MAIN ST,ROCKLAND,ME,4841,207-594-2161,REGULAR,MID-COAST SCHOOL OF TECHNOLOGY,Knox,0.04054054054,44.111527,-69.1081096
28334,TECH EDUCATION CENTER DINING HALL,0,2,2023-02-17,2023-09-27,EATING - SCHOOL,No,1 MAIN ST,ROCKLAND,ME,4841,207-594-2161,REGULAR,MID-COAST SCHOOL OF TECHNOLOGY,Knox,0.02702702703,44.111527,-69.1081096
28334,TECH EDUCATION CENTER DINING HALL,0,1,2020-02-24,2020-09-27,EATING - SCHOOL,No,1 MAIN ST,ROCKLAND,ME,4841,207-594-2161,REGULAR,MID-COAST SCHOOL OF TECHNOLOGY,Knox,0.01351351351,44.111527,-69.1081096
28333,TECH EDUCATION CENTER CULINARY,3,6,2024-03-19,2024-09-27,EATING - SCHOOL,No,1 MAIN ST,ROCKLAND,ME,4841,207-594-2161,REGULAR,MID-COAST SCHOOL OF TECHNOLOGY,Knox,0.2027027027,44.111527,-69.1081096
28333,TECH EDUCATION CENTER CULINARY,1,1,2025-03-17,2025-09-27,EATING - SCHOOL,No,1 MAIN ST,ROCKLAND,ME,4841,207-594-2161,REGULAR,MID-COAST SCHOOL OF TECHNOLOGY,Knox,0.05405405405,44.111527,-69.1081096
28333,TECH EDUCATION CENTER CULINARY,0,3,2019-11-18,2020-09-27,EATING - SCHOOL,No,1 MAIN ST,ROCKLAND,ME,4841,207-594-2161,REGULAR,MID-COAST SCHOOL OF TECHNOLOGY,Knox,0.04054054054,44.111527,-69.1081096
28333,TECH EDUCATION CENTER CULINARY,0,1,2023-02-17,2022-09-27,EATING - SCHOOL,No,1 MAIN ST,ROCKLAND,ME,4841,207-594-2161,REGULAR,MID-COAST SCHOOL OF TECHNOLOGY,Knox,0.01351351351,44.111527,-69.1081096
28331,HAMPTON INN & SUITES,1,1,2023-09-20,2024-07-19,MUN - EATING AND LODGING,No,1210 BRIGHTON AVE,PORTLAND,ME,4102,207-613-3420,REGULAR,PORTLAND HOTELS INC,Cumberland,0.05405405405,43.6757744,-70.3285157
28331,HAMPTON INN & SUITES,1,0,2019-10-28,2020-07-19,MUN - EATING AND LODGING,No,1210 BRIGHTON AVE,PORTLAND,ME,4102,207-613-3420,REGULAR,PORTLAND HOTELS INC,Cumberland,0.04054054054,43.6757744,-70.3285157
28331,HAMPTON INN & SUITES,1,0,2021-08-10,2022-07-19,MUN - EATING AND LODGING,No,1210 BRIGHTON AVE,PORTLAND,ME,4102,207-613-3420,REGULAR,PORTLAND HOTELS INC,Cumberland,0.04054054054,43.6757744,-70.3285157
28331,HAMPTON INN & SUITES,0,2,2021-08-10,2022-07-19,MUN - EATING AND LODGING,No,1210 BRIGHTON AVE,PORTLAND,ME,4102,207-613-3420,REGULAR,PORTLAND HOTELS INC,Cumberland,0.02702702703,43.6757744,-70.3285157
28331,HAMPTON INN & SUITES,0,1,2022-08-24,2023-07-19,MUN - EATING AND LODGING,No,1210 BRIGHTON AVE,PORTLAND,ME,4102,207-613-3420,REGULAR,PORTLAND HOTELS INC,Cumberland,0.01351351351,43.6757744,-70.3285157
28331,HAMPTON INN & SUITES,0,1,2022-08-24,2023-07-19,MUN - EATING AND LODGING,No,1210 BRIGHTON AVE,PORTLAND,ME,4102,207-613-3420,REGULAR,PORTLAND HOTELS INC,Cumberland,0.01351351351,43.6757744,-70.3285157
28331,HAMPTON INN & SUITES,0,1,2023-09-20,2024-07-19,MUN - EATING AND LODGING,No,1210 BRIGHTON AVE,PORTLAND,ME,4102,207-613-3420,REGULAR,PORTLAND HOTELS INC,Cumberland,0.01351351351,43.6757744,-70.3285157
28331,HAMPTON INN & SUITES,0,1,2024-08-29,2025-07-19,MUN - EATING AND LODGING,No,1210 BRIGHTON AVE,PORTLAND,ME,4102,207-613-3420,REGULAR,PORTLAND HOTELS INC,Cumberland,0.01351351351,43.6757744,-70.3285157
28331,HAMPTON INN & SUITES,0,0,2019-10-28,2020-07-19,MUN - EATING AND LODGING,No,1210 BRIGHTON AVE,PORTLAND,ME,4102,207-613-3420,REGULAR,PORTLAND HOTELS INC,Cumberland,0,43.6757744,-70.3285157
28331,HAMPTON INN & SUITES,0,0,2024-08-29,2025-07-19,MUN - EATING AND LODGING,No,1210 BRIGHTON AVE,PORTLAND,ME,4102,207-613-3420,REGULAR,PORTLAND HOTELS INC,Cumberland,0,43.6757744,-70.3285157
28328,FOCUSED NUTRITION,0,2,2022-07-14,2022-07-11,EATING PLACE TIER 1,No,15 MAIN ST,GRAY,ME,4039,204-402-0838,NEWOWNER,"WHITE, AMBER & SHAW, PAULA",Cumberland,0.02702702703,43.8869944,-70.3298984
28328,FOCUSED NUTRITION,0,0,2019-09-17,2020-07-11,EATING PLACE TIER 1,No,15 MAIN ST,GRAY,ME,4039,204-402-0838,REGULAR,"WHITE, AMBER & SHAW, PAULA",Cumberland,0,43.8869944,-70.3298984
28328,GNG Nutrition,0,0,2024-05-08,2024-07-21,EATING PLACE TIER 1,No,15 MAIN ST,GRAY,ME,4039,207-657-1090,REGULAR,FOCUSED NUTRITION LLC,Cumberland,0,43.8869944,-70.3298984
28325,FATBOYS CONCESSIONS - THATS A WRAP,3,0,2024-08-30,2024-09-30,EATING PLACE - MOBILE,No,24 VAN VEEN DR,LEBANON,ME,4027,207-459-6269,REGULAR,"HOLTBY, STEPHEN & SHERRIE",York,0.1216216216,43.4140419,-70.8736351
28325,FATBOYS CONCESSIONS - THATS A WRAP,0,4,2022-10-04,2022-10-30,EATING PLACE - MOBILE,No,24 VAN VEEN DR,LEBANON,ME,4027,207-459-6269,REGULAR,"HOLTBY, STEPHEN & SHERRIE",York,0.05405405405,43.4140419,-70.8736351
28325,FATBOYS CONCESSIONS - THATS A WRAP,0,2,2024-09-16,2024-09-30,EATING PLACE - MOBILE,No,24 VAN VEEN DR,LEBANON,ME,4027,207-459-6269,REGULAR,"HOLTBY, STEPHEN & SHERRIE",York,0.02702702703,43.4140419,-70.8736351
28325,THAT'S A WRAP,0,1,2019-07-26,,EATING PLACE - MOBILE,No,25 FLAT ROCK BRIDGE RD,LEBANON,ME,4027,207-595-6273,FOLLOW_UP_FULL,"HOLTBY, PATRICIA",York,0.01351351351,43.3464374,-70.964877
28325,FATBOYS CONCESSIONS - THATS A WRAP,0,1,2023-08-03,2023-09-30,EATING PLACE - MOBILE,No,24 VAN VEEN DR,LEBANON,ME,4027,207-459-6269,REGULAR,"HOLTBY, STEPHEN & SHERRIE",York,0.01351351351,43.4140419,-70.8736351
28325,THATS A WRAP,1,3,2020-08-03,2021-07-26,MUN - EATING PLACE - MOBILE,No,25 FLAT ROCK BRIDGE RD,LEBANON,ME,4027,207-595-6273,REGULAR,"HOLTBY, PATRICIA",York,0.08108108108,43.3464374,-70.964877
28325,THATS A WRAP,0,2,2022-08-04,2022-07-26,MUN - EATING PLACE - MOBILE,No,25 FLAT ROCK BRIDGE RD,LEBANON,ME,4027,207-595-6273,REGULAR,"HOLTBY, PATRICK",York,0.02702702703,43.3464374,-70.964877
28324,PHO OOB,1,1,2022-07-06,2022-11-10,EATING PLACE TIER 2,No,40 A OLD ORCHARD ST,OLD ORCHARD BEACH,ME,4064,207-934-3838,REGULAR,PHO OOB LLC,York,0.05405405405,43.5155817,-70.3739312
28324,PHO OOB,0,0,2021-11-10,2022-11-10,EATING PLACE TIER 2,No,40 A OLD ORCHARD ST,OLD ORCHARD BEACH,ME,4064,207-934-3838,NEWOWNER,PHO OOB LLC,York,0,43.5155817,-70.3739312
28324,PHO OOB,0,0,2019-07-10,,,No,40 A OLD ORCHARD ST,OLD ORCHARD BEACH,ME,4064,207-934-3888,REGULAR,PHO OOB LLC,York,0,43.5155817,-70.3739312
28323,"CURRAN, CORALIE",0,0,2019-08-09,,,No,181 HARRIET ST,SOUTH PORTLAND,ME,4106,207-650-0984,REGULAR,"CURRAN, CORALIE",Cumberland,0,43.6392899,-70.2422368
28322,MAINELY PROCESSING,1,1,2019-09-13,,EATING PLACE TIER 1,No,826 KENNEDY MEMORIAL DR,OAKLAND,ME,4963,207-716-1225,REGULAR,MAINELY PROCESSING LLC,Kennebec,0.05405405405,44.5433726,-69.6871201
28322,MAINELY PROCESSING,1,0,2019-11-08,2019-11-12,EATING PLACE TIER 1,No,826 KENNEDY MEMORIAL DR,OAKLAND,ME,4963,207-716-1225,REGULAR,MAINELY PROCESSING LLC,Kennebec,0.04054054054,44.5433726,-69.6871201
28321,MAINE WOOD HEAT COMPANY,0,0,2025-05-12,2025-07-30,EATING PLACE - MOBILE,No,8 INDUSTRIAL PARK RD,SKOWHEGAN,ME,4976,207-474-7465,REGULAR,MODERN WOOD HEAT COMPANY,Somerset,0,44.7854553,-69.7174985
28318,BCB BITES,0,0,2019-07-19,,EATING PLACE TIER 2,No,46 BETTON ST,BREWER,ME,4412,207-631-3964,REGULAR,"SANTIAGO, STEVE",Penobscot,0,44.797236,-68.7633792
28316,RESILIENT NUTRITION,1,6,2019-08-28,2019-10-08,EATING PLACE TIER 1,No,204 UNION ST,BANGOR,ME,4401,207-214-3170,REGULAR,"BEAL, MISTY",Penobscot,0.1216216216,44.8003769,-68.7763644
28313,HARDSHELL CAFE,0,0,2024-04-23,2024-05-24,CATERING,No,3 GARFIELD ST,LONG ISLAND,ME,4050,207-289-7755,REGULAR,HARDSHELL CAFE LLC,Cumberland,0,43.6888615,-70.1674649
28312,CANDYS,1,0,2019-12-26,2020-10-02,MUN - EATING PLACE,No,34 PORTLAND ST,PORTLAND,ME,4101,207-653-7427,REGULAR,CANDY'S LLC,Cumberland,0.04054054054,43.6582066,-70.2628296
28311,"LARIVIERE, JAMES R",0,0,2019-07-11,,,No,1 OCEAN PARK RD,OLD ORCHARD BEACH,ME,4064,207-934-4663,REGULAR,"LARIVIERE, JAMES",York,0,43.5074792,-70.409177
28309,BUNKERS WHARF,0,1,2019-10-15,2020-07-09,EATING PLACE - MOBILE,No,260 EAST SCHOODIC,BIRCH HARBOR,ME,4613,207-963-9111,REGULAR,BUNKERS WHARF LLC,Hancock,0.01351351351,44.3759365,-68.0355362
28306,THE PICNIC BASKET,0,1,2021-07-08,2022-07-22,EATING PLACE - TAKEOUT,No,11 OCEAN PARK RD,OLD ORCHARD BEACH,ME,4064,207-939-6761,REGULAR,THE PICNIC BASKET LLC,York,0.01351351351,43.5075572,-70.4108859
28305,TEXAS BACKYARD BBQ,0,0,2019-08-13,2019-08-31,EATING PLACE - MOBILE,No,69 MOUNT VERNON AVE,AUGUSTA,ME,4330,207-530-2230,REGULAR,"LAVIGNE, WILLIAM",Kennebec,0,44.3247131,-69.776253
28304,ASIAN PERSUASION,1,2,2025-06-03,2025-07-24,EATING PLACE - MOBILE,No,WEST MAIN ST,VINALHAVEN,ME,4863,207-863-5085,REGULAR,"BICKFORD, MARITESS & JENNINGS, BENEHLYN",Knox,0.06756756757,44.0457952,-68.8372273
28300,THE CROOKED MILE ROSEMONT,3,3,2022-08-18,2022-07-15,MUN - EATING PLACE,No,428 BRIGHTON AVE,PORTLAND,ME,4101,207-749-7388,REGULAR,MCGONIGALS INC,Cumberland,0.1621621622,43.6663926,-70.2956576
28300,THE CROOKED MILE ROSEMONT,2,5,2021-06-15,2021-07-15,MUN - EATING PLACE,No,428 BRIGHTON AVE,PORTLAND,ME,4101,207-749-7388,REGULAR,MCGONIGALS INC,Cumberland,0.1486486486,43.6663926,-70.2956576
28300,THE CROOKED MILE ROSEMONT,2,1,2023-03-21,2023-07-15,MUN - EATING PLACE,No,428 BRIGHTON AVE,PORTLAND,ME,4101,207-749-7388,REGULAR,MCGONIGALS INC,Cumberland,0.09459459459,43.6663926,-70.2956576
28300,THE CROOKED MILE ROSEMONT,0,6,2024-11-26,2025-07-15,MUN - EATING PLACE,No,428 BRIGHTON AVE,PORTLAND,ME,4101,207-749-7388,REGULAR,MCGONIGALS INC,Cumberland,0.08108108108,43.6663926,-70.2956576
28300,THE CROOKED MILE ROSEMONT,1,0,2023-11-22,2024-07-15,MUN - EATING PLACE,No,428 BRIGHTON AVE,PORTLAND,ME,4101,207-749-7388,REGULAR,MCGONIGALS INC,Cumberland,0.04054054054,43.6663926,-70.2956576
28299,"RIVES, BILLY",0,0,2019-07-03,,,No,31 OLD ORCHARD ST,OLD ORCHARD BEACH,ME,4064,207-437-6004,REGULAR,"RIVES, BILLY",York,0,43.5165821,-70.3763106
28295,"VOCCIA, JOSEPH",0,0,2019-07-02,,,No,1 OCEAN PARK RD,OLD ORCHARD BEACH,ME,4064,207-934-4663,REGULAR,"VOCCIA, JOSEPH",York,0,43.5074792,-70.409177
28284,"GIVEEN, CLAYTON",0,0,2019-07-02,,,No,1 OCEAN PARK RD,OLD ORCHARD BEACH,ME,4064,603-252-0089,REGULAR,"GIVEEN, CLAYTON",York,0,43.5074792,-70.409177
28282,AROMA JOE'S COFFEE,1,7,2025-05-09,2025-07-09,EATING PLACE - TAKEOUT,No,135 LEEMAN HWY,BATH,ME,4530,603-513-3577,REGULAR,INTEGRITY OPERATIONS INC,Sagadahoc,0.1351351351,43.9092516,-69.8256606
28282,AROMA JOE'S COFFEE,1,4,2019-10-25,2020-07-09,EATING PLACE - TAKEOUT,No,135 LEEMAN HWY,BATH,ME,4530,603-312-9665,REGULAR,INTEGRITY OPERATIONS INC,Sagadahoc,0.09459459459,43.9092516,-69.8256606
28282,AROMA JOE'S COFFEE,0,6,2022-08-16,2023-07-09,EATING PLACE - TAKEOUT,No,135 LEEMAN HWY,BATH,ME,4530,603-513-3577,REGULAR,INTEGRITY OPERATIONS INC,Sagadahoc,0.08108108108,43.9092516,-69.8256606
28278,RAPTOR FALLS,0,2,2022-09-26,2023-08-23,EATING PLACE - TAKEOUT,No,1912 PORTLAND RD,ARUNDEL,ME,4046,603-205-1384,REGULAR,RAPTOR FALLS LLC,York,0.02702702703,43.4312502,-70.508633
28278,RAPTOR FALLS,0,1,2019-09-17,2020-08-23,EATING PLACE - TAKEOUT,No,1912 PORTLAND RD,ARUNDEL,ME,4046,603-205-1384,REGULAR,RAPTOR FALLS LLC,York,0.01351351351,43.4312502,-70.508633
28278,RAPTOR FALLS,0,0,2024-10-08,2025-08-23,EATING PLACE - TAKEOUT,No,1912 PORTLAND RD,ARUNDEL,ME,4046,603-205-1384,REGULAR,RAPTOR FALLS LLC,York,0,43.4312502,-70.508633
28277,MO BA'S LEMONADE,0,0,2019-07-03,,,No,WATER ST,EASTPORT,ME,4631,207-649-1157,REGULAR,"MUNCEY, MARY ELLEN",Hancock,0,44.9095223,-66.985107
28272,BRICK OVEN BAKERY,0,0,2019-09-11,2019-08-26,EATING PLACE - MOBILE,No,1096 SMITHFIELD RD,BELGRADE,ME,4917,207-474-1983,REGULAR,BRICK OVEN BAKERY LLC,Kennebec,0,44.5745523,-69.7999607
28271,ROBERT V CONNOR ELEMENTARY,2,0,2019-12-06,2020-09-27,MUN - EATING - SCHOOL,No,400 BARTLETT ST,LEWISTON,ME,4240,207-795-4104,REGULAR,CITY OF LEWISTON,Androscoggin,0.08108108108,44.0905771,-70.2024488
28271,ROBERT V CONNOR ELEMENTARY,1,1,2023-05-25,2023-09-27,MUN - EATING AND CATERING,No,400 BARTLETT ST,LEWISTON,ME,4240,207-795-4104,REGULAR,CITY OF LEWISTON,Androscoggin,0.05405405405,44.0905771,-70.2024488
28271,ROBERT V CONNOR ELEMENTARY,0,2,2022-04-06,2022-09-27,MUN - EATING AND CATERING,No,400 BARTLETT ST,LEWISTON,ME,4240,207-795-4104,REGULAR,CITY OF LEWISTON,Androscoggin,0.02702702703,44.0905771,-70.2024488
28271,ROBERT V CONNOR ELEMENTARY,0,1,2024-10-29,2025-09-27,MUN - EATING AND CATERING,No,400 BARTLETT ST,LEWISTON,ME,4240,207-795-4106,REGULAR,CITY OF LEWISTON,Androscoggin,0.01351351351,44.0905771,-70.2024488
28270,A&C GROCERY LLC,0,2,2019-09-19,2020-08-20,MUN - EATING PLACE TAKEOUT,No,131 WASHINGTON AVE,PORTLAND,ME,4101,207-329-4314,REGULAR,A&C GROCERY LLC,Cumberland,0.02702702703,43.6676792,-70.2529808
28267,THE BLUE PIG,0,1,2024-01-11,2024-10-31,EATING AND CATERING,No,19 STATE ST,GORHAM,ME,4038,207-839-9744,REGULAR,THE BLUE PIG LLC,Cumberland,0.01351351351,43.6795122,-70.4435458
28267,THE BLUE PIG,0,0,2020-01-14,2020-10-31,EATING AND CATERING,No,19 STATE ST,GORHAM,ME,4038,207-839-9744,REGULAR,THE BLUE PIG LLC,Cumberland,0,43.6795122,-70.4435458
28263,PUMPKIN VALLEY FARM,0,0,2023-07-28,2023-06-21,CATERING,No,7 CATTLE DR,DAYTON,ME,4005,207-929-4088,REGULAR,"HARRIS, KEITH",York,0,43.5806929,-70.5628197
28263,PUMPKIN VALLEY FARM,1,1,2019-06-21,,,No,7 CATTLE DR,DAYTON,ME,4005,207-929-4088,REGULAR,"HARRIS, KEITH",York,0.05405405405,43.5806929,-70.5628197
28259,BABY BURRITO,0,2,2019-08-02,2020-06-19,EATING PLACE - TAKEOUT,No,88 NORTHPORT AVE,BELFAST,ME,4915,207-505-5557,REGULAR,"NORWOOD, MATTHEW",Waldo,0.02702702703,44.4080499,-68.9928393
28259,BELFAST SHAVED ICE & PROVISION,0,1,2020-08-11,2020-09-11,EATING PLACE - TAKEOUT,No,88 NORTHPORT AVE,BELFAST,ME,4915,207-263-4040,REGULAR,"STROUT, RICHARD",Waldo,0.01351351351,44.4080499,-68.9928393
28259,BIG DADDY'S HOT BOX / SHACK,0,0,2023-05-25,2024-06-21,EATING PLACE - TAKEOUT,No,88 NORTHPORT AVE,BELFAST,ME,4915,207-505-1001,NEWOWNER,"CONTINO, IKE",Waldo,0,44.4080499,-68.9928393
28254,MAINE STREET MEATS,1,2,2025-06-27,2026-08-02,EATING PLACE - TAKEOUT,No,310 COMMERCIAL ST,ROCKPORT,ME,4856,207-236-6328,REGULAR,BLEECKER & GREER,Knox,0.06756756757,44.1805939,-69.080889
28254,MAINE STREET MEATS,0,0,2019-11-21,2019-10-31,EATING PLACE - TAKEOUT,No,310 COMMERCIAL ST,ROCKPORT,ME,4856,207-236-6328,REGULAR,BLEECKER & GREER,Knox,0,44.1805939,-69.080889
28252,DUNKIN,4,4,2025-03-13,2024-06-28,EATING PLACE - TAKEOUT,Yes,989 WISCASSET RD,BOOTHBAY,ME,4537,207-577-5995,REGULAR,CONNR COFFEE LLC,Lincoln,0.2162162162,43.8773025,-69.6329154
28252,DUNKIN,1,4,2019-09-04,2020-06-28,EATING PLACE - TAKEOUT,No,989 WISCASSET RD,BOOTHBAY,ME,4537,207-315-6665,REGULAR,CONNR COFFEE LLC,Lincoln,0.09459459459,43.8773025,-69.6329154
28252,DUNKIN,0,5,2022-01-25,2022-06-28,EATING PLACE - TAKEOUT,No,989 WISCASSET RD,BOOTHBAY,ME,4537,207-315-6665,REGULAR,CONNR COFFEE LLC,Lincoln,0.06756756757,43.8773025,-69.6329154
28252,DUNKIN,0,0,2025-03-24,2025-06-28,EATING PLACE - TAKEOUT,No,989 WISCASSET RD,BOOTHBAY,ME,4537,207-577-5995,FOLLOW_UP_FULL,CONNOR COFFEE LLC,Lincoln,0,43.8773025,-69.6329154
28251,RIVER HOUSE MAINE,0,2,2024-10-23,2025-07-11,EATING PLACE TIER 2,No,27 MAIN ST,DAMARISCOTTA,ME,4543,207-563-6156,NEWOWNER,DAMARISCOTTA RIVER HOUSE LLC,Lincoln,0.02702702703,44.0332842,-69.5334248
28249,WICKED MINI DONUTS,0,0,2021-04-09,2022-04-08,EATING PLACE - MOBILE,No,ROUTE 1,KITTERY,ME,3904,603-294-0697,REGULAR,WICKED MINI DONUTS LLC,York,0,43.1061837,-70.7489803
28249,WICKED MINI DONUTS,0,0,2019-06-27,,,No,7 YORK ST,YORK,ME,3909,207-606-0086,REGULAR,WICKED MINI DONUTS LLC,York,0,43.3839604,-70.544663
28246,YOLKED,1,0,2022-04-22,2022-07-19,EATING PLACE - MOBILE,No,437 LEWISTON RD,NEW GLOUCESTER,ME,4260,207-749-4097,REGULAR,MINDY BOUCHARD,Cumberland,0.04054054054,43.9516706,-70.3020409
28246,YOLKED,0,1,2019-08-21,2020-07-19,EATING PLACE - MOBILE,No,437 LEWISTON RD,NEW GLOUCESTER,ME,4260,207-749-4097,REGULAR,MINDY BOUCHARD,Cumberland,0.01351351351,43.9516706,-70.3020409
28246,YOLKED,0,0,2021-10-04,2022-07-19,EATING PLACE - MOBILE,No,437 LEWISTON RD,NEW GLOUCESTER,ME,4260,207-749-4097,REGULAR,MINDY BOUCHARD,Cumberland,0,43.9516706,-70.3020409
28242,FROM HERE TO THERE FARM,0,5,2024-09-20,2025-06-28,EATING PLACE - MOBILE,No,178 CLARK RD,UNITY,ME,4988,207-420-0983,REGULAR,"GREANEY, MATT",Penobscot,0.06756756757,44.5503864,-69.3142357
28242,FROM HERE TO THERE FARM,1,1,2023-09-22,2024-06-28,EATING PLACE - MOBILE,No,178 CLARK RD,UNITY,ME,4988,207-420-0983,REGULAR,"GREANEY, MATT",Penobscot,0.05405405405,44.5503864,-69.3142357
28240,FAMILY POOL BAR,1,5,2022-09-08,2023-06-25,EATING PLACE - TAKEOUT,No,591 SHORE RD,CAPE NEDDICK,ME,3902,207-361-1000,REGULAR,RBDD CLIFF HOUSE ACQUISITIONS LLC,York,0.1081081081,43.1863456,-70.6066502
28240,FAMILY POOL BAR,1,1,2025-06-12,2025-06-25,EATING PLACE - TAKEOUT,No,591 SHORE RD,CAPE NEDDICK,ME,3902,207-361-1000,REGULAR,RBDD CLIFF HOUSE ACQUISITIONS LLC,York,0.05405405405,43.1863456,-70.6066502
28240,FAMILY POOL BAR,0,0,2019-06-25,,,No,591 SHORE RD,CAPE NEDDICK,ME,3902,207-361-1000,REGULAR,RBDD CLIFF HOUSE ACQUISITIONS LLC,York,0,43.1863456,-70.6066502
28235,JENSEN'S FRIED DOUGH,0,0,2019-08-06,2020-07-02,EATING PLACE - MOBILE,No,,CLINTON,ME,4927,712-979-5251,REGULAR,JENSEN CONCESSIONS,Kennebec,0,44.6371378,-69.5028049
28235,JENSENS FRIED DOUGH,0,0,2022-07-27,2023-07-02,EATING PLACE - MOBILE,No,,CLINTON,ME,4927,712-979-5251,REGULAR,JENSEN CONCESSIONS,Kennebec,0,44.6371378,-69.5028049
28235,JENSENS FRIED DOUGH,0,0,2023-06-24,2024-07-02,EATING PLACE - MOBILE,No,,CLINTON,ME,4927,712-979-5251,REGULAR,JENSEN CONCESSIONS,Kennebec,0,44.6371378,-69.5028049
28235,JENSENS FRIED DOUGH,0,0,2024-08-06,2025-07-02,EATING PLACE - MOBILE,No,,CLINTON,ME,4927,712-979-5251,REGULAR,JENSEN CONCESSIONS,Kennebec,0,44.6371378,-69.5028049
28229,TRAVERSE COFFEE,0,2,2024-03-18,2025-01-06,EATING PLACE TIER 1,No,140 WATER ST,HALLOWELL,ME,4347,207-530-1581,REGULAR,DRIVE MAINE LLC,Kennebec,0.02702702703,44.2858431,-69.789966
28229,Wrapped Up Coffee House (Hallowell),0,0,2024-09-19,2025-01-06,EATING PLACE TIER 1,No,140 WATER ST,HALLOWELL,ME,4347,207-530-1581,NEWOWNER,Wrapped Up LLC,Kennebec,0,44.2858431,-69.789966
28229,TRAVERSE COFFEE CO,0,3,2022-03-31,2022-06-21,EATING PLACE TIER 2,No,140 WATER ST,HALLOWELL,ME,4347,713-203-5046,REGULAR,NG FAMILY HOLDINGS LLC,Kennebec,0.04054054054,44.2858431,-69.789966
28229,TRAVERSE COFFEE CO,0,1,2019-07-12,2020-06-21,EATING PLACE TIER 2,No,140 WATER ST,HALLOWELL,ME,4347,713-203-5046,REGULAR,NG FAMILY HOLDINGS LLC,Kennebec,0.01351351351,44.2858431,-69.789966
28229,TRAVERSE COFFEE,0,1,2023-01-05,2023-06-21,EATING PLACE TIER 2,No,140 WATER ST,HALLOWELL,ME,4347,207-480-1355,NEWOWNER,NG FAMILY HOLDINGS LLC,Kennebec,0.01351351351,44.2858431,-69.789966
28228,"SMITH-LACHMAN, NYLA",0,0,2019-06-14,,,No,50 EXCHANGE ST,PORTLAND,ME,4101,207-831-3107,REGULAR,"SMITH- LACHMAN, NYLA",Cumberland,0,43.6572759,-70.2543987
28208,ATLANTIC OCEAN SUITES,0,1,2019-05-29,,,No,6 BROWN ST,OLD ORCHARD BEACH,ME,4064,207-934-0678,REGULAR,AMS BROWN APARTMENTS LLC,York,0.01351351351,43.5178541,-70.3719904
28205,HUNGRY MAMA,2,2,2019-09-14,2020-06-28,EATING PLACE - MOBILE,No,2 MECHANIC ST,BETHEL,ME,4217,207-280-0545,REGULAR,HUNGRY MAMA,Oxford,0.1081081081,44.4079616,-70.7891254
28201,ATLANTIC OCEAN SUITES,1,2,2019-05-29,,,No,7 DUBE ST,OLD ORCHARD BEACH,ME,4064,845-536-6222,REGULAR,AMS BROWN STREET APARTMENST LLC,York,0.06756756757,43.5180157,-70.3720312
28200,WILLARD BEACH SNACK  BAR,0,1,2024-07-08,2025-05-28,MUN - EATING PLACE TAKEOUT,No,1 FISHERMANS LN,SOUTH PORTLAND,ME,4106,207-415-0096,REGULAR,"MULLEN-CAMPBELL, SHARON",Cumberland,0.01351351351,43.641841,-70.227376
28188,POKE ME LLC,1,2,2019-06-12,2020-05-23,EATING PLACE - MOBILE,No,18 HILL ST,PORTLAND,ME,4102,207-357-6311,REGULAR,POKE ME LLC,Cumberland,0.06756756757,43.6537206,-70.2743748
28188,LITTLE EASY SNOBALLS,0,0,2023-07-06,2024-06-24,EATING PLACE - MOBILE,No,112 HIGHLAND AVE,PORTLAND,ME,4103,225-278-7078,REGULAR,LITTLE EASY SNOBALLS LLC,Cumberland,0,43.6625162,-70.1878547
28126,MAINE MAPLE CREEMEE,1,0,2023-07-13,2024-07-03,EATING PLACE - MOBILE,No,EASTERN PROMENADE,PORTLAND,ME,4010,978-333-2342,REGULAR,MAINE MAPLE CREEMEE LLC,Cumberland,0.04054054054,43.6698049,-70.2462095
28126,MAINE MAPLE CREEMEE,2,0,2022-06-02,2022-07-03,EATING PLACE - MOBILE,No,61 ASH SWAMP RD,SCARBOROUGH,ME,4074,978-333-2342,REGULAR,MAINE MAPLE CREEMEE LLC,Cumberland,0.08108108108,43.5774201,-70.4257499
28124,MR TUNA,2,0,2022-05-10,2023-04-30,EATING PLACE - MOBILE,No,EASTERN PROMENADE,PORTLAND,ME,4101,413-636-9688,REGULAR,RONIN RESTAURANT GROUP LLC,Cumberland,0.08108108108,43.6698049,-70.2462095
28124,MR TUNA,2,0,2024-07-04,2025-04-30,EATING PLACE - MOBILE,No,EASTERN PROMENADE,PORTLAND,ME,4101,413-636-9688,REGULAR,RONIN RESTAURANT GROUP LLC,Cumberland,0.08108108108,43.6698049,-70.2462095
28124,MR TUNA,2,0,2024-08-17,2025-04-30,EATING PLACE - MOBILE,No,EASTERN PROMENADE,PORTLAND,ME,4101,413-636-9688,REGULAR,RONIN RESTAURANT GROUP LLC,Cumberland,0.08108108108,43.6698049,-70.2462095
28124,MR TUNA,1,1,2023-04-26,2024-04-30,EATING PLACE - MOBILE,No,EASTERN PROMENADE,PORTLAND,ME,4101,413-636-9688,REGULAR,RONIN RESTAURANT GROUP LLC,Cumberland,0.05405405405,43.6698049,-70.2462095
28124,MR TUNA,1,1,2024-05-21,2024-04-30,EATING PLACE - MOBILE,No,EASTERN PROMENADE,PORTLAND,ME,4101,413-636-9688,REGULAR,RONIN RESTAURANT GROUP LLC,Cumberland,0.05405405405,43.6698049,-70.2462095
28124,MR TUNA,1,0,2025-05-02,2025-04-30,EATING PLACE - MOBILE,No,EASTERN PROMENADE,PORTLAND,ME,4101,413-636-9688,REGULAR,RONIN RESTAURANT GROUP LLC,Cumberland,0.04054054054,43.6698049,-70.2462095
28124,MR TUNA,2,3,2021-05-25,2022-04-30,EATING PLACE - MOBILE,No,29 EVANS ST,SOUTH PORTLAND,ME,4106,413-636-9688,REGULAR,RONIN RESTAURANT GROUP LLC,Cumberland,0.1216216216,43.6271898,-70.2769935
28121,TACORITA,2,2,2019-09-16,2020-07-22,EATING PLACE TIER 2,No,2 MILL ST,ORONO,ME,4473,207-866-5504,REGULAR,TACORITA,Penobscot,0.1081081081,44.8836457,-68.6717986
28121,TACORITA,0,1,2024-09-26,2025-07-22,EATING PLACE TIER 2,No,2 MILL ST,ORONO,ME,4473,207-866-5504,REGULAR,TACORITA,Penobscot,0.01351351351,44.8836457,-68.6717986
28118,THE ALCHEMIST PLANT BASED WELLNESS CAFE,0,0,2019-06-18,,EATING PLACE TIER 2,No,90 BEAVER ST,BELFAST,ME,4915,207-322-8225,REGULAR,THE ALCHEMIST WELLNESS CAFE LLC,Waldo,0,44.4257619,-69.0060183
28116,"DUNN, DANA",0,0,2019-05-22,,,No,31 OLD ORCHARD ST,OLD ORCHARD BEACH,ME,4064,954-303-9549,REGULAR,"DUNN, DANA",York,0,43.5165821,-70.3763106
28113,ALI BABAS KABOB SHOP,0,0,2019-05-30,2019-06-02,EATING PLACE - TEMPORARY 1-4 DAYS,No,41 MULLEN RD,NEWPORT,ME,4953,802-863-5752,REGULAR,"OATES, OLIVER",Penobscot,0,44.900817,-69.2471635
28107,JJ'S SCHOONER DOGS,0,0,2021-05-05,2020-05-20,EATING PLACE - MOBILE,No,75 MECHANIC ST,ROCKLAND,ME,4841,207-594-2650,NEWOWNER,"BRIDGES, JOHN",Knox,0,44.0937528,-69.1047458
28105,UNDERDOG ON THE RUN,0,1,2019-06-07,2020-05-23,EATING PLACE - MOBILE,No,20 LITCHFIELD RD,FREEPORT,ME,4632,207-751-9954,REGULAR,"MORSE, ADAM",Cumberland,0.01351351351,43.8559609,-70.0612396
28105,UNDERDOG ON THE RUN,0,1,2019-06-07,2020-05-23,EATING PLACE - MOBILE,No,20 LITCHFIELD RD,FREEPORT,ME,4632,207-751-9954,REGULAR,"MORSE, ADAM",Cumberland,0.01351351351,43.8559609,-70.0612396
28104,CULTURA STREET FOOD,0,0,2019-05-16,,,No,10 WEST POINT LN,BIDDEFORD,ME,4005,720-318-8156,REGULAR,"CARRASCO, DONNY, ARVIZUM ADRIAN",York,0,43.4943842,-70.4548416
28101,FRIED SPECIALITIES,0,0,2019-05-30,2019-06-02,EATING PLACE - TEMPORARY 1-4 DAYS,No,41 MULLEN RD,NEWPORT,ME,4953,585-703-6876,REGULAR,"HASBROUCK, PAMELA",Penobscot,0,44.900817,-69.2471635
28097,WINTER HARBOR SHACK LLC,0,0,2019-08-01,2020-07-01,EATING PLACE - MOBILE,No,21 RAND LN,WINTER HARBOR,ME,4693,603-828-4686,REGULAR,WINTER HARBOR LOBSTER SHACK LLC,Hancock,0,44.3957099,-68.0831721
28095,FRESH N TASTY CORN ROASTERS,1,1,2019-08-23,2020-05-22,EATING PLACE - MOBILE,No,49 MILLS FARM RD,VINALHAVEN,ME,4863,207-867-4430,REGULAR,FRESH N TASTY CORN ROASTERS LLC,Knox,0.05405405405,44.0937258,-68.8554363
28094,TWIST,0,0,2019-08-06,2020-06-20,EATING PLACE - MOBILE,No,20 MAYER RD,PORTLAND,ME,4102,207-730-2402,REGULAR,TWIST LLC,Cumberland,0,43.6710065,-70.3099613
28091,PAM & FAM FORKING GOOD GRUB FOODTRUCK,3,4,2022-07-23,2023-05-13,EATING PLACE - MOBILE,No,230 STATE RD,KITTERY,ME,4904,702-250-7373,REGULAR,PAM & FAM FORKING GOOD GRUB LLC,York,0.1756756757,43.1042234,-70.7428783
28091,PAM & FAM FORKING GOOD GRUB FOODTRUCK,1,1,2025-07-03,2026-05-13,EATING PLACE - MOBILE,No,230 STATE RD,KITTERY,ME,4904,702-250-7373,REGULAR,PAM & FAM FORKING GOOD GRUB LLC,York,0.05405405405,43.1042234,-70.7428783
28088,SRTC CAFE,1,0,2022-05-24,2022-06-05,EATING PLACE TIER 2,No,100 ALUMNI BLVD,SANFORD,ME,4073,207-324-2942,REGULAR,SRTC CULINARY ARTS PROGRAM,York,0.04054054054,43.4204105,-70.748821
28088,SRTC CAFE,0,1,2023-01-11,2023-06-05,EATING PLACE TIER 2,No,100 ALUMNI BLVD,SANFORD,ME,4073,207-324-2942,REGULAR,SRTC CULINARY ARTS PROGRAM,York,0.01351351351,43.4204105,-70.748821
28088,SRTC CAFE,0,1,2025-03-24,2025-06-05,EATING PLACE TIER 2,No,100 ALUMNI BLVD,SANFORD,ME,4073,207-324-2942,REGULAR,SRTC CULINARY ARTS PROGRAM,York,0.01351351351,43.4204105,-70.748821
28087,NAMASTE INDIAN FOOD,0,1,2019-08-01,2020-05-21,EATING PLACE TIER 1,No,930 COMMERCIAL ST,ROCKPORT,ME,4856,207-992-6347,REGULAR,"PATEL, DWIPAL",Knox,0.01351351351,44.1394868,-69.0904783
28085,KOZETAS RESTAURANT,2,2,2025-04-14,2026-05-23,EATING PLACE TIER 2,No,597 BRIDGTON RD,WESTBROOK,ME,4092,207-797-7344,REGULAR,"DHEFTO, KOZETA",Cumberland,0.1081081081,43.7210663,-70.3384757
28085,KOZETAS RESTAURANT,1,1,2019-09-12,2020-05-23,EATING PLACE TIER 2,No,597 BRIDGTON RD,WESTBROOK,ME,4092,207-797-7344,REGULAR,"DHEFTO, KOZETA",Cumberland,0.05405405405,43.7210663,-70.3384757
28085,KOZETAS RESTAURANT,1,1,2023-04-11,2023-05-23,EATING PLACE TIER 2,No,597 BRIDGTON RD,WESTBROOK,ME,4092,207-797-7344,REGULAR,"DHEFTO, KOZETA",Cumberland,0.05405405405,43.7210663,-70.3384757
28083,"GAGLIARDI, DANIEL",0,0,2019-05-22,,,No,31 OLD ORCHARD ST,OLD ORCHARD BEACH,ME,4064,207-937-6004,REGULAR,"GAGLIARDI, DANIEL",York,0,43.5165821,-70.3763106
28080,LIVE CAFE,3,9,2022-08-09,2023-05-28,EATING PLACE TIER 2,No,169 PORT RD,KENNEBUNK,ME,4043,207-281-3870,REGULAR,LIVE CAFE LLC,York,0.2432432432,43.3603344,-70.4850278
28080,LIVE CAFE,0,5,2019-05-28,,,No,169 PORT RD,KENNEBUNK,ME,4043,207-281-3870,REGULAR,LIVE CAFE LLC,York,0.06756756757,43.3603344,-70.4850278
28078,FOOTBRIDGE FISH CO,0,0,2025-07-02,2026-05-14,EATING PLACE - MOBILE,No,23 GRANARY WAY,BOOTHBAY HARBOR,ME,4538,860-391-2601,REGULAR,FOOTBRIDGE FISH COMPANY LLC,Lincoln,0,43.8524221,-69.626957
28077,ALABAMA BBQ,0,0,2019-05-24,2020-05-30,MUN - CATERING,No,838 LISBON ST,LEWISTON,ME,4240,207-423-6666,REGULAR,ALABAMA BBQ LLC,Androscoggin,0,44.0854603,-70.2038415
28077,ALABAMA BBQ,0,0,2024-05-06,2024-05-30,MUN - CATERING,No,715 WEBSTER ST,LEWISTON,ME,4240,207-423-6666,REGULAR,ALABAMA BBQ LLC,Androscoggin,0,44.0824536,-70.1718295
28075,WOODFIRED FOOD BUS,1,3,2023-09-22,2024-06-28,EATING PLACE - MOBILE,No,399 COMMERCIAL ST,ROCKPORT,ME,4856,207-706-4146,REGULAR,"MORGAN, ROBERT",Knox,0.08108108108,44.1742743,-69.0799484
28075,WOODFIRED FOOD BUS,1,2,2024-09-25,2024-07-06,EATING PLACE - MOBILE,No,399 COMMERCIAL ST,ROCKPORT,ME,4856,207-706-4146,REGULAR,"MORGAN, ROBERT",Knox,0.06756756757,44.1742743,-69.0799484
28075,WOODFIRED FOOD BUS,0,0,2019-07-26,2020-06-14,EATING PLACE - MOBILE,No,399 COMMERCIAL ST,ROCKPORT,ME,4856,207-706-4146,REGULAR,FLATBEARD COMPANY,Knox,0,44.1742743,-69.0799484
28075,WOODFIRED FOOD BUS,0,0,2022-09-23,2023-06-28,EATING PLACE - MOBILE,No,399 COMMERCIAL ST,ROCKPORT,ME,4856,207-706-4146,REGULAR,"MORGAN, ROBERT",Knox,0,44.1742743,-69.0799484
28074,BLOWIN SMOKE BBQ,0,0,2019-06-07,,,No,1290 CAPE RD,HOLLIS CENTER,ME,4042,207-710-8343,REGULAR,BLOWIN SMOKE BBQ,York,0,43.659359,-70.6772449
28073,"BLANCHARD, NICOLE",0,0,2019-05-13,,,No,297 S WATERBORO RD,LYMAN,ME,4002,207-205-2485,REGULAR,"BLANCHARD, NICOLE",York,0,43.51103,-70.6107167
28073,"BLANCHARD, NICOLE",0,0,2019-05-13,,,No,297 S WATERBORO RD,LYMAN,ME,4002,207-205-2485,REGULAR,"BLANCHARD, NICOLE",York,0,43.51103,-70.6107167
28072,CRITCHFIELD & COMPANY,0,0,2019-07-12,2019-07-14,EATING PLACE - TEMPORARY 1-4 DAYS,No,,CASCO,ME,4015,207-310-8108,REGULAR,"CRITCHFIELD, ROBERT",Cumberland,0,44.0060823,-70.5225313
28071,CHEESE LOUISE,2,5,2019-10-01,2020-06-04,EATING PLACE - MOBILE,No,,FRYEBURG,ME,4037,603-662-8230,REGULAR,J&B FOOD SERVICES LLC,Oxford,0.1486486486,44.0194995,-70.9940512
28071,CHEESE LOUISE,1,0,2021-10-06,2022-06-04,EATING PLACE - MOBILE,No,,FRYEBURG,ME,4037,603-662-8230,REGULAR,J&B FOOD SERVICES LLC,Oxford,0.04054054054,44.0194995,-70.9940512
28071,CHEESE LOUISE,0,0,2019-07-26,2020-06-04,EATING PLACE - MOBILE,No,,FRYEBURG,ME,4037,603-662-8230,REGULAR,J&B FOOD SERVICES LLC,Oxford,0,44.0194995,-70.9940512
28070,THREE OF STRONG SPIRITS,1,1,2020-01-02,2020-06-18,MUN - EATING PLACE,No,35 DIAMOND ST,PORTLAND,ME,4101,207-650-2008,REGULAR,COMFORTABLE WATERS LLC,Cumberland,0.05405405405,43.667146,-70.2573127
28070,THREE OF STRONG SPIRITS,1,0,2023-06-09,2024-06-18,MUN - EATING PLACE,No,35B DIAMOND ST,PORTLAND,ME,4101,207-650-2008,REGULAR,COMFORTABLE WATERS LLC,Cumberland,0.04054054054,43.6665303,-70.2575003
28070,THREE OF STRONG SPIRITS,0,1,2024-07-17,2025-06-18,MUN - EATING PLACE,No,35B DIAMOND ST,PORTLAND,ME,4101,207-650-2008,REGULAR,COMFORTABLE WATERS LLC,Cumberland,0.01351351351,43.6665303,-70.2575003
28070,THREE OF STRONG SPIRITS,0,1,2025-07-10,2026-06-18,MUN - EATING PLACE,No,35B DIAMOND ST,PORTLAND,ME,4101,207-650-2008,REGULAR,COMFORTABLE WATERS LLC,Cumberland,0.01351351351,43.6665303,-70.2575003
28070,THREE OF STRONG SPIRITS,0,0,2022-04-01,2022-06-18,MUN - EATING PLACE,No,35B DIAMOND ST,PORTLAND,ME,4101,207-650-2008,REGULAR,COMFORTABLE WATERS LLC,Cumberland,0,43.6665303,-70.2575003
28068,JUICY J'S LEMONADE & EATERY,0,2,2019-05-30,2019-06-02,EATING PLACE - TEMPORARY 1-4 DAYS,No,41 MULLEN RD,NEWPORT,ME,4953,203-819-2163,REGULAR,"CAMPBELL, JASON",Penobscot,0.02702702703,44.900817,-69.2471635
28068,JUICY J'S LEMONADE & EATERY,0,1,2019-06-05,,,No,41 MULLEN RD,NEWPORT,ME,4953,203-819-2163,REGULAR,"CAMPBELL, JASON",Penobscot,0.01351351351,44.900817,-69.2471635
28064,CONGDONS  DONUTS,0,0,2025-05-06,2026-01-02,EATING PLACE - MOBILE,No,1090 POST RD,WELLS,ME,4090,207-332-8336,REGULAR,CONGDON'S DOUGHNUTS,York,0,43.3063513,-70.5851723
28063,HID'N PINES RV RESORT,0,0,2021-09-07,2022-05-02,EATING PLACE TIER 1,No,8 CASCADE RD,OLD ORCHARD BEACH,ME,4064,207-934-2352,REGULAR,SUN TRS HID N PINES LLC,York,0,43.5265444,-70.3808715
28063,HID'N PINES RV RESORT,0,0,2019-05-01,,,No,8 CASCADE RD,OLD ORCHARD BEACH,ME,4064,207-934-2352,NEWOWNER,SUN TRS HID N PINES LLC,York,0,43.5265444,-70.3808715
28062,TJ'S DOG HOUSE AND MOBILE CATERING,3,3,2021-07-02,2022-05-30,EATING PLACE - MOBILE,No,82 TJ LANE,WARREN,ME,4864,207-691-0210,REGULAR,"HARRIHAM, T J",Knox,0.1621621622,44.1512078,-69.2005751
28061,"FORAN, JOHN",0,1,2019-05-07,,,No,31 OLD ORCHARD ST,OLD ORCHARD BEACH,ME,4064,207-937-6004,REGULAR,"FORAN, JOHN",York,0.01351351351,43.5165821,-70.3763106
28058,NGU NUTRITION,3,2,2019-07-17,2020-05-13,EATING PLACE TIER 1,No,241 MAIN ST,KINGFIELD,ME,4947,207-509-4255,REGULAR,"PINKHAM, JACOB",Franklin,0.1486486486,44.9585411,-70.1538529
28050,R & D  CRAZY CONES,0,0,2019-07-01,2019-08-13,EATING PLACE - TAKEOUT,No,121 SMITHFIELD RD,OAKLAND,ME,4963,207-509-4030,REGULAR,"DAVIS, DEBBIE",Kennebec,0,44.5642134,-69.7460037
28048,HEMONDS MOTO-X PARK,0,1,2023-05-18,2024-05-24,EATING PLACE TIER 1,No,695 WOODMAN RD,MINOT,ME,4258,207-346-6200,REGULAR,HEMONDS MOTO-X PARK LLC,Androscoggin,0.01351351351,44.1329982,-70.3421148
28046,LUKES LOBSTER,4,3,2023-07-19,2024-05-23,MUN - EATING PLACE,Yes,60 PORTLAND PIER,PORTLAND,ME,4101,646-559-4644,REGULAR,LUKES LOBSTER ME LLC,Cumberland,0.2027027027,43.6550434,-70.2495537
28046,LUKES LOBSTER,1,7,2023-04-11,2023-05-23,MUN - EATING PLACE,No,60 PORTLAND PIER,PORTLAND,ME,4101,646-559-4644,REGULAR,LUKES LOBSTER ME LLC,Cumberland,0.1351351351,43.6550434,-70.2495537
28046,LUKES LOBSTER,2,3,2023-12-28,2024-05-23,MUN - EATING PLACE,No,60 PORTLAND PIER,PORTLAND,ME,4101,646-559-4644,REGULAR,LUKES LOBSTER ME LLC,Cumberland,0.1216216216,43.6550434,-70.2495537
28046,LUKES LOBSTER,1,5,2024-12-03,2025-05-23,MUN - EATING PLACE,No,60 PORTLAND PIER,PORTLAND,ME,4101,646-559-4644,REGULAR,LUKES LOBSTER ME LLC,Cumberland,0.1081081081,43.6550434,-70.2495537
28046,LUKES LOBSTER,1,2,2022-02-02,2022-05-23,MUN - EATING PLACE,No,60 PORTLAND PIER,PORTLAND,ME,4101,646-559-4644,REGULAR,LUKES LOBSTER ME LLC,Cumberland,0.06756756757,43.6550434,-70.2495537
28046,LUKES LOBSTER,1,1,2020-01-24,2020-05-23,MUN - EATING PLACE,No,60 PORTLAND PIER,PORTLAND,ME,4101,646-559-4644,REGULAR,LUKES LOBSTER ME LLC,Cumberland,0.05405405405,43.6550434,-70.2495537
28046,LUKES LOBSTER,0,1,2019-07-25,2020-05-23,MUN - EATING PLACE,No,60 PORTLAND PIER,PORTLAND,ME,4101,646-559-4644,REGULAR,LUKES LOBSTER ME LLC,Cumberland,0.01351351351,43.6550434,-70.2495537
28046,LUKES LOBSTER,0,0,2019-05-20,,MUN - EATING PLACE,No,60 PORTLAND PIER,PORTLAND,ME,4101,646-559-4644,REGULAR,LUKES LOBSTER ME LLC,Cumberland,0,43.6550434,-70.2495537
28044,SOMEPLACE ELSE,1,1,2023-05-24,2024-05-14,EATING PLACE - MOBILE,No,24 W MAIN ST,MILO,ME,4463,207-943-9083,REGULAR,"SILVIA, AUTHUR",Piscataquis,0.05405405405,45.250686,-68.988383
28044,SOMEPLACE ELSE,0,0,2019-06-26,2020-05-14,EATING PLACE - MOBILE,No,24 W MAIN ST,MILO,ME,4463,207-943-9083,REGULAR,"SILVIA, AUTHUR",Piscataquis,0,45.250686,-68.988383
28041,GLIDDEN POINT FARM STORE,4,12,2023-09-27,2024-06-04,EATING PLACE TIER 2,Yes,637 RIVER RD,EDGECOMB,ME,4556,207-315-7066,REGULAR,GLIDDEN POINT FARM STORE INC,Lincoln,0.3243243243,43.9717721,-69.5753119
28041,GLIDDEN POINT FARM STORE,1,8,2024-06-26,2024-06-04,EATING PLACE TIER 2,No,637 RIVER RD,EDGECOMB,ME,4556,207-315-7066,REGULAR,GLIDDEN POINT FARM STORE INC,Lincoln,0.1486486486,43.9717721,-69.5753119
28041,GLIDDEN POINT FARM STORE,2,2,2023-10-02,2024-06-04,EATING PLACE TIER 2,No,637 RIVER RD,EDGECOMB,ME,4556,207-315-7066,FOLLOW_UP_FULL,GLIDDEN POINT FARM STORE INC,Lincoln,0.1081081081,43.9717721,-69.5753119
28041,GLIDDEN POINT FARM STORE,0,0,2024-07-24,2024-07-27,EATING PLACE TIER 3,No,637 RIVER RD,EDGECOMB,ME,4556,207-315-7066,REGULAR,GLIDDEN POINT FARM STORE INC,Lincoln,0,43.9717721,-69.5753119
28039,"BINETTE, KYLE",0,0,2019-05-08,,,No,6 SULLIVAN ST,BERWICK,ME,3901,207-602-8181,REGULAR,BINETTE KYLE,York,0,43.2662871,-70.8642223
28037,302 NUTRITION,0,1,2024-03-05,2024-05-03,EATING PLACE - TAKEOUT,No,1233 ROOSEVELT TRL,RAYMOND,ME,4071,207-233-6874,REGULAR,302 NUTRITION LLC,Cumberland,0.01351351351,43.8803146,-70.4651067
28037,302 NUTRITION,3,3,2022-05-03,2020-05-14,EATING PLACE TIER 1,No,1233 ROOSEVELT TRL,RAYMOND,ME,4071,207-689-5093,NEWOWNER,"GOLEBIEWSKI, SABRINA/JAMES, DUSTIN",Cumberland,0.1621621622,43.8803146,-70.4651067
28037,302 NUTRITION,1,1,2019-06-13,2020-05-14,EATING PLACE TIER 1,No,1233 ROOSEVELT TRL,RAYMOND,ME,4071,207-689-5093,REGULAR,PIKE STEPHAN & STEFANIE,Cumberland,0.05405405405,43.8803146,-70.4651067
28037,302 NUTRITION,0,2,2020-11-05,2020-12-29,EATING PLACE TIER 1,No,1233 ROOSEVELT TRL,RAYMOND,ME,4071,207-655-6165,NEWOWNER,"ROY, STEPHANIE & JAMES",Cumberland,0.02702702703,43.8803146,-70.4651067
28035,COFFEE MATTER,1,0,2019-06-18,2019-06-06,EATING PLACE - TAKEOUT,No,57 RODICK ST,BAR HARBOR,ME,4609,207-230-4735,REGULAR,MANIK AND MORE,Hancock,0.04054054054,44.388159,-68.2062955
28032,COFFEE LOVE,0,1,2019-07-24,2020-05-24,EATING PLACE - MOBILE,No,713 ATLANTIC RD,SWANS ISLAND,ME,4685,207-610-3138,REGULAR,ISLAND VERSE STORY LAB L3C,Hancock,0.01351351351,44.1630252,-68.3981936
28028,NUTMEG CONCESSIONS,0,0,2019-07-31,2020-04-19,EATING PLACE - MOBILE,No,,ROCKLAND,ME,4841,203-795-5241,REGULAR,P & S CONCESSIONS LLC,Knox,0,44.1048327,-69.1091823
28027,BILLS FAMOUS FRIES,0,1,2019-08-23,2019-08-25,EATING PLACE - TEMPORARY 1-4 DAYS,No,BASS PARK,BANGOR,ME,4841,207-390-0202,REGULAR,"BENNER, WILLIAM",Penobscot,0.01351351351,44.7884751,-68.77944
28026,"HUNT, ANGEL",0,0,2019-04-22,,,No,103 WATER ST,HALLOWELL,ME,4347,207-487-5612,REGULAR,"HUNT, ANGEL",Kennebec,0,44.2867598,-69.7902557
28021,FIONA,0,4,2019-04-25,,,No,84 CHURCH ST,BROWNVILLE,ME,4414,310-697-6975,REGULAR,"SUNZMACHINSKY, JINSHU",Piscataquis,0.05405405405,45.3107885,-69.0326836
28020,CARGO PIZZA COMPANY,3,1,2023-07-05,2024-05-28,EATING PLACE - MOBILE,No,EASTERN PROMENADE,PORTLAND,ME,4010,207-885-5781,REGULAR,"MIHOS, DIMITRIOS",Cumberland,0.1351351351,43.6698049,-70.2462095
28020,CARGO PIZZA COMPANY,2,1,2024-07-04,2025-05-28,EATING PLACE - MOBILE,No,EASTERN PROMENADE,PORTLAND,ME,4010,207-885-5781,REGULAR,"MIHOS, DIMITRIOS",Cumberland,0.09459459459,43.6698049,-70.2462095
28020,CARGO PIZZA COMPANY,1,1,2024-09-29,2025-05-28,EATING PLACE - MOBILE,No,EASTERN PROMENADE,PORTLAND,ME,4010,207-885-5781,REGULAR,"MIHOS, DIMITRIOS",Cumberland,0.05405405405,43.6698049,-70.2462095
28020,CARGO PIZZA COMPANY,0,0,2022-06-01,2023-05-28,EATING PLACE - MOBILE,No,201 US ROUTE 1,SCARBOROUGH,ME,4070,207-885-5781,REGULAR,"MIHOS, DIMITRIOS",Cumberland,0,43.5555407,-70.4036774
28019,OTHER SIDE DINER,3,4,2025-03-31,2025-04-18,MUN - EATING PLACE,No,500 WASHINGTON AVE,PORTLAND,ME,4103,207-772-0002,REGULAR,NJS PRODUCTIONS LLC,Cumberland,0.1756756757,43.6794459,-70.2578258
28019,OTHER SIDE DINER,3,3,2024-03-11,2024-04-18,MUN - EATING PLACE,No,500 WASHINGTON AVE,PORTLAND,ME,4103,207-772-0002,REGULAR,NJS PRODUCTIONS LLC,Cumberland,0.1621621622,43.6794459,-70.2578258
28019,OTHER SIDE DINER,2,4,2022-09-28,2023-04-18,MUN - EATING PLACE,No,500 WASHINGTON AVE,PORTLAND,ME,4103,207-772-0002,REGULAR,NJS PRODUCTIONS LLC,Cumberland,0.1351351351,43.6794459,-70.2578258
28019,OTHER SIDE DINER,1,4,2021-09-16,2022-04-18,MUN - EATING PLACE,No,500 WASHINGTON AVE,PORTLAND,ME,4103,207-772-0002,REGULAR,NJS PRODUCTIONS LLC,Cumberland,0.09459459459,43.6794459,-70.2578258
28019,OTHER SIDE DINER,1,3,2019-11-20,2020-04-18,MUN - EATING PLACE,No,500 WASHINGTON AVE,PORTLAND,ME,4103,207-772-0002,REGULAR,NJS PRODUCTIONS LLC,Cumberland,0.08108108108,43.6794459,-70.2578258
28019,OTHER SIDE DINER,1,0,2023-03-20,2023-04-18,MUN - EATING PLACE,No,500 WASHINGTON AVE,PORTLAND,ME,4103,207-772-0002,REGULAR,NJS PRODUCTIONS LLC,Cumberland,0.04054054054,43.6794459,-70.2578258
28019,OTHER SIDE DINER,0,2,2019-05-09,2020-04-18,MUN - EATING PLACE,No,500 WASHINGTON AVE,PORTLAND,ME,4103,207-772-0002,REGULAR,NJS PRODUCTIONS LLC,Cumberland,0.02702702703,43.6794459,-70.2578258
28019,OTHER SIDE DINER,0,0,2019-04-16,2020-04-18,MUN - EATING PLACE,No,500 WASHINGTON AVE,PORTLAND,ME,4103,207-772-0002,NEWOWNER,NJS PRODUCTIONS LLC,Cumberland,0,43.6794459,-70.2578258
28017,LOONEY SNAK SHAK,0,0,2019-05-08,2020-04-26,EATING PLACE - MOBILE,No,35 RIDGE SCHOOL RD,LIBERTY,ME,4949,856-207-7306,REGULAR,LOON EY SNAK SHAK LLC,Waldo,0,44.372518,-69.35294
28015,SIDE STREET CAFE,2,0,2019-06-18,2019-06-06,EATING PLACE TIER 3,No,51 RODICK ST,BAR HARBOR,ME,4609,207-801-2591,REGULAR,SIDE STREET CAFE INC,Hancock,0.08108108108,44.3882065,-68.2063895
28015,SIDE STREET CAFE,0,3,2019-05-07,,EATING PLACE TIER 3,No,51 RODICK ST,BAR HARBOR,ME,4609,207-801-2591,NEWOWNER,SIDE STREET CAFE INC,Hancock,0.04054054054,44.3882065,-68.2063895
28015,SIDE STREET CAFE,0,1,2024-06-20,2024-06-04,EATING PLACE TIER 3,No,51 RODICK ST,BAR HARBOR,ME,4609,207-801-2591,REGULAR,SIDE STREET CAFE INC,Hancock,0.01351351351,44.3882065,-68.2063895
28014,"BENNER,  BONNIE",0,0,2019-05-03,,,No,85 MERRYMEETING RD,BRUNSWICK,ME,4011,207-751-3384,REGULAR,"BENNER, BONNIE",Cumberland,0,43.9180182,-69.9543492
28013,"BENNER, BONNIE",1,0,2019-05-03,,,No,85 MERRYMEETING RD,BRUNSWICK,ME,4011,207-751-3384,REGULAR,"BENNER, BONNIE",Cumberland,0.04054054054,43.9180182,-69.9543492
28012,TWO MAINE GUYS 2,0,0,2019-05-24,,EATING PLACE - MOBILE,No,469 TABER HILL RD,VASSALBORO,ME,4989,207-350-5231,REGULAR,"LEMAR, DEVAN",Kennebec,0,44.466494,-69.646981
28008,THE WOODSHED FOOD TRUCK,0,2,2024-05-18,2025-05-24,EATING PLACE - MOBILE,No,911 WESTERN AVE,MANCHESTER,ME,4345,207-480-1066,REGULAR,THE WOODSHED LLC,Kennebec,0.02702702703,44.3245713,-69.8612332
28007,BOWDIN;S ICE CREAM,1,5,2023-03-16,2023-04-24,EATING PLACE TIER 2,No,199 AIRPORT RD,SANFORD,ME,4079,857-214-1563,REGULAR,PILOTS COVE CAFE LLC,York,0.1081081081,43.4011668,-70.7105291
28004,SHERRY'S KITCHEN,0,0,2021-06-04,2021-05-03,CATERING,No,59 WEST MAIN ST,VINALHAVEN,ME,4863,207-475-6812,NEWOWNER,SHERRY KITCHEN,Knox,0,44.0457952,-68.8372273
28003,"STAPLES, MARISSA",0,0,2019-05-08,,,No,6 SULLIVAN ST,BERWICK,ME,3901,207-468-0569,REGULAR,"STAPLES, MARRISA",York,0,43.2662871,-70.8642223
27998,JUNCTION DOGZZ,0,1,2019-04-17,,,No,12 LEWIS ST,GREENVILLE,ME,4441,207-279-1272,REGULAR,"LUDDEN, PATRICIA A",Piscataquis,0.01351351351,45.458726,-69.6031875
27997,WAYSIDE,1,2,2022-08-15,2023-05-27,MUN - EATING PLACE,No,747 CONGRESS ST,PORTLAND,ME,4101,315-491-0899,REGULAR,GENERAL GARDENS LLC;  MOSCA LLC,Cumberland,0.06756756757,43.6535166,-70.2705295
27997,WAYSIDE,1,2,2025-05-29,2025-05-27,MUN - EATING PLACE,No,747 CONGRESS ST,PORTLAND,ME,4101,315-491-0899,REGULAR,GENERAL GARDENS LLC;  MOSCA LLC,Cumberland,0.06756756757,43.6535166,-70.2705295
27997,WAYSIDE,1,1,2024-03-22,2024-05-27,MUN - EATING PLACE,No,747 CONGRESS ST,PORTLAND,ME,4101,315-491-0899,REGULAR,GENERAL GARDENS LLC;  MOSCA LLC,Cumberland,0.05405405405,43.6535166,-70.2705295
27997,FLOODS,0,0,2019-08-28,2020-05-23,MUN - EATING PLACE,No,747 CONGRESS ST,PORTLAND,ME,4101,781-864-2923,REGULAR,GENERAL GARDENS LLC,Cumberland,0,43.6535166,-70.2705295
27995,WANDERLUST JUICERY LLC,0,2,2019-08-27,2020-06-25,EATING PLACE TIER 1,No,2 MECHANIC ST,FREEPORT,ME,4032,207-837-7082,REGULAR,WANDERLUST JUICERY LLC,Cumberland,0.02702702703,43.8576737,-70.1021678
27995,WANDERLUST JUICERY,0,1,2022-05-12,2022-06-25,EATING PLACE TIER 1,No,2 MECHANIC ST,FREEPORT,ME,4032,207-869-5806,NEWOWNER,WANDERLUST JUICERY LLC,Cumberland,0.01351351351,43.8576737,-70.1021678
27995,WANDERLUST JUICERY,0,1,2025-03-26,2025-05-13,EATING PLACE TIER 1,No,2 MECHANIC ST,FREEPORT,ME,4032,207-869-5806,REGULAR,WANDERLUST JUICERY LLC,Cumberland,0.01351351351,43.8576737,-70.1021678
27988,"O'CONNOR, CLARENCE J",0,0,2019-04-08,,,No,582 US ROUTE 1,SCARBOROUGH,ME,4074,207-523-9657,REGULAR,"O'CONNOR, CLARENCE J",Cumberland,0,43.5555407,-70.4036774
27986,SKAL,0,1,2024-05-24,2025-05-08,EATING PLACE TIER 2,No,6 BODWELL LN,VINALHAVEN,ME,4863,207-863-2200,REGULAR,SKAL LLC,Knox,0.01351351351,44.0477745,-68.8337156
27986,SKAL,0,0,2019-05-22,2019-06-07,EATING PLACE TIER 2,No,6 BODWELL LN,VINALHAVEN,ME,4863,207-863-2200,REGULAR,SKAL LLC,Knox,0,44.0477745,-68.8337156
27984,"DODGE, GRANT",2,0,2019-04-25,,,No,3 OSSIPEE TRL EAST,STANDISH,ME,4084,207-310-8358,REGULAR,"DODGE, GRANT",Cumberland,0.08108108108,43.7313782,-70.5426105
27983,FALAFEL MAFIA II,0,1,2019-06-01,2020-04-01,EATING PLACE - MOBILE,No,72 PARRIS ST,PORTLAND,ME,4101,207-468-1043,REGULAR,FALAFEL MAFIA INC,Cumberland,0.01351351351,43.658959,-70.2653576
27983,FALAFEL MAFIA II,0,0,2019-03-29,,EATING PLACE - MOBILE,No,72 PARRIS ST,PORTLAND,ME,4101,207-468-1043,NEWOWNER,FALAFEL MAFIA INC,Cumberland,0,43.658959,-70.2653576
27983,FALAFEL MAFIA II,0,0,2019-09-30,2020-04-01,EATING PLACE - MOBILE,No,72 PARRIS ST,PORTLAND,ME,4101,207-468-1043,REGULAR,FALAFEL MAFIA INC,Cumberland,0,43.658959,-70.2653576
27981,THE SKOLFIELD,0,0,2021-10-27,2022-04-25,MUN - BED AND BREAKFAST,No,132 CHADWICK ST,PORTLAND,ME,4102,207-522-0917,REGULAR,THE SKOLFIELD LLC,Cumberland,0,43.6514482,-70.2747531
27981,THE SKOLFIELD,0,0,2023-01-12,2023-04-25,MUN - BED AND BREAKFAST,No,132 CHADWICK ST,PORTLAND,ME,4102,207-522-0917,REGULAR,THE SKOLFIELD LLC,Cumberland,0,43.6514482,-70.2747531
27981,THE SKOLFIELD,0,0,2024-02-06,2024-04-25,MUN - BED AND BREAKFAST,No,132 CHADWICK ST,PORTLAND,ME,4102,207-522-0917,REGULAR,THE SKOLFIELD LLC,Cumberland,0,43.6514482,-70.2747531
27981,THE SKOLFIELD,0,0,2025-02-27,2025-04-25,MUN - BED AND BREAKFAST,No,132 CHADWICK ST,PORTLAND,ME,4102,207-522-0917,REGULAR,THE SKOLFIELD LLC,Cumberland,0,43.6514482,-70.2747531
27980,FRED'S FRIED DOUGH,0,0,2019-07-04,2020-04-18,MUN - EATING PLACE - MOBILE,No,17 DOW ST,PORTLAND,ME,4102,845-707-9007,REGULAR,FREDS FRIED DOUGH LLC,Cumberland,0,43.6523273,-70.2689062
27980,FRED'S FRIED DOUGH,1,2,2023-07-13,2024-04-18,EATING PLACE - MOBILE,No,27 PEAVEY AVE,WINDHAM,ME,4062,845-707-9007,REGULAR,FREDS FRIED DOUGH LLC,Cumberland,0.06756756757,43.8219558,-70.4318683
27980,FRED'S FRIED DOUGH #1,0,0,2025-07-26,2025-04-18,EATING PLACE - MOBILE,No,27 PEAVEY AVE,WINDHAM,ME,4062,845-707-9007,REGULAR,FREDS FRIED DOUGH LLC,Cumberland,0,43.8219558,-70.4318683
27977,TEA & TARTS,0,0,2019-05-24,2020-04-17,EATING PLACE TIER 1,No,20 STATE ST,BANGOR,ME,4401,207-922-2896,REGULAR,TEA & TARTS LLC,Penobscot,0,44.8022632,-68.7696998
27975,SHIRETOWN BLAST FROM THE PAST,1,3,2019-07-18,2020-05-15,EATING PLACE TIER 1,No,66 MAIN ST,HOULTON,ME,4730,207-254-2104,REGULAR,"GANEM, BARBARA",Aroostook,0.08108108108,46.1257501,-67.8389393
27974,PORTAGE TAP HOUSE,2,0,2019-05-28,2019-07-01,EATING PLACE TIER 3,No,74 CARRY RD,OQUOSSOC,ME,4970,253-686-4847,REGULAR,PORTAGE TAP HOUSE INC,Franklin,0.08108108108,44.9658376,-70.7729331
27974,PORTAGE TAP HOUSE,0,0,2022-06-29,2023-05-02,EATING PLACE TIER 3,No,74 CARRY RD,OQUOSSOC,ME,4970,207-864-9404,NEWOWNER,PORTAGE TAP HOUSE INC,Franklin,0,44.9658376,-70.7729331
27971,"TALBERT, CORY",0,0,2019-03-22,,,No,50 EXCHANGE ST,PORTLAND,ME,4101,303-587-0479,REGULAR,"TALBERTM, CORY",Cumberland,0,43.6572759,-70.2543987
27970,"LEE, RHONDA",0,0,2019-03-20,,,No,251 MAIN ST,YARMOUTH,ME,4096,207-939-1684,REGULAR,"LEE, RHONDA",Cumberland,0,43.80189,-70.1884639
27968,ME LON TO GO,3,7,2019-06-21,2019-07-29,EATING PLACE TIER 2,No,220 MAIN ST,WATERVILLE,ME,4901,207-872-9146,REGULAR,"BENISSAN, MESSAN J",Kennebec,0.2162162162,44.5542247,-69.6318805
27968,ME LON TO GO,2,5,2019-08-02,2019-09-27,EATING PLACE TIER 2,No,220 MAIN ST,WATERVILLE,ME,4901,207-872-9146,FOLLOW_UP_FULL,"BENISSAN, MESSAN J",Kennebec,0.1486486486,44.5542247,-69.6318805
27968,ME LON TOGO,0,3,2019-11-22,2019-11-26,EATING PLACE TIER 2,No,220 MAIN ST,WATERVILLE,ME,4901,207-872-9146,REGULAR,"BENISSAN, MESSAN J",Kennebec,0.04054054054,44.5542247,-69.6318805
27963,TWO TEXANS MOBILE FOOD SERVICE,0,0,2021-05-25,2022-05-02,MUN - EATING PLACE - MOBILE,No,41 WAINWRIGHT CIR E,SOUTH PORTLAND,ME,4106,713-876-8234,REGULAR,"SCRUGGS, KRYSTAL",Cumberland,0,43.6371074,-70.315386
27962,EL GRAND RODEO II,2,0,2021-10-06,2022-04-11,EATING PLACE - MOBILE,No,147 WESTERN AVE,SOUTH PORTLAND,ME,4106,207-773-8851,REGULAR,EL GRAND RODEO,Cumberland,0.08108108108,43.6356685,-70.319515
27962,EL GRAND RODEO II,0,0,2019-07-04,2020-04-11,EATING PLACE - MOBILE,No,147 WESTERN AVE,SOUTH PORTLAND,ME,4106,207-773-8851,REGULAR,EL GRAND RODEO,Cumberland,0,43.6356685,-70.319515
27961,GRILLIN BRAZILIAN,0,0,2019-04-05,,EATING PLACE - MOBILE,No,46 EVERGREEN DR,HERMON,ME,4401,207-745-8749,REGULAR,GRILLIN BRAZILIAN,Penobscot,0,44.8105035,-68.9483705
27960,RUSTIC TAPS AND CATERING,1,4,2019-09-30,2020-03-07,CATERING,No,25 ELM ST,GORHAM,ME,4038,207-205-1351,REGULAR,RUSTIC TAPS AND CATERING LLC,Cumberland,0.09459459459,43.6787776,-70.4397668
27960,RUSTIC TAPS AND CATERING,0,1,2021-10-05,2022-03-07,CATERING,No,25 ELM ST,GORHAM,ME,4038,207-205-1351,REGULAR,RUSTIC TAPS AND CATERING LLC,Cumberland,0.01351351351,43.6787776,-70.4397668
27960,RUSTIC TAPS AND CATERING,0,0,2019-05-20,2020-03-07,CATERING,No,25 ELM ST,GORHAM,ME,4038,207-205-1351,REGULAR,RUSTIC TAPS AND CATERING LLC,Cumberland,0,43.6787776,-70.4397668
27958,TACO CAT,1,2,2019-06-26,2020-04-23,EATING PLACE - MOBILE,No,230 STATE RD,KITTERY,ME,3904,207-200-1106,REGULAR,FOR ALL LLC,York,0.06756756757,43.1042234,-70.7428783
27935,STICKY SWEET,0,0,2021-07-08,2021-06-03,MUN - EATING PLACE,No,115 CUMBERLAND AVE,PORTLAND,ME,4101,480-680-1303,REGULAR,STICKY SWEET LLC,Cumberland,0,43.663909,-70.2519287
27935,STICKY SWEET,0,0,2022-07-19,2022-06-03,MUN - EATING PLACE,No,115 CUMBERLAND AVE,PORTLAND,ME,4101,480-680-1303,REGULAR,STICKY SWEET LLC,Cumberland,0,43.663909,-70.2519287
27935,STICKY SWEET,0,0,2024-06-26,2024-03-07,MUN - EATING PLACE,No,115 CUMBERLAND AVE,PORTLAND,ME,4101,781-801-8617,REGULAR,STICKY SWEET LLC,Cumberland,0,43.663909,-70.2519287
27933,EPIC VIBES NUTRITION,1,1,2020-09-03,2021-09-04,EATING PLACE - TAKEOUT,No,66 NORTH ST,HOULTON,ME,4730,207-214-0768,NEWOWNER,"GRIFFITH, ROSANNE",Aroostook,0.05405405405,46.1318763,-67.8404222
27933,EPIC VIBES NUTRITION,0,4,2023-04-04,2023-09-04,EATING PLACE - TAKEOUT,No,66 NORTH ST,HOULTON,ME,4730,207-214-0768,REGULAR,"GRIFFITH, ROSANNE",Aroostook,0.05405405405,46.1318763,-67.8404222
27933,EPIC VIBES NUTRITION,0,3,2024-08-22,2024-09-04,EATING PLACE - TAKEOUT,No,66 NORTH ST,HOULTON,ME,4730,207-214-0768,NEWOWNER,"GRIFFITH, ROSANNE",Aroostook,0.04054054054,46.1318763,-67.8404222
27933,MAINELY RUSTIQUE,2,1,2019-03-21,,EATING PLACE TIER 1,No,66 NORTH ST,HOULTON,ME,4730,207-234-2104,FOLLOW_UP_FULL,MAINELY RUSTIQUE,Aroostook,0.09459459459,46.1318763,-67.8404222
27933,EPIC VIBES NUTRITION,1,1,2020-09-03,2020-03-07,EATING PLACE TIER 1,No,66 NORTH ST,HOULTON,ME,4730,207-214-0768,NEWOWNER,"GRIFFITH, ROSANNE",Aroostook,0.05405405405,46.1318763,-67.8404222
27931,SACO RIVER THEATRE,0,0,2024-03-18,2024-03-18,,No,29 SALMON FALLS RD,BUXTON,ME,4093,207-929-6615,REGULAR,SACO RIVER THEATRE,York,0,43.6110198,-70.5502702
27927,"MELLOWS, JOSHUA",0,0,2019-02-28,,,No,365 FORE ST,PORTLAND,ME,4101,207-313-6472,REGULAR,,Kennebec,0,43.656724,-70.2528333
27924,DOMINOS PIZZA,1,2,2019-08-19,2020-03-18,MUN - EATING PLACE,No,1104 LISBON ST,LEWISTON,ME,4240,207-344-3400,REGULAR,HF ENTERPRISES INC,Androscoggin,0.06756756757,44.0796919,-70.1924182
27924,DOMINOS PIZZA,0,0,2022-08-15,2023-03-18,MUN - EATING PLACE,No,1104 LISBON ST,LEWISTON,ME,4240,207-344-3400,REGULAR,HF ENTERPRISES INC,Androscoggin,0,44.0796919,-70.1924182
27924,DOMINOS PIZZA,0,0,2024-08-23,2025-03-18,MUN - EATING PLACE,No,1104 LISBON ST,LEWISTON,ME,4240,207-344-3400,REGULAR,HF ENTERPRISES INC,Androscoggin,0,44.0796919,-70.1924182
27921,"REDDY, NICHOLAS",0,0,2019-02-27,,,No,3 GOLD ST,PORTLAND,ME,4101,207-518-3923,REGULAR,"REDDY, NICHOLAS",Cumberland,0,43.6569804,-70.2515305
27909,ELEVATE NUTRITION,0,3,2023-09-13,2024-02-13,EATING PLACE TIER 1,No,2355 AUBURN RD,TURNER,ME,4282,207-212-1734,REGULAR,ELEVATE NUTRITION LLC,Androscoggin,0.04054054054,44.2249093,-70.2500808
27909,ELEVATE NUTRITION,0,2,2025-02-07,2025-02-13,EATING PLACE TIER 1,No,2355 AUBURN RD,TURNER,ME,4282,207-740-7281,NEWOWNER,ELEVATE NUTRITION LLC,Androscoggin,0.02702702703,44.2249093,-70.2500808
27909,ELEVATE NUTRITION,0,3,2019-02-08,,,No,2355 AUBURN RD,TURNER,ME,4282,207-212-1734,NEWOWNER,ELEVATE NUTRITION LLC,Androscoggin,0.04054054054,44.2249093,-70.2500808
27907,CHEZ JJ,0,0,2019-03-12,,,No,70 SUMMER ST,KENNEBUNK,ME,4043,207-216-7635,REGULAR,"DODET, JEAN-JAQUES",York,0,43.3820733,-70.5245912
27905,AUTHENTIC AUCTIONS,0,4,2019-04-01,2020-02-13,EATING PLACE TIER 1,No,715 MAINE AVE,FARMINGDALE,ME,4344,207-931-6989,REGULAR,AUTHENTIC AUCTIONS LLC,Kennebec,0.05405405405,44.2665467,-69.7855635
27904,BRUNSWICK ELEMENTARY SCHOOL,1,3,2023-11-14,2024-09-27,EATING - SCHOOL,No,75 JORDAN AVE,BRUNSWICK,ME,4011,207-319-1906,REGULAR,BRUNSWICK SCHOOL DEPARTMENT,Cumberland,0.08108108108,43.9163311,-69.9545265
27904,BRUNSWICK ELEMENTARY SCHOOL,2,0,2022-01-26,2022-09-27,EATING - SCHOOL,No,75 JORDAN AVE,BRUNSWICK,ME,4011,207-319-1906,REGULAR,BRUNSWICK SCHOOL DEPARTMENT,Cumberland,0.08108108108,43.9163311,-69.9545265
27904,BRUNSWICK ELEMENTARY SCHOOL,0,0,2024-11-14,2025-09-27,EATING - SCHOOL,No,75 JORDAN AVE,BRUNSWICK,ME,4011,207-319-1906,REGULAR,BRUNSWICK SCHOOL DEPARTMENT,Cumberland,0,43.9163311,-69.9545265
27901,BOBS SEAFOOD,3,3,2019-06-27,2020-03-08,EATING PLACE TIER 3,No,901 ROOSEVELT TRAIL,WINDHAM,ME,4062,207-893-2882,REGULAR,MATH-COPPER LLC,Cumberland,0.1621621622,43.8485519,-70.4479999
27901,BOBS SEAFOOD,2,4,2024-03-13,2025-03-08,EATING PLACE TIER 3,No,901 ROOSEVELT TRAIL,WINDHAM,ME,4062,207-893-2882,REGULAR,MATH-COPPER LLC,Cumberland,0.1351351351,43.8485519,-70.4479999
27901,BOBS SEAFOOD,2,3,2022-01-14,2022-03-08,EATING PLACE TIER 3,No,901 ROOSEVELT TRAIL,WINDHAM,ME,4062,207-893-2882,REGULAR,MATH-COPPER LLC,Cumberland,0.1216216216,43.8485519,-70.4479999
27898,L-A NUTRITION,1,1,2024-01-31,2025-02-25,EATING PLACE TIER 1,No,250 CENTER ST,AUBURN,ME,4210,207-402-9716,REGULAR,L-A NUTRITION LLC,Androscoggin,0.05405405405,44.1118942,-70.2251781
27898,L-A NUTRITION,2,1,2019-04-04,2020-02-25,MUN - EATING PLACE,No,250 CENTER ST,AUBURN,ME,4210,207-402-9716,REGULAR,L-A NUTRITION LLC,Androscoggin,0.09459459459,44.1118942,-70.2251781
27890,BOGS BAKERY,1,3,2022-07-08,2023-03-05,MUN - EATING PLACE - MOBILE,No,40 ROBERTS ST,PORTLAND,ME,4102,207-808-2310,REGULAR,"FOLEY, KELLY",Cumberland,0.08108108108,43.6582598,-70.2811167
27890,BOGS BAKERY,0,2,2019-06-01,2020-03-05,MUN - EATING PLACE - MOBILE,No,40 ROBERTS ST,PORTLAND,ME,4102,207-808-2310,REGULAR,"FOLEY, KELLY",Cumberland,0.02702702703,43.6582598,-70.2811167
27888,IRA HONDA,1,0,2023-07-21,2024-05-16,EATING PLACE TIER 1,No,754 PORTLAND RD,SACO,ME,4072,207-282-0900,REGULAR,GP1 ME H INC,York,0.04054054054,43.5258202,-70.4283034
27888,PRIME MONNA,0,1,2019-01-22,,,No,754 PORTLAND RD,SACO,ME,4072,207-282-0900,REGULAR,SACO AUTO HOLDINGS HN LLC,York,0.01351351351,43.5258202,-70.4283034
27875,ALL SAINTS PARISH / ST JOHNS COMM CTR,0,1,2019-03-12,2019-09-27,EATING - SCHOOL,No,43 PLEASANT ST,BRUNSWICK,ME,4011,207-443-3423,REGULAR,ROMAN CATHOLIC BISHOP OF MAINE,Cumberland,0.01351351351,43.9131609,-69.9700883
27875,ALL SAINTS PARISH / ST JOHNS COMM CTR,0,0,2019-11-25,2020-09-27,EATING - SCHOOL,No,43 PLEASANT ST,BRUNSWICK,ME,4011,207-443-3423,REGULAR,ROMAN CATHOLIC BISHOP OF MAINE,Cumberland,0,43.9131609,-69.9700883
27875,ALL SAINTS PARISH / ST JOHNS COMM CTR,1,4,2024-11-14,2025-09-27,EATING - SCHOOL SATELLITE,No,43 PLEASANT ST,BRUNSWICK,ME,4011,207-443-3423,REGULAR,ROMAN CATHOLIC BISHOP OF MAINE,Cumberland,0.09459459459,43.9131609,-69.9700883
27875,ALL SAINTS PARISH / ST JOHNS COMM CTR,1,2,2024-04-29,2024-09-27,EATING - SCHOOL SATELLITE,No,43 PLEASANT ST,BRUNSWICK,ME,4011,207-443-3423,REGULAR,ROMAN CATHOLIC BISHOP OF MAINE,Cumberland,0.06756756757,43.9131609,-69.9700883
27875,ALL SAINTS PARISH / ST JOHNS COMM CTR,0,1,2022-05-17,2022-09-27,EATING - SCHOOL SATELLITE,No,43 PLEASANT ST,BRUNSWICK,ME,4011,207-443-3423,REGULAR,ROMAN CATHOLIC BISHOP OF MAINE,Cumberland,0.01351351351,43.9131609,-69.9700883
27873,HAMPTON INN & SUITES,0,0,2019-06-10,2020-03-13,EATING AND CATERING,No,275 ROUTE 1,KITTERY,ME,3904,207-439-0751,REGULAR,275 ROUTE 1 LLC,York,0,43.110153,-70.738427
27873,HAMPTON INN & SUITES,0,0,2019-06-10,2020-03-13,EATING AND CATERING,No,275 ROUTE 1,KITTERY,ME,3904,207-439-0751,REGULAR,275 ROUTE 1 LLC,York,0,43.110153,-70.738427
27873,HAMPTON INN KITTERY,0,4,2024-06-10,2025-03-13,EATING AND LODGING,No,275 ROUTE 1,KITTERY,ME,3904,207-439-0751,NEWOWNER,275 ROUTE 1 LLC,York,0.05405405405,43.110153,-70.738427
27873,HAMPTON INN KITTERY,0,0,2024-06-10,2025-03-13,EATING AND LODGING,No,275 ROUTE 1,KITTERY,ME,3904,207-439-0751,NEWOWNER,275 ROUTE 1 LLC,York,0,43.110153,-70.738427
27872,LUCY Q'S PLACE,0,0,2024-08-30,2025-05-24,EATING PLACE - MOBILE,No,366 COASTAL RD,BROOKSVILLE,ME,4617,207-214-8037,REGULAR,LUCY Q'S PLACE INC,Somerset,0,44.3427963,-68.7070077
27872,DEBS PLACE,0,1,2019-06-24,2020-05-22,EATING PLACE - MOBILE,No,1422 MAIN ST,PALMYRA,ME,4935,207-341-7944,REGULAR,"DYER, DEBORAH A",Somerset,0.01351351351,44.84123,-69.3081396
27867,ANDROSCOGGIN LEARNING & TRANSITION CTR,1,4,2024-12-16,2025-09-27,EATING - SCHOOL,No,227 POLAND RD,AUBURN,ME,4210,207-344-6226,REGULAR,BECKET FAMILY OF SERVICES,Androscoggin,0.09459459459,44.0787351,-70.2463936
27867,ANDROSCOGGIN LEARNING & TRANSITION CTR,0,1,2024-01-19,2024-09-27,EATING - SCHOOL,No,227 POLAND RD,AUBURN,ME,4210,207-344-6226,REGULAR,BECKET FAMILY OF SERVICES,Androscoggin,0.01351351351,44.0787351,-70.2463936
27867,ANDROSCOGGIN LEARNING & TRANSITION CTR,0,2,2022-12-21,2023-01-03,EATING PLACE - TAKEOUT,No,227 POLAND RD,AUBURN,ME,4210,207-344-6226,REGULAR,BECKET FAMILY OF SERVICES,Androscoggin,0.02702702703,44.0787351,-70.2463936
27867,ANDROSCOGGIN LEARNING AND TRANSITION CENTER,0,0,2019-03-05,2020-01-03,MUN - EATING PLACE,No,227 POLAND RD,AUBURN,ME,4210,207-344-6226,REGULAR,BECKET FAMILY OF SERVICES,Androscoggin,0,44.0787351,-70.2463936
27867,ANDROSCOGGIN LEARNING & TRANSITION CTR,0,0,2020-03-04,2021-01-03,MUN - EATING PLACE,No,227 POLAND RD,AUBURN,ME,4210,207-344-6226,REGULAR,BECKET FAMILY OF SERVICES,Androscoggin,0,44.0787351,-70.2463936
27864,CHESTERS FRIED CHICKEN,2,3,2019-02-06,2019-02-09,EATING PLACE TIER 1,No,749 CENTRAL ST,MILLINOCKET,ME,4462,207-447-0197,FOLLOW_UP_FULL,MAINE WOODS RESORTS LLC,Penobscot,0.1216216216,45.6576957,-68.6911132
27864,DUNKIN DONUTS,2,3,2024-04-01,2022-01-10,EATING PLACE TIER 1,No,749 CENTRAL ST,MILLINOCKET,ME,4462,860-747-6782,NEWOWNER,DREWCO LLC,Penobscot,0.1216216216,45.6576957,-68.6911132
27864,DUNKIN DONUTS,1,0,2024-06-06,2024-06-07,EATING PLACE TIER 1,No,749 CENTRAL ST,MILLINOCKET,ME,4462,860-747-6782,REGULAR,DREWCO LLC,Penobscot,0.04054054054,45.6576957,-68.6911132
27863,WORTH THE WAIT BBQ # 2,0,7,2019-09-30,2020-01-08,EATING PLACE - MOBILE,No,255 PORTLAND RD,BRIDGTON,ME,4029,207-205-7204,REGULAR,WORTH THE WAIT BBQ LLC,Cumberland,0.09459459459,44.0351972,-70.6996934
27861,Sophia,0,0,2022-07-07,,EATING PLACE - LIMITED MENU,No,84 MAIN ST,BELFAST,ME,4915,207-322-1366,NEWOWNER,PERENNIAL LLC,Hancock,0,44.4262386,-69.0064261
27861,DOS GATOS GASTRO PUB,0,0,2024-01-08,2024-07-07,EATING PLACE TIER 2,No,84 MAIN ST,BELFAST,ME,4915,207-691-5047,NEWOWNER,UNDER MAIN LLC,Hancock,0,44.4262386,-69.0064261
27860,DUNKIN DONUTS,1,3,2022-12-15,2023-01-22,EATING PLACE TIER 1,No,291 CARL BROGGI HWY,LEBANON,ME,4027,207-229-8600,REGULAR,ORACLE MANAGEMENT XVII INC,York,0.08108108108,43.4137958,-70.8674888
27860,DUNKIN DONUTS,0,2,2019-02-12,2020-01-22,EATING PLACE TIER 1,No,291 CARL BROGGI HWY,LEBANON,ME,4027,207-229-8600,REGULAR,ORACLE MANAGEMENT XVII INC,York,0.02702702703,43.4137958,-70.8674888
27860,DUNKIN DONUTS,0,2,2024-08-28,2025-01-22,EATING PLACE TIER 1,No,291 CARL BROGGI HWY,LEBANON,ME,4027,207-229-8600,REGULAR,ORACLE MANAGEMENT XVII INC,York,0.02702702703,43.4137958,-70.8674888
27859,MACS DELI & CATERING,2,1,2019-03-06,2020-01-04,EATING AND CATERING,No,27 E GRAND AVE,SCARBOROUGH,ME,4074,207-396-5356,REGULAR,KBC 14 LLC,Cumberland,0.09459459459,43.5402854,-70.347218
27852,ELLSWORTH SOFT SERVE,0,1,2023-01-04,2023-12-21,EATING PLACE TIER 3,No,265 HIGH ST,ELLSWORTH,ME,4605,207-385-6465,REGULAR,ELLSWORTH SOFT SERVE LP,Hancock,0.01351351351,44.5304653,-68.4064415
27848,QUINNS BARDEGA,4,5,2021-11-23,2022-02-05,MUN - EATING PLACE,Yes,79 MELLEN ST,PORTLAND,ME,4101,207-650-8784,REGULAR,QUINNS BARDEGA LLC,Cumberland,0.2297297297,43.6558737,-70.2703487
27848,QUINNS BARDEGA,3,7,2022-09-13,2023-02-05,MUN - EATING PLACE,No,79 MELLEN ST,PORTLAND,ME,4101,207-650-6932,REGULAR,QUINNS BARDEGA LLC,Cumberland,0.2162162162,43.6558737,-70.2703487
27848,QUINNS BARDEGA,3,5,2023-06-07,2024-02-05,MUN - EATING PLACE,No,79 MELLEN ST,PORTLAND,ME,4101,207-650-6932,REGULAR,QUINNS BARDEGA LLC,Cumberland,0.1891891892,43.6558737,-70.2703487
27848,QUINNS BARDEGA,1,7,2022-04-01,2023-02-05,MUN - EATING PLACE,No,79 MELLEN ST,PORTLAND,ME,4101,207-650-6932,REGULAR,QUINNS BARDEGA LLC,Cumberland,0.1351351351,43.6558737,-70.2703487
27848,QUINNS BARDEGA,1,7,2023-02-21,2023-02-05,MUN - EATING PLACE,No,79 MELLEN ST,PORTLAND,ME,4101,207-650-6932,REGULAR,QUINNS BARDEGA LLC,Cumberland,0.1351351351,43.6558737,-70.2703487
27842,SIPS 2.0,1,3,2022-04-07,2022-12-28,EATING AND CATERING,No,17 CLARK POINT RD,SOUTHWEST HARBOR,ME,4679,207-956-0361,REGULAR,JNS WORCESTER SIPS 2.0,Hancock,0.08108108108,44.279944,-68.3249556
27842,SIPS 2.0,0,1,2019-02-05,2019-01-27,EATING AND CATERING,No,17 CLARK POINT RD,SOUTHWEST HARBOR,ME,4679,207-244-4550,REGULAR,JNS WORCESTER SIPS 2.0,Hancock,0.01351351351,44.279944,-68.3249556
27842,SIPS 2.0,0,1,2019-04-02,2019-03-28,EATING AND CATERING,No,17 CLARK POINT RD,SOUTHWEST HARBOR,ME,4679,207-244-4550,REGULAR,JNS WORCESTER SIPS 2.0,Hancock,0.01351351351,44.279944,-68.3249556
27817,MAINE SEAWEED KTICHEN,0,0,2018-11-30,,MUN - EATING PLACE - MOBILE,No,18 SPRING ST,BELFAST,ME,4915,207-546-2875,REGULAR,MAINE SEAWEED LLC,Waldo,0,44.4261995,-69.0042934
27816,WINTHROP DONUTS,1,3,2019-03-13,2019-12-28,EATING PLACE TIER 1,No,377 MAIN ST,WINTHROP,ME,4364,978--687-7387,REGULAR,WINTHROP DONUTS LLC,Kennebec,0.08108108108,44.3070955,-69.9600424
27816,WINTHROP DONUTS,0,3,2024-11-01,2024-12-28,EATING PLACE TIER 1,No,377 MAIN ST,WINTHROP,ME,4364,978-682-2382,REGULAR,WINTHROP DONUTS LLC,Kennebec,0.04054054054,44.3070955,-69.9600424
27816,WINTHROP DONUTS,0,1,2022-01-04,2021-12-28,EATING PLACE TIER 1,No,377 MAIN ST,WINTHROP,ME,4364,978-682-2382,REGULAR,WINTHROP DONUTS LLC,Kennebec,0.01351351351,44.3070955,-69.9600424
27815,DUCKFAT BEER GARDEN,3,4,2021-09-30,2022-01-16,MUN - EATING PLACE,No,43 WASHINGTON AVE,PORTLAND,ME,4101,207-712-6654,REGULAR,FRITZ AND FRITES LLC,Cumberland,0.1756756757,43.664786,-70.2516312
27815,DUCKFAT BEER GARDEN,3,2,2020-02-14,2021-01-16,MUN - EATING PLACE,No,43 WASHINGTON AVE,PORTLAND,ME,4101,207-774-808,REGULAR,FRITZ AND FRITES LLC,Cumberland,0.1486486486,43.664786,-70.2516312
27815,DUCKFAT FRY SHACK,2,0,2019-08-13,2020-01-16,MUN - EATING PLACE,No,43 WASHINGTON AVE,PORTLAND,ME,4101,207-774-808,REGULAR,FRITZ AND FRITES LLC,Cumberland,0.08108108108,43.664786,-70.2516312
27815,DUCKFAT BEER GARDEN,1,0,2023-05-18,2024-01-16,MUN - EATING PLACE,No,43 WASHINGTON AVE,PORTLAND,ME,4101,207-712-6654,REGULAR,FRITZ AND FRITES LLC,Cumberland,0.04054054054,43.664786,-70.2516312
27815,DUCKFAT BEER GARDEN,0,2,2019-01-23,2020-01-16,MUN - EATING PLACE,No,43 WASHINGTON AVE,PORTLAND,ME,4101,207-774-808,REGULAR,FRITZ AND FRITES LLC,Cumberland,0.02702702703,43.664786,-70.2516312
27815,DUCKFAT 1,0,1,2024-04-11,2025-01-16,MUN - EATING PLACE,No,43 WASHINGTON AVE,PORTLAND,ME,4101,207-712-6654,NEWOWNER,DUCKFAT LLC,Cumberland,0.01351351351,43.664786,-70.2516312
27815,DUCKFAT BEER GARDEN,0,0,2022-05-05,2023-01-16,MUN - EATING PLACE,No,43 WASHINGTON AVE,PORTLAND,ME,4101,207-712-6654,REGULAR,FRITZ AND FRITES LLC,Cumberland,0,43.664786,-70.2516312
27815,DUCKFAT 1,6,2,2024-07-17,2025-04-16,MUN - EATING PLACE TAKEOUT,Yes,43 WASHINGTON AVE,PORTLAND,ME,4101,207-413-6136,REGULAR,DUCKFAT LLC,Cumberland,0.2702702703,43.664786,-70.2516312
27815,DUCKFAT 1,4,2,2025-01-29,2025-04-16,MUN - EATING PLACE TAKEOUT,Yes,43 WASHINGTON AVE,PORTLAND,ME,4101,207-413-6136,REGULAR,DUCKFAT LLC,Cumberland,0.1891891892,43.664786,-70.2516312
27815,DUCKFAT 1,3,0,2025-07-14,2026-04-16,MUN - EATING PLACE TAKEOUT,No,43 WASHINGTON AVE,PORTLAND,ME,4101,207-413-6136,REGULAR,DUCKFAT LLC,Cumberland,0.1216216216,43.664786,-70.2516312
27813,JEFFS JAMAICAN CUISINE,1,0,2019-01-31,2019-12-11,EATING PLACE - TAKEOUT,No,20 BOW ST,FREEPORT,ME,4032,212-518-7263,REGULAR,"BAILEY, JEFFERYTON",Cumberland,0.04054054054,43.8566934,-70.1019294
27811,SALTY BOYZ,3,5,2025-06-12,2026-03-28,EATING PLACE - MOBILE,No,POPHAM BEACH,PHIPPSBURG,ME,4554,207-975-8522,REGULAR,"BUSTEED, WARREN & UNGUREANU, FLORIN",Sagadahoc,0.1891891892,43.7475157,-69.7887338
27808,SIDE BY EACH BREWING CO,1,0,2024-01-23,2024-03-29,EATING PLACE TIER 3,No,1110 MINOT AVE,AUBURN,ME,4210,207-689-3030,REGULAR,SXE LLC,Androscoggin,0.04054054054,44.0802939,-70.2767672
27808,POUTINE FACTORY,0,0,2019-04-05,2020-01-03,MUN - EATING PLACE TAKEOUT,No,1110 MINOT AVE,AUBURN,ME,4210,207-415-8997,REGULAR,PINKY D'S,Androscoggin,0,44.0802939,-70.2767672
27804,SACCARAPPA SCHOOL,2,3,2024-10-29,2025-09-27,EATING - SCHOOL,No,110 HUNTRESS AVE,WESTBROOK,ME,4092,207-854-0847,REGULAR,WESTBROOK SCHOOL DISTRICT,Cumberland,0.1216216216,43.6719571,-70.3778082
27804,SACCARAPPA SCHOOL,0,0,2019-02-14,2019-09-27,EATING - SCHOOL,No,110 HUNTRESS AVE,WESTBROOK,ME,4092,207-854-0847,REGULAR,WESTBROOK SCHOOL DISTRICT,Cumberland,0,43.6719571,-70.3778082
27804,SACCARAPPA SCHOOL,0,0,2020-01-23,2020-09-27,EATING - SCHOOL,No,110 HUNTRESS AVE,WESTBROOK,ME,4092,207-854-0847,REGULAR,WESTBROOK SCHOOL DISTRICT,Cumberland,0,43.6719571,-70.3778082
27804,SACCARAPPA SCHOOL,0,0,2022-05-27,2022-09-27,EATING - SCHOOL,No,110 HUNTRESS AVE,WESTBROOK,ME,4092,207-854-0847,REGULAR,WESTBROOK SCHOOL DISTRICT,Cumberland,0,43.6719571,-70.3778082
27804,SACCARAPPA SCHOOL,0,0,2022-11-22,2023-09-27,EATING - SCHOOL,No,110 HUNTRESS AVE,WESTBROOK,ME,4092,207-854-0847,REGULAR,WESTBROOK SCHOOL DISTRICT,Cumberland,0,43.6719571,-70.3778082
27804,SACCARAPPA SCHOOL,0,0,2023-12-06,2024-09-27,EATING - SCHOOL,No,110 HUNTRESS AVE,WESTBROOK,ME,4092,207-854-0847,REGULAR,WESTBROOK SCHOOL DISTRICT,Cumberland,0,43.6719571,-70.3778082
27797,AUSTIN STREET BREWERY,1,0,2021-09-08,2022-05-14,MUN - EATING PLACE,No,109 FOX ST,PORTLAND,ME,4103,207-837-4376,REGULAR,AUSTIN STREET BREWERY LLC,Cumberland,0.04054054054,43.6653456,-70.2574859
27797,AUSTIN STREET BREWERY,1,0,2023-09-15,2024-05-14,MUN - EATING PLACE,No,109 FOX ST,PORTLAND,ME,4103,207-837-4376,REGULAR,AUSTIN STREET BREWERY LLC,Cumberland,0.04054054054,43.6653456,-70.2574859
27797,AUSTIN STREET BREWERY,0,0,2019-10-21,2020-05-14,MUN - EATING PLACE,No,109 FOX ST,PORTLAND,ME,4103,207-200-1994,REGULAR,AUSTIN STREET BREWERY LLC,Cumberland,0,43.6653456,-70.2574859
27797,AUSTIN STREET BREWERY,0,0,2022-09-20,2023-05-14,MUN - EATING PLACE,No,109 FOX ST,PORTLAND,ME,4103,207-837-4376,REGULAR,AUSTIN STREET BREWERY LLC,Cumberland,0,43.6653456,-70.2574859
27783,LAUNCHPAD,0,0,2020-12-21,2021-11-02,EATING PLACE - LIMITED MENU,No,189/193 EXCHANGE ST,BANGOR,ME,4401,207-370-9197,REGULAR,LANCHPAD,Penobscot,0,44.8010757,-68.7686132
27775,THE TURTLE RESTAURANT & BAR,1,2,2019-03-22,2018-11-25,EATING PLACE TIER 3,No,186 HIGH ST,ELLSWORTH,ME,4605,207-659-1693,REGULAR,MOFO LLC,Hancock,0.06756756757,44.5352767,-68.4106972
27766,TOWAWDA;S KITCHEN LLC,1,2,2018-09-29,2018-09-29,EATING PLACE - TEMPORARY 1-4 DAYS,No,,CASCO,ME,4015,207-647-2755,REGULAR,TOWAWDAS KITCHEN LLC,Lincoln,0.06756756757,44.0060823,-70.5225313
27754,MORE & CO,0,1,2019-02-13,2019-12-04,EATING PLACE TIER 1,No,106 LAFAYETTE ST,YARMOUTH,ME,4096,207-747-4730,REGULAR,MORE & CO LLC,Cumberland,0.01351351351,43.7954645,-70.1757621
27754,MORE & CO,0,0,2019-02-01,2019-12-04,EATING PLACE TIER 1,No,106 LAFAYETTE ST,YARMOUTH,ME,4096,207-747-4730,REGULAR,MORE & CO LLC,Cumberland,0,43.7954645,-70.1757621
27737,COOKS LANDING BAR & GRILL CO,3,4,2025-07-02,2025-09-26,EATING PLACE TIER 1,No,623 BOOTHBAY RD,EDGECOMB,ME,4556,207-882-8300,REGULAR,COOKS LANDING BAR & GRILL CO,Lincoln,0.1756756757,43.963596,-69.6297267
27737,COOKS LANDING BAR & GRILL CO,1,1,2019-03-05,2019-09-26,EATING PLACE TIER 1,No,623 BOOTHBAY RD,EDGECOMB,ME,4556,207-882-8300,REGULAR,COOKS LANDING BAR & GRILL CO,Lincoln,0.05405405405,43.963596,-69.6297267
27737,COOKS LANDING BAR & GRILL CO,0,0,2018-09-26,,EATING PLACE TIER 1,No,623 BOOTHBAY RD,EDGECOMB,ME,4556,207-882-8300,REGULAR,COOKS LANDING BAR & GRILL CO,Lincoln,0,43.963596,-69.6297267
27735,THE PATIO @ 1578,2,2,2025-05-23,2024-09-26,CATERING,No,1578 STATE ROUTE 129,SOUTH BRISTOL,ME,4568,207-380-6661,REGULAR,1578 LLC,Lincoln,0.1081081081,43.8968556,-69.5594182
27735,THE PATIO @ 1578,0,0,2018-09-26,,CATERING,No,1578 STATE ROUTE 129,SOUTH BRISTOL,ME,4568,207-644-8477,REGULAR,1578 LLC,Lincoln,0,43.8968556,-69.5594182
27733,ODD DUCK FSE INC,1,1,2019-02-27,2019-12-18,EATING AND CATERING,No,11 PLEASANT ST,BRUNSWICK,ME,4011,207-406-4695,REGULAR,ODD DUCK FSE INC,Cumberland,0.05405405405,43.9139706,-69.9663257
27733,THE GREAT IMPASTA,2,6,2025-04-14,2026-03-06,EATING PLACE TIER 3,No,11 PLEASANT ST,BRUNSWICK,ME,4011,207-729-5858,REGULAR,ORRC LLC,Cumberland,0.1621621622,43.9139706,-69.9663257
27726,48 WAKE N SHAKE,0,1,2018-09-07,2018-09-08,EATING PLACE - TEMPORARY 1-4 DAYS,No,BASS PARK,BANGOR,ME,4401,207-974-9311,REGULAR,"OVERLOOK, LISA",Penobscot,0.01351351351,44.7884751,-68.77944
27716,MAINE OYSTER COMPANY,3,3,2019-12-05,2020-10-02,MUN - EATING AND CATERING,No,38 PORTLAND ST,PORTLAND,ME,4101,207-650-5383,REGULAR,MOC RAW BAR LLC,Cumberland,0.1621621622,43.6581533,-70.2629467
27716,MAINE OYSTER COMPANY,3,3,2022-08-16,2022-10-02,MUN - EATING AND CATERING,No,38 PORTLAND ST,PORTLAND,ME,4101,207-650-5383,REGULAR,MOC RAW BAR LLC,Cumberland,0.1621621622,43.6581533,-70.2629467
27716,MAINE OYSTER COMPANY,2,1,2024-08-14,2024-10-02,MUN - EATING AND CATERING,No,38 PORTLAND ST,PORTLAND,ME,4101,207-650-5383,REGULAR,MOC RAW BAR LLC,Cumberland,0.09459459459,43.6581533,-70.2629467
27716,MAINE OYSTER COMPANY,1,2,2024-02-09,2023-10-02,MUN - EATING AND CATERING,No,38 PORTLAND ST,PORTLAND,ME,4101,207-650-5383,REGULAR,MOC RAW BAR LLC,Cumberland,0.06756756757,43.6581533,-70.2629467
27716,MAINE OYSTER COMPANY,3,0,2019-01-16,2019-10-02,MUN - EATING PLACE,No,38 PORTLAND ST,PORTLAND,ME,4101,207-650-5383,REGULAR,MOC RAW BAR LLC,Cumberland,0.1216216216,43.6581533,-70.2629467
27714,JAMAICAN VYBZ,0,0,2018-08-24,2018-08-26,EATING PLACE - TEMPORARY 5-14 DAYS,No,,BANGOR,ME,4401,207-973-1998,REGULAR,JAMAICAN VIBZ LLC,Penobscot,0,44.8016255,-68.7713289
27707,CAROLINA RIB KING,0,2,2018-09-07,2018-09-08,EATING PLACE - TEMPORARY 1-4 DAYS,No,BASS PARK,BANGOR,ME,4240,864-356-5050,REGULAR,CAROLINA RIB KING LLC,Penobscot,0.02702702703,44.7884751,-68.77944
27699,A LA MEXICANA,3,8,2019-02-12,2019-10-05,EATING PLACE TIER 3,No,127 ROOSEVELT TRL,RAYMOND,ME,4071,207-655-9290,REGULAR,JALISCO LLC,Cumberland,0.2297297297,43.8819087,-70.4655266
27699,A LA MEXICANA,2,6,2022-12-07,2023-10-05,EATING PLACE TIER 3,No,127 ROOSEVELT TRL,RAYMOND,ME,4071,207-655-9290,REGULAR,JALISCO LLC,Cumberland,0.1621621622,43.8819087,-70.4655266
27699,A LA MEXICANA,1,5,2024-07-30,2023-10-25,EATING PLACE TIER 3,No,127 ROOSEVELT TRL,RAYMOND,ME,4071,207-655-9290,REGULAR,JALISCO LLC,Cumberland,0.1081081081,43.8819087,-70.4655266
27692,NEW ASIAN TASTE,9,18,2021-10-18,2022-04-16,EATING PLACE TIER 3,Yes,1041 MAIN ST,WATERBORO,ME,4070,207-294-1168,REGULAR,NEW ASIAN TASTE LLC,Oxford,0.6081081081,43.529117,-70.7199445
27692,NEW ASIAN TASTE,7,13,2022-06-13,2023-04-16,EATING PLACE TIER 3,Yes,1041 MAIN ST,WATERBORO,ME,4070,207-294-1168,FOLLOW_UP_FULL,NEW ASIAN TASTE LLC,Oxford,0.4594594595,43.529117,-70.7199445
27692,NEW ASIAN TASTE,6,14,2019-06-12,2020-04-16,EATING PLACE TIER 3,Yes,1041 MAIN ST,WATERBORO,ME,4070,207-294-1168,REGULAR,NEW ASIAN TASTE LLC,Oxford,0.4324324324,43.529117,-70.7199445
27692,NEW ASIAN TASTE,5,8,2022-05-04,2023-04-16,EATING PLACE TIER 3,Yes,1041 MAIN ST,WATERBORO,ME,4070,207-294-1168,REGULAR,NEW ASIAN TASTE LLC,Oxford,0.3108108108,43.529117,-70.7199445
27692,NEW ASIAN TASTE,4,7,2022-06-27,2023-04-16,EATING PLACE TIER 3,Yes,1041 MAIN ST,WATERBORO,ME,4070,207-294-1168,FOLLOW_UP_FULL,NEW ASIAN TASTE LLC,Oxford,0.2567567568,43.529117,-70.7199445
27692,NEW ASIAN TASTE,4,5,2022-08-18,2023-04-16,EATING PLACE TIER 3,Yes,1041 MAIN ST,WATERBORO,ME,4070,207-294-1168,REGULAR,NEW ASIAN TASTE LLC,Oxford,0.2297297297,43.529117,-70.7199445
27692,NEW ASIAN TASTE,3,6,2021-11-08,2022-04-16,EATING PLACE TIER 3,No,1041 MAIN ST,WATERBORO,ME,4070,207-294-1168,FOLLOW_UP_FULL,NEW ASIAN TASTE LLC,Oxford,0.2027027027,43.529117,-70.7199445
27692,NEW ASIAN TASTE,3,5,2023-01-30,2023-04-16,EATING PLACE TIER 3,No,1041 MAIN ST,WATERBORO,ME,4070,207-294-1168,REGULAR,NEW ASIAN TASTE LLC,Oxford,0.1891891892,43.529117,-70.7199445
27692,NEW ASIAN TASTE,1,6,2023-03-09,2024-04-16,EATING PLACE TIER 3,No,1041 MAIN ST,WATERBORO,ME,4070,207-294-1168,REGULAR,NEW ASIAN TASTE LLC,Oxford,0.1216216216,43.529117,-70.7199445
27692,NEW ASIAN TASTE,2,2,2022-09-26,2023-04-16,EATING PLACE TIER 3,No,1041 MAIN ST,WATERBORO,ME,4070,207-294-1168,REGULAR,NEW ASIAN TASTE LLC,Oxford,0.1081081081,43.529117,-70.7199445
27692,NEW ASIAN TASTE,1,5,2019-07-08,2020-04-16,EATING PLACE TIER 3,No,1041 MAIN ST,WATERBORO,ME,4070,207-294-1168,FOLLOW_UP_FULL,NEW ASIAN TASTE LLC,Oxford,0.1081081081,43.529117,-70.7199445
27692,NEW ASIAN TASTE,1,5,2022-11-10,2023-04-16,EATING PLACE TIER 3,No,1041 MAIN ST,WATERBORO,ME,4070,207-294-1168,REGULAR,NEW ASIAN TASTE LLC,Oxford,0.1081081081,43.529117,-70.7199445
27692,NEW ASIAN TASTE,1,3,2023-05-15,2024-04-16,EATING PLACE TIER 3,No,1041 MAIN ST,WATERBORO,ME,4070,207-294-1168,REGULAR,NEW ASIAN TASTE LLC,Oxford,0.08108108108,43.529117,-70.7199445
27692,NEW ASIAN TASTE,1,3,2024-03-18,2024-04-16,EATING PLACE TIER 3,No,1041 MAIN ST,WATERBORO,ME,4070,207-294-1168,REGULAR,NEW ASIAN TASTE LLC,Oxford,0.08108108108,43.529117,-70.7199445
27692,NEW ASIAN TASTE,1,2,2023-12-05,2024-04-16,EATING PLACE TIER 3,No,1041 MAIN ST,WATERBORO,ME,4070,207-294-1168,REGULAR,NEW ASIAN TASTE LLC,Oxford,0.06756756757,43.529117,-70.7199445
27692,NEW ASIAN TASTE,1,1,2022-08-15,2023-04-16,EATING PLACE TIER 3,No,1041 MAIN ST,WATERBORO,ME,4070,207-294-1168,REGULAR,NEW ASIAN TASTE LLC,Oxford,0.05405405405,43.529117,-70.7199445
27692,NEW ASIAN TASTE,0,2,2024-01-25,2024-04-16,EATING PLACE TIER 3,No,1041 MAIN ST,WATERBORO,ME,4070,207-294-1168,REGULAR,NEW ASIAN TASTE LLC,Oxford,0.02702702703,43.529117,-70.7199445
27692,NEW ASIAN TASTE,0,1,2024-04-24,2025-04-16,EATING PLACE TIER 3,No,1041 MAIN ST,WATERBORO,ME,4070,207-294-1168,REGULAR,NEW ASIAN TASTE LLC,Oxford,0.01351351351,43.529117,-70.7199445
27692,NEW ASIAN TASTE,0,1,2024-10-10,2025-04-16,EATING PLACE TIER 3,No,1041 MAIN ST,WATERBORO,ME,4070,207-294-1168,REGULAR,NEW ASIAN TASTE LLC,Oxford,0.01351351351,43.529117,-70.7199445
27692,NEW ASIAN TASTE,0,0,2024-07-29,2025-04-16,EATING PLACE TIER 3,No,1041 MAIN ST,WATERBORO,ME,4070,207-294-1168,REGULAR,NEW ASIAN TASTE LLC,Oxford,0,43.529117,-70.7199445
27689,DUNKIN DONUTS,0,4,2022-11-22,2023-03-01,EATING PLACE TIER 1,No,6 LINCOLN ST,BETHEL,ME,4217,978-263-6200,NEWOWNER,"DMCP AUBURN, LLC",Oxford,0.05405405405,44.4115346,-70.7939353
27689,DUNKIN DONUTS,0,2,2018-12-04,2019-10-11,EATING PLACE TIER 1,No,6 LINCOLN ST,BETHEL,ME,4217,207-824-2199,REGULAR,CAL MAL COFFEE COMPANY LLC,Oxford,0.02702702703,44.4115346,-70.7939353
27689,DUNKIN DONUTS,0,1,2024-11-25,2025-03-01,EATING PLACE TIER 1,No,6 LINCOLN ST,BETHEL,ME,4217,978-263-6200,REGULAR,"DMCP AUBURN, LLC",Oxford,0.01351351351,44.4115346,-70.7939353
27688,SPENCERS ICE CREAM,0,0,2024-06-26,2024-09-10,EATING PLACE TIER 2,No,77 MAIN ST,BRADLEY,ME,4411,207-248-2593,REGULAR,BLACK BEAR LLC,Penobscot,0,44.9192721,-68.6290951
27686,THE PUBLIC WORKS,0,0,2019-09-23,2019-09-14,MUN - EATING PLACE,No,52 ALDER ST,PORTLAND,ME,4101,207-210-3401,REGULAR,PUBLIC WORKS LLC,Cumberland,0,43.6593908,-70.263345
27686,THE PUBLIC WORKS,0,0,2021-10-19,2022-09-14,MUN - EATING PLACE,No,52 ALDER ST,PORTLAND,ME,4101,207-210-3401,REGULAR,PUBLIC WORKS LLC,Cumberland,0,43.6593908,-70.263345
27686,THE PUBLIC WORKS,0,0,2022-12-22,2022-09-14,MUN - EATING PLACE,No,52 ALDER ST,PORTLAND,ME,4101,207-210-3401,REGULAR,PUBLIC WORKS LLC,Cumberland,0,43.6593908,-70.263345
27686,THE PUBLIC WORKS,0,0,2023-12-05,2024-09-14,MUN - EATING PLACE,No,52 ALDER ST,PORTLAND,ME,4101,207-838-6310,REGULAR,PUBLIC WORKS LLC,Cumberland,0,43.6593908,-70.263345
27685,ASHTON GARDENS,1,3,2020-01-03,2020-11-30,MUN - EATING PLACE,No,830 OCEAN AVE,PORTLAND,ME,4103,360-213-1550,REGULAR,PORTLAND HRG RETIREMENT RESIDENT LLC,Cumberland,0.08108108108,43.6943931,-70.2636512
27685,ASHTON GARDENS,1,2,2019-07-12,2019-11-30,MUN - EATING PLACE,No,830 OCEAN AVE,PORTLAND,ME,4103,360-213-1550,REGULAR,PORTLAND HRG RETIREMENT RESIDENT LLC,Cumberland,0.06756756757,43.6943931,-70.2636512
27678,MACKS PLACE,1,1,2018-09-29,2018-09-29,EATING PLACE - TEMPORARY 1-4 DAYS,No,,CASCO,ME,4045,207-647-4611,REGULAR,MACKS PLACE LLC,Cumberland,0.05405405405,44.0060823,-70.5225313
27678,MACKS PLACE,1,1,2019-09-28,2019-09-28,EATING PLACE - TEMPORARY 1-4 DAYS,No,,CASCO,ME,4045,207-647-4611,REGULAR,MACKS PLACE LLC,Cumberland,0.05405405405,44.0060823,-70.5225313
27674,ABOVE & BEYOND CATERING,0,1,2023-02-03,2023-09-06,CATERING,No,49 SHAWS RIDGE RD,SANFORD,ME,4073,207-459-4351,REGULAR,ABOVE & BEYOND CATERING LLC,York,0.01351351351,43.4606264,-70.7657986
27674,ABOVE & BEYOND CATERING,0,0,2019-06-05,2019-09-06,CATERING,No,49 SHAWS RIDGE RD,SANFORD,ME,4073,207-459-4351,REGULAR,ABOVE & BEYOND CATERING LLC,York,0,43.4606264,-70.7657986
27673,THE MAINE MEAL,1,1,2024-03-29,2023-12-05,EATING - SCHOOL CATERING,No,4 MADISON AVE,SKOWHEGAN,ME,4976,207-431-1693,REGULAR,THE MAINE MEAL,Kennebec,0.05405405405,44.7650209,-69.719732
27673,THE MAINE MEAL,0,3,2023-05-17,2023-09-27,EATING - SCHOOL CATERING,No,4 MADISON AVE,SKOWHEGAN,ME,4976,207-431-1693,REGULAR,THE MAINE MEAL,Kennebec,0.04054054054,44.7650209,-69.719732
27673,THE MAINE MEAL,0,1,2018-09-26,2018-11-22,EATING - SCHOOL CATERING,No,4 MADISON AVE,SKOWHEGAN,ME,4976,207-779-4185,REGULAR,THE MAINE MEAL,Kennebec,0.01351351351,44.7650209,-69.719732
27673,THE MAINE MEAL,0,0,2020-03-13,2020-09-27,EATING - SCHOOL CATERING,No,4 MADISON AVE,SKOWHEGAN,ME,4976,207-779-4185,REGULAR,THE MAINE MEAL,Kennebec,0,44.7650209,-69.719732
27666,MOUNTAIN TOP CATERING,0,0,2020-01-15,2020-09-17,CATERING,No,21 SILVER ST,SKOWHEGAN,ME,4976,860-949-4807,REGULAR,MOUNTAIN TOP CATERING,Somerset,0,44.7744086,-69.7259053
27664,ASH POINT COMMUNITY SCHOOL,1,1,2024-05-14,2024-09-27,EATING - SCHOOL,No,24 ASH POINT DR,OWLS HEAD,ME,4854,207-596-2001,REGULAR,RSU #13,Knox,0.05405405405,44.0756496,-69.1010568
27664,ASH POINT COMMUNITY SCHOOL,0,1,2018-11-19,2019-09-27,EATING - SCHOOL,No,24 ASH POINT DR,OWLS HEAD,ME,4854,207-594-2026,REGULAR,RSU #13,Knox,0.01351351351,44.0756496,-69.1010568
27664,ASH POINT COMMUNITY SCHOOL,0,1,2019-11-19,2020-09-27,EATING - SCHOOL,No,24 ASH POINT DR,OWLS HEAD,ME,4854,207-594-2026,REGULAR,RSU #13,Knox,0.01351351351,44.0756496,-69.1010568
27664,ASH POINT COMMUNITY SCHOOL,0,1,2021-04-29,2021-09-27,EATING - SCHOOL,No,24 ASH POINT DR,OWLS HEAD,ME,4854,207-594-2026,REGULAR,RSU #13,Knox,0.01351351351,44.0756496,-69.1010568
27664,ASH POINT COMMUNITY SCHOOL,0,0,2021-12-13,2022-09-27,EATING - SCHOOL,No,24 ASH POINT DR,OWLS HEAD,ME,4854,207-594-2026,REGULAR,RSU #13,Knox,0,44.0756496,-69.1010568
27664,ASH POINT COMMUNITY SCHOOL,0,0,2022-11-09,2023-09-27,EATING - SCHOOL,No,24 ASH POINT DR,OWLS HEAD,ME,4854,207-596-2001,REGULAR,RSU #13,Knox,0,44.0756496,-69.1010568
27651,JUDYS SNACK WAGON,1,2,2019-08-23,2019-08-15,EATING PLACE - MOBILE,No,103 NORTH ST,CHERRYFIELD,ME,4622,207-546-7780,REGULAR,"THOMPSON, LEON",Washington,0.06756756757,44.6056247,-67.9358653
27651,JUDYS SNACK WAGON,0,1,2022-07-08,2022-08-15,EATING PLACE - MOBILE,No,103 NORTH ST,CHERRYFIELD,ME,4622,207-546-7780,REGULAR,"THOMPSON, LEON",Washington,0.01351351351,44.6056247,-67.9358653
27648,CRUNCHY POKE,2,1,2024-09-16,2024-10-04,MUN - EATING PLACE,No,426 FORE ST,PORTLAND,ME,4101,207-523-0311,REGULAR,CRUNCHY POKE LLC,Cumberland,0.09459459459,43.6558852,-70.254145
27648,CRUNCHY POKE,1,2,2022-08-29,2022-10-04,MUN - EATING PLACE,No,426 FORE ST,PORTLAND,ME,4101,207-523-0311,REGULAR,CRUNCHY POKE LLC,Cumberland,0.06756756757,43.6558852,-70.254145
27648,CRUNCHY POKE,1,1,2023-09-13,2024-10-04,MUN - EATING PLACE,No,426 FORE ST,PORTLAND,ME,4101,207-523-0311,REGULAR,CRUNCHY POKE LLC,Cumberland,0.05405405405,43.6558852,-70.254145
27648,CRUNCHY POKE,0,2,2019-05-09,2019-10-04,MUN - EATING PLACE,No,426 FORE ST,PORTLAND,ME,4101,207-523-0311,REGULAR,CRUNCHY POKE LLC,Cumberland,0.02702702703,43.6558852,-70.254145
27648,CRUNCHY POKE,0,2,2019-10-25,2020-10-04,MUN - EATING PLACE,No,426 FORE ST,PORTLAND,ME,4101,207-523-0311,REGULAR,CRUNCHY POKE LLC,Cumberland,0.02702702703,43.6558852,-70.254145
27648,CRUNCHY POKE,0,2,2021-08-24,2021-10-04,MUN - EATING PLACE,No,426 FORE ST,PORTLAND,ME,4101,207-523-0311,REGULAR,CRUNCHY POKE LLC,Cumberland,0.02702702703,43.6558852,-70.254145
27648,CRUNCHY POKE,0,0,2018-11-01,2019-10-04,MUN - EATING PLACE,No,426 FORE ST,PORTLAND,ME,4101,207-523-0311,REGULAR,CRUNCHY POKE LLC,Cumberland,0,43.6558852,-70.254145
27647,207 BEER COMPANY,0,2,2019-05-01,2019-08-14,EATING PLACE TIER 2,No,71 B CENTER ST,BREWER,ME,4412,207-217-4271,REGULAR,207 BEER COMPANY LLC,Waldo,0.02702702703,44.7972019,-68.7625715
27643,THE CARRIAGE HOUSE TAVERN & BISTRO,2,7,2023-03-23,2023-08-22,EATING PLACE TIER 2,No,1837 PROVINCE LAKE RD,PARSONSFIELD,ME,4047,207-793-9612,REGULAR,PROVINCE LAKE GOLF ENTERPRISES INC,York,0.1756756757,43.6927897,-70.9775326
27643,THE CARRIAGE HOUSE TAVERN & BISTRO,2,2,2019-07-18,2020-08-22,EATING PLACE TIER 2,No,1837 PROVINCE LAKE RD,PARSONSFIELD,ME,4047,207-793-9612,REGULAR,PROVINCE LAKE GOLF ENTERPRISES INC,York,0.1081081081,43.6927897,-70.9775326
27638,TOP DOG VENDING,0,0,2018-10-04,2019-10-04,EATING PLACE - MOBILE,No,117 MEADOWBROOK DR,WATERBORO,ME,4030,207-289-5436,REGULAR,TOP DOG VENDING LLC,York,0,43.6201399,-70.6752802
27636,FAVORITES OTB,1,7,2018-09-13,2018-09-13,EATING PLACE TIER 2,No,38 COLLEGE AVE,WATERVILLE,ME,4901,207-861-4343,REGULAR,PIONEER GAMING LLC,Kennebec,0.1351351351,44.5560048,-69.6298726
27636,FAVORITES OTB,0,5,2024-01-30,2024-09-13,EATING PLACE TIER 2,No,38 COLLEGE AVE,WATERVILLE,ME,4901,207-861-4343,REGULAR,PIONEER GAMING LLC,Kennebec,0.06756756757,44.5560048,-69.6298726
27636,FAVORITES OTB,0,4,2018-10-09,2018-09-13,EATING PLACE TIER 2,No,38 COLLEGE AVE,WATERVILLE,ME,4901,207-861-4343,FOLLOW_UP_FULL,PIONEER GAMING LLC,Kennebec,0.05405405405,44.5560048,-69.6298726
27634,SUGA SUGA,0,0,2019-06-01,2019-08-01,MUN - EATING PLACE - MOBILE,No,72 PARRIS ST,PORTLAND,ME,4101,781-267-9724,REGULAR,SUGA SUGA PORTLAND,Cumberland,0,43.658959,-70.2653576
27633,GOTT LUNCH,1,3,2024-08-30,2025-08-14,EATING PLACE - MOBILE,No,21 MILLRACE PT,PENOBSCOT,ME,4476,207-266-4934,REGULAR,GOTT LUNCH,Hancock,0.08108108108,44.3965155,-68.7042313
27632,ISUKEN CO-OP,2,6,2019-07-26,2020-06-21,EATING PLACE - MOBILE,No,996 SABATTUS ST,LEWISTON,ME,4240,207-370-9602,REGULAR,ISUKEN CO-OP,Androscoggin,0.1621621622,44.1020897,-70.1640476
27632,ISUKEN CO-OP,4,1,2019-06-14,2019-08-31,MUN - EATING PLACE - MOBILE,Yes,996 SABATTUS ST,LEWISTON,ME,4240,207-370-9602,REGULAR,ISUKEN CO-OP,Androscoggin,0.1756756757,44.1020897,-70.1640476
27619,SAIGON SEAFOOD RESTAURANT,1,4,2018-08-24,2018-08-26,EATING PLACE - TEMPORARY 1-4 DAYS,No,270 ADAMS ST,BANGOR,ME,4401,617-265-1008,REGULAR,T AND T CUISINE INC,Penobscot,0.09459459459,44.8036674,-68.7642781
27617,DUNKIN DONUTS,1,4,2024-06-06,2024-07-20,EATING PLACE TIER 1,No,926 WESTERN AVE,MANCHESTER,ME,4351,978-682-2382,REGULAR,MANCHESTER DONUTS LLC,Kennebec,0.09459459459,44.3240606,-69.8607815
27617,DUNKIN DONUTS,0,1,2019-03-13,2019-07-20,EATING PLACE TIER 1,No,926 WESTERN AVE,MANCHESTER,ME,4351,978-682-2382,REGULAR,MANCHESTER DONUTS LLC,Kennebec,0.01351351351,44.3240606,-69.8607815
27617,DUNKIN DONUTS,0,0,2021-12-01,2022-07-20,EATING PLACE TIER 1,No,926 WESTERN AVE,MANCHESTER,ME,4351,978-682-2382,REGULAR,MANCHESTER DONUTS LLC,Kennebec,0,44.3240606,-69.8607815
27610,HODGDON SEAFOOD,0,1,2019-07-18,2020-07-26,EATING PLACE TIER 1,No,1065 TREMONT RD,SEAL COVE,ME,4674,207-669-2343,REGULAR,HODGDON SEAFOOD,Hancock,0.01351351351,44.2627828,-68.3916966
27609,SECOND RODEO COFFEE,0,1,2025-02-04,2025-11-05,MUN - EATING PLACE,No,124 SAWYER ST,SOUTH PORTLAND,ME,4106,514-241-5375,REGULAR,BONJOUR/HI LLC,Cumberland,0.01351351351,43.6474208,-70.2405506
27609,KNITTING NOOK,0,0,2023-01-12,2023-09-04,MUN - EATING PLACE,No,124 SAWYER ST,SOUTH PORTLAND,ME,4106,207-767-5648,REGULAR,KNITTING NOOK LLC,Cumberland,0,43.6474208,-70.2405506
27605,CHINA EMPRESS,1,5,2025-04-07,2026-03-12,EATING PLACE TIER 1,No,357 MAIN ST,WINTHROP,ME,4364,207-377-6603,REGULAR,CHINA PARKWAY INC,Kennebec,0.1081081081,44.3068936,-69.9607161
27604,THE BAR AT EIGHT EXCHANGE,2,0,2019-01-14,2019-07-30,MUN - EATING PLACE,No,8 EXCHANGE ST,PORTLAND,ME,4101,207-653*3612,REGULAR,COSMO LCC,Cumberland,0.08108108108,43.6565485,-70.2535554
27604,THE BAR AT EIGHT EXCHANGE,1,0,2021-09-23,2021-07-30,MUN - EATING PLACE,No,8 EXCHANGE ST,PORTLAND,ME,4101,207-653-3612,REGULAR,COSMO LCC,Cumberland,0.04054054054,43.6565485,-70.2535554
27604,THE BAR AT EIGHT EXCHANGE,0,2,2022-10-06,2023-07-30,MUN - EATING PLACE,No,8 EXCHANGE ST,PORTLAND,ME,4101,207-209-9818,REGULAR,COSMO LCC,Cumberland,0.02702702703,43.6565485,-70.2535554
27604,THE BAR AT EIGHT EXCHANGE,0,1,2020-01-10,2020-07-30,MUN - EATING PLACE,No,8 EXCHANGE ST,PORTLAND,ME,4101,207-653*3612,REGULAR,COSMO LCC,Cumberland,0.01351351351,43.6565485,-70.2535554
27602,BAKER HOUSE BED AND BREAKFAST,1,0,2018-08-07,2018-07-16,BED AND BREAKFAST 5 ROOMS OR LESS,No,17 MEADOW ST,BINGHAM,ME,4920,207-779-6309,REGULAR,"POULIN, DAINE E",Somerset,0.04054054054,45.057825,-69.881143
27596,BOATHOUSE GRILL,0,3,2019-06-07,2020-07-30,EATING PLACE - MOBILE,No,202 LITTLE DEER ISLE RD,DEER ISLE,ME,4627,207-266-6419,REGULAR,LDI LOBSTER CO,Hancock,0.04054054054,44.2903462,-68.693519
27592,THE SQUEEZE II,0,0,2018-06-10,2018-06-10,MUN - EATING PLACE - TEMPORARY,No,OLD PORT,PORTLAND,ME,4101,207-233-8443,REGULAR,THE SQUEEZE,Cumberland,0,43.6558735,-70.2549859
27591,ROMANOS MACARONI GRILL,0,0,2018-06-10,2018-06-10,MUN - EATING PLACE - TEMPORARY,No,415 PHILBROOK AVE,SOUTH PORTLAND,ME,4106,,REGULAR,MAC ACQUISITION LLC,Cumberland,0,43.6342123,-70.3286924
27582,CLIFF ISLAND COMMUNITY CENTER,0,0,2019-01-23,2019-09-27,MUN - EATING - SCHOOL,No,11 SUNSET RD,CLIFF ISLAND,ME,4101,207-874-8231,REGULAR,PORTLAND PUBLIC SCHOOLS,Cumberland,0,43.6948569,-70.1088106
27582,CLIFF ISLAND COMMUNITY CENTER,0,0,2020-02-03,2020-09-27,MUN - EATING - SCHOOL,No,11 SUNSET RD,CLIFF ISLAND,ME,4101,207-874-8231,REGULAR,PORTLAND PUBLIC SCHOOLS,Cumberland,0,43.6948569,-70.1088106
27582,CLIFF ISLAND COMMUNITY CENTER,0,0,2022-02-16,2022-09-27,MUN - EATING - SCHOOL,No,11 SUNSET RD,CLIFF ISLAND,ME,4101,207-874-8231,REGULAR,PORTLAND PUBLIC SCHOOLS,Cumberland,0,43.6948569,-70.1088106
27582,CLIFF ISLAND COMMUNITY CENTER,0,0,2023-02-27,2023-09-27,MUN - EATING - SCHOOL,No,11 SUNSET RD,CLIFF ISLAND,ME,4101,207-874-8231,REGULAR,PORTLAND PUBLIC SCHOOLS,Cumberland,0,43.6948569,-70.1088106
27582,CLIFF ISLAND COMMUNITY CENTER,0,0,2024-01-18,2024-09-27,MUN - EATING - SCHOOL,No,11 SUNSET RD,CLIFF ISLAND,ME,4101,207-874-8231,REGULAR,PORTLAND PUBLIC SCHOOLS,Cumberland,0,43.6948569,-70.1088106
27582,CLIFF ISLAND COMMUNITY CENTER,0,0,2024-10-17,2024-09-27,MUN - EATING - SCHOOL SATELLITE,No,11 SUNSET RD,CLIFF ISLAND,ME,4101,207-874-8231,REGULAR,PORTLAND PUBLIC SCHOOLS,Cumberland,0,43.6948569,-70.1088106
27581,SEA SIDE CREPES,0,0,2018-07-06,,,No,1 EAST GRAND AVE,OLD ORCHARD BEACH,ME,4074,207-450-8181,NEWOWNER,GANGWAY PROPERTIES,York,0,43.5159718,-70.3738236
27578,WEASELS WICKED GOOD BBQ,6,11,2021-07-17,2021-08-23,EATING PLACE - MOBILE,Yes,399 S MAIN ST,CARIBOU,ME,4236,207-554-8451,REGULAR,"MICHAUD, TODD",Aroostook,0.3918918919,46.8698826,-68.012311
27578,WEASELS WICKED GOOD BBQ,3,3,2020-10-14,2021-08-23,EATING PLACE - MOBILE,No,399 S MAIN ST,CARIBOU,ME,4236,207-554-8451,REGULAR,"MICHAUD, TODD",Aroostook,0.1621621622,46.8698826,-68.012311
27578,WEASELS WICKED GOOD BBQ,1,1,2019-08-21,2019-07-09,EATING PLACE - MOBILE,No,399 S MAIN ST,CARIBOU,ME,4236,207-554-8451,NEWOWNER,"MICHAUD, TODD",Aroostook,0.05405405405,46.8698826,-68.012311
27577,ROBS BACKYARD BAR B Q,1,1,2019-07-03,2019-07-23,EATING PLACE - MOBILE,No,8 DEEKS ST,EASTPORT,ME,4631,207-214-9852,REGULAR,ROBS BACKYARD BAR B Q,Washington,0.05405405405,44.9289671,-67.0288907
27573,DRAGON FIRE PIZZA,3,2,2023-10-11,2023-10-12,EATING PLACE TIER 2,No,248 STATE ST,ELLSWORTH,ME,4605,207-667-3473,REGULAR,DABUTLER DID IT LLC,Hancock,0.1486486486,44.5515703,-68.4293385
27573,DRAGON FIRE,3,0,2018-07-02,2018-08-04,EATING PLACE TIER 2,No,248 STATE ST,ELLSWORTH,ME,4605,207-667-3473,REGULAR,LUHRS EMPIRE INC,Hancock,0.1216216216,44.5515703,-68.4293385
27573,DRAGON FIRE PIZZA,0,0,2021-10-12,,EATING PLACE TIER 2,No,248 STATE ST,ELLSWORTH,ME,4605,207-667-3473,NEWOWNER,DABUTLER DIDH LLC,Hancock,0,44.5515703,-68.4293385
27568,BRIAR PATCH LLC,0,1,2019-02-27,2019-09-14,EATING PLACE TIER 2,No,48 PEABODY RD,APPLETON,ME,4862,207-323-2030,REGULAR,BRIAR PATCH LLC,Knox,0.01351351351,44.2837102,-69.2434483
27568,FODA,0,0,2022-10-28,,EATING PLACE TIER 2,No,48 PEABODY RD,APPLETON,ME,4862,-2-07-323-2030,NEWOWNER,THE BEGGARLY GROUP LLC,Knox,0,44.2837102,-69.2434483
27566,DUNKIN DONUTS,2,1,2025-01-07,2025-11-13,EATING PLACE TIER 1,No,742 MAIN ST,WESTBROOK,ME,4092,207-856-6557,REGULAR,SATURN ASSOCIATES INC,Cumberland,0.09459459459,43.676503,-70.3609917
27566,DUNKIN DONUTS,0,1,2019-02-06,2019-11-13,EATING PLACE TIER 1,No,742 MAIN ST,WESTBROOK,ME,4092,207-856-6557,REGULAR,SATURN ASSOCIATES INC,Cumberland,0.01351351351,43.676503,-70.3609917
27566,DUNKIN DONUTS,0,1,2023-02-13,2023-11-13,EATING PLACE TIER 1,No,742 MAIN ST,WESTBROOK,ME,4092,207-856-6557,REGULAR,SATURN ASSOCIATES INC,Cumberland,0.01351351351,43.676503,-70.3609917
27562,GRAZI TO GO,2,2,2025-04-17,2025-12-14,EATING AND CATERING,No,26 VILLAGE ST,LISBON,ME,4250,207-212-6873,REGULAR,"RICHARD, MARY & ERIC",Androscoggin,0.1081081081,44.0298388,-70.1059464
27562,GRAZI TO GO,0,2,2023-02-03,2023-12-14,EATING AND CATERING,No,26 VILLAGE ST,LISBON,ME,4250,207-212-6873,REGULAR,"RICHARD, MARY & ERIC",Androscoggin,0.02702702703,44.0298388,-70.1059464
27562,GRAZI TO GO,2,1,2020-01-17,2020-12-14,EATING PLACE TIER 1,No,26 VILLAGE ST,LISBON,ME,4250,207-212-6873,REGULAR,"RICHARD, MARY & ERIC",Androscoggin,0.09459459459,44.0298388,-70.1059464
27561,DUE EAST TEA COMPANY,0,1,2018-08-01,2019-07-09,EATING PLACE - MOBILE,No,264 MEADOW ST,ROCKPORT,ME,4856,207-230-8487,REGULAR,DUE EAST TEA COMPANY LLC,Knox,0.01351351351,44.1889463,-69.1107744
27561,DUE EAST TEA COMPANY,0,1,2019-07-31,2020-07-09,EATING PLACE - MOBILE,No,264 MEADOW ST,ROCKPORT,ME,4856,207-230-8487,REGULAR,DUE EAST TEA COMPANY LLC,Knox,0.01351351351,44.1889463,-69.1107744
27560,TALK OF THE TOWN CAFE,2,5,2018-08-29,2018-09-27,EATING PLACE TIER 1,No,8 FLEMING ST,LINCOLN,ME,4457,207-403-0013,FOLLOW_UP_FULL,TALK OF THE TOWN CAFE,Penobscot,0.1486486486,45.363267,-68.5054615
27560,TALK OF THE TOWN CAFE,3,2,2019-06-13,2019-06-29,EATING PLACE TIER 1,No,8 FLEMING ST,LINCOLN,ME,4457,207-403-0013,REGULAR,TALK OF THE TOWN CAFE,Penobscot,0.1486486486,45.363267,-68.5054615
27560,TALK OF THE TOWN CAFE,1,6,2018-08-10,2018-09-27,EATING PLACE TIER 1,No,8 FLEMING ST,LINCOLN,ME,4457,207-403-0013,FOLLOW_UP_FULL,TALK OF THE TOWN CAFE,Penobscot,0.1216216216,45.363267,-68.5054615
27556,BAXTER BREW PUB,8,7,2023-05-11,2024-01-30,MUN - EATING PLACE,Yes,130 MILL ST,LEWISTON,ME,4240,207-440-7800,REGULAR,BAXTER BREW PUB LLC,Androscoggin,0.4189189189,44.0956668,-70.2196147
27556,BAXTER BREW PUB LLC,2,7,2019-02-21,2019-09-27,MUN - EATING PLACE,No,130 MILL ST,LEWISTON,ME,4240,207-333-6769,REGULAR,BAXTER BREW PUB LLC,Androscoggin,0.1756756757,44.0956668,-70.2196147
27556,BAXTER BREW PUB,2,2,2020-01-30,2020-09-27,MUN - EATING PLACE,No,130 MILL ST,LEWISTON,ME,4240,207-333-6769,NEWOWNER,BAXTER BREW PUB LLC,Androscoggin,0.1081081081,44.0956668,-70.2196147
27556,BAXTER BREW PUB,1,1,2023-05-24,2024-01-30,MUN - EATING PLACE,No,130 MILL ST,LEWISTON,ME,4240,207-440-7800,FOLLOW_UP_FULL,BAXTER BREW PUB LLC,Androscoggin,0.05405405405,44.0956668,-70.2196147
27554,GROSS CONFECTION BAR,2,0,2022-03-10,2022-12-21,MUN - EATING PLACE,No,57 EXCHANGE ST,PORTLAND,ME,4101,207-650-1763,REGULAR,SABLAGE LLC,Cumberland,0.08108108108,43.657662,-70.254251
27554,GROSS CONFECTION BAR,2,0,2023-03-22,2023-12-21,MUN - EATING PLACE,No,57 EXCHANGE ST,PORTLAND,ME,4101,207-650-1763,REGULAR,SABLAGE LLC,Cumberland,0.08108108108,43.657662,-70.254251
27554,GROSS CONFECTION BAR,2,0,2024-10-09,2024-12-21,MUN - EATING PLACE,No,57 EXCHANGE ST,PORTLAND,ME,4101,207-650-1763,REGULAR,SABLAGE LLC,Cumberland,0.08108108108,43.657662,-70.254251
27554,GROSS CONFECTION BAR,1,1,2020-01-03,2020-12-21,MUN - EATING PLACE,No,57 EXCHANGE ST,PORTLAND,ME,4101,207-650-1763,REGULAR,SABLAGE LLC,Cumberland,0.05405405405,43.657662,-70.254251
27554,GROSS CONFECTION BAR,1,0,2023-09-15,2023-12-21,MUN - EATING PLACE,No,57 EXCHANGE ST,PORTLAND,ME,4101,207-650-1763,REGULAR,SABLAGE LLC,Cumberland,0.04054054054,43.657662,-70.254251
27554,GROSS CONFECTION BAR,0,0,2019-01-23,2019-12-21,MUN - EATING PLACE,No,57 EXCHANGE ST,PORTLAND,ME,4101,207-650-1763,REGULAR,SABLAGE LLC,Cumberland,0,43.657662,-70.254251
27544,DOBRA TEA,0,0,2018-06-10,2018-06-10,MUN - EATING PLACE - TEMPORARY,No,OLD PORT,PORTLAND,ME,4101,207-956-0355,REGULAR,SAGEONAZAFU LLC,Cumberland,0,43.6558735,-70.2549859
27541,COMPASS GROUP USA INC @ ANTHEM,2,1,2019-03-08,2019-07-13,MUN - EATING PLACE,No,2 GANNETT DR,SOUTH PORTLAND,ME,4106,704-328-4373,REGULAR,COMPASS GROUP USA INC,Cumberland,0.09459459459,43.6337436,-70.3516739
27537,FOR THE LOVE OF FOOD AND DRINK,3,2,2022-11-02,2023-11-07,EATING AND CATERING,No,411 POST RD,WELLS,ME,40500,207-216-9927,REGULAR,CORK DISTRIBUTORS INC,York,0.1486486486,43.2845151,-70.5939539
27537,FOR THE LOVE OF FOOD AND DRINK / SALTWATER FARM,2,4,2025-05-27,2025-11-07,EATING AND CATERING,No,411 POST RD,WELLS,ME,40500,207-216-9927,REGULAR,CORK DISTRIBUTORS INC,York,0.1351351351,43.2845151,-70.5939539
27537,SALTWATER FARM,1,1,2019-05-09,2019-06-26,EATING PLACE TIER 2,No,411 POST RD,WELLS,ME,40500,207-360-0728,REGULAR,HOVEY INC 5/2003,York,0.05405405405,43.2845151,-70.5939539
27537,FOR THE LOVE OF FOOD AND DRINK,1,0,2022-02-01,2022-12-01,EATING PLACE TIER 2,No,411 POST RD,WELLS,ME,40500,207-216-9927,REGULAR,CORK DISTRIBUTORS INC,York,0.04054054054,43.2845151,-70.5939539
27536,SPLASH PAD SNACK BAR,1,1,2025-05-14,2023-06-26,EATING PLACE - TAKEOUT,No,36 RIVERSIDE DR,PRESQUE ISLE,ME,4769,207-231-1049,NEWOWNER,NORTHERN MAINE CATERING LLC,Aroostook,0.05405405405,46.6794612,-68.0201643
27536,RIVERSIDE SNACK SHACK,3,2,2019-07-24,2020-06-26,EATING PLACE TIER 1,No,36 RIVERSIDE DR,PRESQUE ISLE,ME,4769,207-764-2545,REGULAR,PRESQUE ISL REC & PARK,Aroostook,0.1486486486,46.6794612,-68.0201643
27532,ROOT JUICE,2,0,2019-07-26,2019-07-28,EATING PLACE - TEMPORARY 1-4 DAYS,No,OSSIPEE VALLEY FAIRGROUNDS,HIRAM,ME,4041,207-749-2353,REGULAR,ALPENDLOW FARM,Oxford,0.08108108108,43.8094014,-70.8532262
27532,ROOT JUICE,0,0,2023-08-04,2023-07-30,EATING PLACE - TEMPORARY 1-4 DAYS,No,OSSIPEE VALLEY FAIRGROUNDS,HIRAM,ME,4041,207-749-2353,REGULAR,ROOT JUICE LLC,Oxford,0,43.8094014,-70.8532262
27532,ROOT JUICE,2,0,2018-07-27,,EATING PLACE - TEMPORARY 5-14 DAYS,No,OSSIPEE VALLEY FAIRGROUNDS,HIRAM,ME,4041,207-749-2353,REGULAR,ALPENDLOW FARM,Oxford,0.08108108108,43.8094014,-70.8532262
27530,TRIPPS FARMHOUSE CAFE,3,5,2022-10-03,2023-06-22,EATING PLACE - MOBILE,No,945 CENTER ST,AUBURN,ME,4210,207-241-7461,REGULAR,"TRIPP, MARK",Androscoggin,0.1891891892,44.1344417,-70.224863
27530,TRIPPS FARMHOUSE CAFE,2,4,2023-01-17,2023-06-22,EATING PLACE - MOBILE,No,945 CENTER ST,AUBURN,ME,4210,207-241-7461,REGULAR,"TRIPP, MARK",Androscoggin,0.1351351351,44.1344417,-70.224863
27530,TRIPPS FARMHOUSE CAFE,0,3,2022-10-04,2023-06-22,EATING PLACE - MOBILE,No,945 CENTER ST,AUBURN,ME,4210,207-241-7461,FOLLOW_UP_FULL,"TRIPP, MARK",Androscoggin,0.04054054054,44.1344417,-70.224863
27530,TRIPPS FARMHOUSE CAFE,1,0,2021-10-04,2022-06-22,EATING PLACE - MOBILE,No,945 CENTER ST,AUBURN,ME,4210,207-241-7461,REGULAR,"TRIPP, MARK",Androscoggin,0.04054054054,44.1344417,-70.224863
27530,TRIPPS FARMHOUSE CAFE,0,1,2020-08-07,2021-06-22,EATING PLACE - MOBILE,No,945 CENTER ST,AUBURN,ME,4210,207-241-7461,REGULAR,"TRIPP, MARK",Androscoggin,0.01351351351,44.1344417,-70.224863
27530,TRIPPS FARMHOUSE CAFE,0,0,2023-08-10,2024-06-22,EATING PLACE - MOBILE,No,945 CENTER ST,AUBURN,ME,4210,207-357-5532,REGULAR,"TRIPP, MARK",Androscoggin,0,44.1344417,-70.224863
27527,FAIR GROUNDS,2,6,2018-10-18,2018-12-18,EATING PLACE TIER 1,No,7 PORTLAND ST,FRYEBURG,ME,4037,603-662-7744,REGULAR,TEN FIVE LLC,Oxford,0.1621621622,44.0085384,-70.948529
27526,FLATLANDERS BBQ,2,9,2021-05-27,2022-03-22,EATING AND CATERING,No,59 MAIN ST,PATTEN,ME,4765,207-528-1021,REGULAR,REP INC,Penobscot,0.2027027027,45.9992548,-68.4465569
27526,FLATLANDERS BBQ,0,5,2022-05-04,2021-11-23,EATING AND CATERING,No,59 MAIN ST,PATTEN,ME,4765,207-528-1021,REGULAR,Rep LLC,Penobscot,0.06756756757,45.9992548,-68.4465569
27526,FLATLANDERS BBQ,3,8,2019-08-30,2020-03-22,EATING PLACE TIER 1,No,59 MAIN ST,PATTEN,ME,4765,207-528-1021,REGULAR,REP INC,Penobscot,0.2297297297,45.9992548,-68.4465569
27526,FLATLANDERS BBQ,1,4,2019-03-20,2019-06-28,EATING PLACE TIER 2,No,59 MAIN ST,PATTEN,ME,4765,207-528-1021,REGULAR,AGRABELI,Penobscot,0.09459459459,45.9992548,-68.4465569
27519,CONGDONS DONUTS,0,0,2024-08-01,2025-06-20,EATING PLACE - MOBILE,No,1090 POST RD,WELLS,ME,4090,207-464-4219,REGULAR,CONGDONS DONUTS INC,York,0,43.3063513,-70.5851723
27506,COAST TO COAST CATERING MOBILE,1,2,2024-03-27,2023-06-15,EATING PLACE - MOBILE,No,835 SANFORD RD,WELLS,ME,4090,207-646-2087,REGULAR,COAST 2 COAST CATERERS INC,York,0.06756756757,43.3269179,-70.618238
27504,SPILLOVER INN @ STRATTON BROOK,0,0,2021-06-02,2021-09-12,CATERING,No,8 RANGELEY RD,STRATTON,ME,4982,207-246-6571,REGULAR,SPILLOVER LODGING INC,Franklin,0,45.1407595,-70.444968
27503,MISTER TWISTER THE PRETZEL GUY,0,0,2024-09-20,2025-07-02,EATING PLACE - MOBILE,No,326 FARNSWORTH RD,BROWNFIELD,ME,4010,207-256-2828,REGULAR,"COOKE, EDWIN",Oxford,0,43.9632549,-70.9484346
27503,MISTER TWISTER THE PRETZEL GUY,0,1,2018-10-01,2019-07-02,EATING PLACE - MOBILE,No,225 HALEYTOWN RD,FRYEBURG,ME,4037,207-256-2828,REGULAR,"COOKE, EDWIN",Oxford,0.01351351351,43.9896417,-70.9861543
27503,MISTER TWISTER THE PRETZEL GUY,0,0,2019-10-02,2020-07-02,EATING PLACE - MOBILE,No,225 HALEYTOWN RD,FRYEBURG,ME,4037,207-256-2828,REGULAR,"COOKE, EDWIN",Oxford,0,43.9896417,-70.9861543
27497,FORAGE MARKET,3,3,2019-01-03,2019-08-09,MUN - EATING PLACE,No,123 WASHINGTON AVE,PORTLAND,ME,4101,207-274-6800,REGULAR,FORAGE MARKET INC,Cumberland,0.1621621622,43.6674941,-70.2530204
27497,FORAGE MARKET,3,2,2019-08-13,2019-08-09,MUN - EATING PLACE,No,123 WASHINGTON AVE,PORTLAND,ME,4101,207-274-6800,REGULAR,FORAGE MARKET INC,Cumberland,0.1486486486,43.6674941,-70.2530204
27497,FORAGE MARKET,3,1,2024-01-10,2024-08-09,MUN - EATING PLACE,No,123 WASHINGTON AVE,PORTLAND,ME,4101,207-240-3956,REGULAR,FORAGE MARKET INC,Cumberland,0.1351351351,43.6674941,-70.2530204
27497,FORAGE MARKET,2,1,2022-03-03,2022-08-09,MUN - EATING PLACE,No,123 WASHINGTON AVE,PORTLAND,ME,4101,207-274-6800,REGULAR,FORAGE MARKET INC,Cumberland,0.09459459459,43.6674941,-70.2530204
27497,FORAGE MARKET,2,0,2020-02-14,2020-08-09,MUN - EATING PLACE,No,123 WASHINGTON AVE,PORTLAND,ME,4101,207-274-6800,REGULAR,FORAGE MARKET INC,Cumberland,0.08108108108,43.6674941,-70.2530204
27497,FORAGE MARKET,2,0,2025-02-06,2025-08-09,MUN - EATING PLACE,No,123 WASHINGTON AVE,PORTLAND,ME,4101,207-240-3956,REGULAR,FORAGE MARKET INC,Cumberland,0.08108108108,43.6674941,-70.2530204
27497,FORAGE MARKET,1,0,2023-01-11,2023-08-09,MUN - EATING PLACE,No,123 WASHINGTON AVE,PORTLAND,ME,4101,207-274-6800,REGULAR,FORAGE MARKET INC,Cumberland,0.04054054054,43.6674941,-70.2530204
27496,OLD TIME DONUTS,0,4,2025-05-14,2025-06-15,EATING PLACE TIER 1,No,748 MAIN ST,DAMARISCOTTA,ME,4543,207-615-1562,REGULAR,OLD TIME DONUTS LLC,Lincoln,0.05405405405,44.0532425,-69.5012272
27496,OLD TIME DONUTS,0,3,2019-01-16,2019-06-15,EATING PLACE TIER 1,No,748 MAIN ST,DAMARISCOTTA,ME,4543,207-615-1562,REGULAR,OLD TIME DONUTS LLC,Lincoln,0.04054054054,44.0532425,-69.5012272
27496,OLD TIME DONUTS,0,2,2022-11-01,2023-06-15,EATING PLACE TIER 1,No,748 MAIN ST,DAMARISCOTTA,ME,4543,207-615-1562,REGULAR,OLD TIME DONUTS LLC,Lincoln,0.02702702703,44.0532425,-69.5012272
27495,MCLOONS WHARF COMMISSARY,2,1,2024-09-13,2025-05-30,MUN - CATERING,No,10 A PORTLAND FISH PIER,PORTLAND,ME,4101,207-773-2829,REGULAR,MCLOONS WHARF LLC,Cumberland,0.09459459459,43.651937,-70.254965
27495,MCLOONS WHARF COMMISSARY,0,0,2018-10-30,2019-07-09,MUN - CATERING,No,10 A PORTLAND FISH PIER,PORTLAND,ME,4101,207-773-2829,REGULAR,MCLOONS WHARF LLC,Cumberland,0,43.651937,-70.254965
27494,CRANBERRY ISLE FISHERMENS CO-OP,0,0,2018-08-16,2018-08-11,EATING PLACE - MOBILE,No,15 CO-OP RD,ISLESFORD,ME,4646,207-244-5436,REGULAR,CRANBERRY ISLE FISHERMENS CO-OP,Hancock,0,44.2610118,-68.2388041
27482,TIDEMARK GALLERY & CAFE,0,0,2019-08-08,2020-06-22,EATING PLACE TIER 1,No,902 MAIN ST,WALDOBORO,ME,4572,207-832-5109,REGULAR,TIDEMARK GALLERY INC,Lincoln,0,44.0955244,-69.3755289
27481,HOME2 SUITES BY HILTON,0,2,2023-02-28,2023-07-30,MUN - EATING AND LODGING,No,50 MAINE MALL RD,SOUTH PORTLAND,ME,4106,207-517-3636,REGULAR,NEW GEN VENTURES LLC,Cumberland,0.02702702703,43.6433463,-70.3304314
27481,HOME 2 SUITES BY HILTON,0,2,2025-06-04,2025-07-30,MUN - EATING AND LODGING,No,50 MAINE MALL RD,SOUTH PORTLAND,ME,4106,207-517-3636,REGULAR,NEW GEN VENTURES LLC,Cumberland,0.02702702703,43.6433463,-70.3304314
27481,HOME2 SUITES BY HILTON,0,1,2023-02-28,2023-07-30,MUN - EATING AND LODGING,No,50 MAINE MALL RD,SOUTH PORTLAND,ME,4106,207-517-3636,REGULAR,NEW GEN VENTURES LLC,Cumberland,0.01351351351,43.6433463,-70.3304314
27481,HOME 2 SUITES BY HILTON,0,0,2025-06-04,2025-07-30,MUN - EATING AND LODGING,No,50 MAINE MALL RD,SOUTH PORTLAND,ME,4106,207-517-3636,REGULAR,NEW GEN VENTURES LLC,Cumberland,0,43.6433463,-70.3304314
27477,JEANS DREAM,0,0,2019-07-26,2020-07-30,EATING PLACE - MOBILE,No,63 TUCKER BROOK RD,LINCOLNVILLE,ME,4849,207-505-6065,REGULAR,"BOTLEY, JEAN",Waldo,0,44.3169223,-69.0887066
27477,JEANS DREAM,0,0,2025-07-30,2025-07-30,EATING PLACE - MOBILE,No,63 TUCKER BROOK RD,LINCOLNVILLE,ME,4849,207-505-6065,REGULAR,"BOTLEY, JEAN",Waldo,0,44.3169223,-69.0887066
27473,SPRINGFIELD FAIR PIZZA,1,1,2018-07-13,2018-07-14,EATING PLACE - TEMPORARY 1-4 DAYS,No,91 PARK ST,SPRINGFIELD,ME,4487,207-290-7498,REGULAR,SPRINGFIELD FAIR ASSN INC,Penobscot,0.05405405405,45.4021854,-68.1326625
27472,FIRE AND COMPANY,3,1,2019-09-11,2020-06-06,MUN - COMMISSARY,No,1035 OCEAN AVE,PORTLAND,ME,4103,207-299-6649,REGULAR,PIZZA PIE ON THE FLY,Cumberland,0.1351351351,43.7006155,-70.2595306
27472,FIRE AND COMPANY,2,2,2019-04-24,2019-06-06,MUN - COMMISSARY,No,1035 OCEAN AVE,PORTLAND,ME,4103,207-299-6649,REGULAR,PIZZA PIE ON THE FLY,Cumberland,0.1081081081,43.7006155,-70.2595306
27472,FIRE AND COMPANY,1,3,2022-06-08,2023-06-06,MUN - COMMISSARY,No,1035 OCEAN AVE,PORTLAND,ME,4103,207-299-6995,REGULAR,PIZZA PIE ON THE FLY,Cumberland,0.08108108108,43.7006155,-70.2595306
27472,FIRE AND COMPANY,2,0,2023-06-20,2024-06-06,MUN - COMMISSARY,No,1035 OCEAN AVE,PORTLAND,ME,4103,207-299-6995,REGULAR,PIZZA PIE ON THE FLY,Cumberland,0.08108108108,43.7006155,-70.2595306
27472,FIRE AND COMPANY,1,2,2025-07-10,2026-06-06,MUN - COMMISSARY,No,1035 OCEAN AVE,PORTLAND,ME,4103,207-299-6995,REGULAR,PIZZA PIE ON THE FLY,Cumberland,0.06756756757,43.7006155,-70.2595306
27472,FIRE AND COMPANY,0,0,2018-06-05,2019-06-06,MUN - COMMISSARY,No,1035 OCEAN AVE,PORTLAND,ME,4103,207-299-6649,NEWOWNER,PIZZA PIE ON THE FLY,Cumberland,0,43.7006155,-70.2595306
27472,FIRE AND COMPANY,0,0,2024-07-11,2025-06-06,MUN - COMMISSARY,No,1035 OCEAN AVE,PORTLAND,ME,4103,207-299-6995,REGULAR,PIZZA PIE ON THE FLY,Cumberland,0,43.7006155,-70.2595306
27469,SALTY DOG BBQ & CATERING,1,0,2019-08-07,2020-06-05,EATING PLACE - MOBILE,No,10 VALLEY FARMS RD,FAIRFIELD,ME,4937,207-453-2515,REGULAR,SALTY DOG BBQ & CATERING LLC,Somerset,0.04054054054,44.5840433,-69.6108388
27469,SALTY DOG BBQ & CATERING,0,0,2018-06-04,2019-06-04,EATING PLACE - MOBILE,No,10 VALLEY FARMS RD,FAIRFIELD,ME,4937,207-453-2515,REGULAR,SALTY DIG BBQ & CATERING LLC,Somerset,0,44.5840433,-69.6108388
27469,SALTY DOG BBQ & CATERING,0,0,2018-08-08,2019-06-05,EATING PLACE - MOBILE,No,10 VALLEY FARMS RD,FAIRFIELD,ME,4937,207-453-2515,REGULAR,SALTY DOG BBQ & CATERING LLC,Somerset,0,44.5840433,-69.6108388
27469,SALTY DOG BBQ & CATERING,0,0,2021-08-04,2022-06-05,EATING PLACE - MOBILE,No,10 VALLEY FARMS RD,FAIRFIELD,ME,4937,207-453-2515,REGULAR,SALTY DOG BBQ & CATERING LLC,Somerset,0,44.5840433,-69.6108388
27465,DANIOS,0,1,2019-07-03,2020-06-06,EATING PLACE - MOBILE,No,696 STETSON RD,KENDUSKEAG,ME,4450,207-951-4545,REGULAR,DANIOS FRENCH FRIES & ONION RINGS,Penobscot,0.01351351351,44.9192283,-68.9526367
27463,LAKESIDE DINER,3,3,2019-01-25,2019-06-04,EATING PLACE TIER 1,No,39 WASHINGTON RD,JEFFERSON,ME,4572,207-790-1041,REGULAR,"HILTON, MELANIE",Lincoln,0.1621621622,44.2036208,-69.454778
27462,BROTHERS FOOD TRAILER,1,0,2020-09-11,2021-08-04,EATING PLACE - MOBILE,No,1 CHAMBERLAIN DR,NEWPORT,ME,4953,508-494-7414,REGULAR,"RIPTON, JARED",Penobscot,0.04054054054,44.8556185,-69.2655699
27461,WATERFRONT CONCERTS (BACKSTAGE CATERING),3,2,2023-08-02,2023-07-26,CATERING,No,1 RAILROAD ST,BANGOR,ME,4401,207-479-7999,REGULAR,WATERFRONT CONCERTS LLC,Penobscot,0.1486486486,44.7923517,-68.7754961
27461,WATERFRONT CONCERTS (CATERING),0,2,2019-06-12,2019-07-26,CATERING,No,1 RAILROAD ST,BANGOR,ME,4401,207-479-7999,REGULAR,WATERFRONT CONCERTS LLC,Penobscot,0.02702702703,44.7923517,-68.7754961
27459,JESS'S MOBILE MUNCHIES,2,1,2018-06-29,2019-06-13,EATING PLACE - MOBILE,No,254 SAND POND RD,EAST BALDWIN,ME,4024,207-595-3219,REGULAR,"SCRIBNER, CALEB",Cumberland,0.09459459459,43.8392367,-70.7009231
27452,FIRE & DOUGH,0,1,2019-05-30,2019-06-27,EATING PLACE - MOBILE,No,164 MAIN ST,MILBRIDGE,ME,4658,207-546-8116,REGULAR,FIRE & DOUGH LLC,Washington,0.01351351351,44.5295579,-67.8863502
27450,STEVIE J'S BURGERS & BURRITOS,3,4,2024-07-25,2024-09-06,EATING PLACE - TAKEOUT,No,24 MAIN ST,LIVERMORE FALLS,ME,4254,207-329-1189,REGULAR,DD HORIZONS LLC,Androscoggin,0.1756756757,44.4716255,-70.1883173
27450,STEVIE J'S,1,0,2025-04-23,2025-09-06,EATING PLACE - TAKEOUT,No,24 MAIN ST,LIVERMORE FALLS,ME,4254,207-491-5751,NEWOWNER,DD HORIZONS LLC,Androscoggin,0.04054054054,44.4716255,-70.1883173
27448,ILLMADIC LLC,1,2,2019-12-26,2020-10-04,MUN - EATING PLACE,No,41 FOX ST,PORTLAND,ME,4101,785-845-2263,REGULAR,ILLMADIC LLC,Cumberland,0.06756756757,43.6667472,-70.2548776
27448,PORTLAND ZOO,0,0,2021-10-29,2022-10-04,MUN - EATING PLACE,No,41 FOX ST,PORTLAND,ME,4101,785-845-2263,REGULAR,ILLMADIC LLC,Cumberland,0,43.6667472,-70.2548776
27448,PORTLAND ZOO,0,0,2023-01-19,2023-10-04,MUN - EATING PLACE,No,41 FOX ST,PORTLAND,ME,4101,785-845-2263,REGULAR,ILLMADIC LLC,Cumberland,0,43.6667472,-70.2548776
27448,PORTLAND ZOO,0,0,2024-03-20,2024-10-04,MUN - EATING PLACE,No,41 FOX ST,PORTLAND,ME,4101,785-845-2263,REGULAR,ILLMADIC LLC,Cumberland,0,43.6667472,-70.2548776
27448,PORTLAND ZOO,0,0,2025-05-21,2025-10-04,MUN - EATING PLACE,No,41 FOX ST,PORTLAND,ME,4101,785-845-2263,REGULAR,ILLMADIC LLC,Cumberland,0,43.6667472,-70.2548776
27448,ILLMADIC LLC,0,1,2018-12-21,,MUN - EATING PLACE - LIMITED MENU,No,41 FOX ST,PORTLAND,ME,4101,785-845-2263,REGULAR,ILLMADIC LLC,Cumberland,0.01351351351,43.6667472,-70.2548776
27448,ILLMADIC LLC,0,0,2018-10-04,2018-10-04,MUN - EATING PLACE - LIMITED MENU,No,41 FOX ST,PORTLAND,ME,4101,785-845-2263,REGULAR,ILLMADIC LLC,Cumberland,0,43.6667472,-70.2548776
27447,THE INN ON MOUNT DESERT,1,0,2021-12-06,2022-06-28,EATING AND LODGING,No,68 MOUNT DESERT ST,BAR HARBOR,ME,4609,207-288-8300,REGULAR,MOUNT DESERT STREET LLC,Hancock,0.04054054054,44.3858596,-68.2103975
27447,THE INN ON MOUNT DESERT,0,0,2019-04-03,2019-06-28,EATING AND LODGING,No,68 MOUNT DESERT ST,BAR HARBOR,ME,4609,207-288-8300,REGULAR,MOUNT DESERT STREET LLC,Hancock,0,44.3858596,-68.2103975
27447,THE INN ON MOUNT DESERT,0,0,2019-04-03,2019-06-28,EATING AND LODGING,No,68 MOUNT DESERT ST,BAR HARBOR,ME,4609,207-288-8300,REGULAR,MOUNT DESERT STREET LLC,Hancock,0,44.3858596,-68.2103975
27447,THE INN ON MOUNT DESERT,0,0,2021-12-06,2022-06-28,EATING AND LODGING,No,68 MOUNT DESERT ST,BAR HARBOR,ME,4609,207-288-8300,REGULAR,MOUNT DESERT STREET LLC,Hancock,0,44.3858596,-68.2103975
27447,THE INN ON MOUNT DESERT,0,0,2023-12-27,2024-06-28,EATING AND LODGING,No,68 MOUNT DESERT ST,BAR HARBOR,ME,4609,207-288-8300,REGULAR,MOUNT DESERT STREET LLC,Hancock,0,44.3858596,-68.2103975
27447,THE INN ON MOUNT DESERT,0,0,2023-12-27,2024-06-28,EATING AND LODGING,No,68 MOUNT DESERT ST,BAR HARBOR,ME,4609,207-288-8300,REGULAR,MOUNT DESERT STREET LLC,Hancock,0,44.3858596,-68.2103975
27443,WATERFRONT CONCERTS,2,5,2019-06-12,2019-07-26,EATING PLACE TIER 1,No,1 RAILROAD ST,BANGOR,ME,4401,207-479-7999,REGULAR,WATERFRONT CONCERTS LLC,Penobscot,0.1486486486,44.7923517,-68.7754961
27443,WATERFRONT CONCERTS CONCOURSE CONCESSIONS,1,1,2023-08-02,2023-07-26,EATING PLACE TIER 1,No,1 RAILROAD ST,BANGOR,ME,4401,207-631-0239,REGULAR,WATERFRONT CONCERTS LLC,Penobscot,0.05405405405,44.7923517,-68.7754961
27434,MAINE-LY DELIGHTS II,1,0,2019-07-18,2020-06-01,EATING PLACE - MOBILE,No,48 A GRANVILLE RD,BASS HARBOR,ME,4653,207-266-0315,REGULAR,DIROY LLC,Hancock,0.04054054054,44.2361839,-68.3473363
27433,MOMMA DECKER,2,1,2019-07-08,2019-06-11,MUN - EATING PLACE - MOBILE,No,LAKE AUBURN,AUBURN,ME,4240,207-224-0123,FOLLOW_UP_FULL,"DECKER, CARLA",Androscoggin,0.09459459459,44.1450722,-70.224499
27433,MOMMA DECKER,1,2,2019-07-03,2019-06-11,MUN - EATING PLACE - MOBILE,No,LAKE AUBURN,AUBURN,ME,4240,207-224-0123,REGULAR,"DECKER, CARLA",Androscoggin,0.06756756757,44.1450722,-70.224499
27433,MOMMA DECKER,0,0,2018-06-04,2019-06-11,MUN - EATING PLACE - MOBILE,No,LAKE AUBURN,AUBURN,ME,4240,207-224-0123,REGULAR,"DECKER, CARLA",Androscoggin,0,44.1450722,-70.224499
27432,SILVERTON SPORTING RANCH,1,2,2021-08-04,2022-06-01,EATING PLACE - MOBILE,No,51 WEBB RD,CANAAN,ME,4924,207-399-3647,REGULAR,SILVERON FOODS,Somerset,0.06756756757,44.7523209,-69.5150838
27432,SILVERTON SPORTING RANCH,1,2,2023-08-02,2024-06-01,EATING PLACE - MOBILE,No,51 WEBB RD,CANAAN,ME,4924,207-399-3647,REGULAR,SILVERTON SPORTING RANCH,Somerset,0.06756756757,44.7523209,-69.5150838
27432,SILVERTON SPORTING RANCH,0,1,2019-07-17,2020-06-01,EATING PLACE - MOBILE,No,51 WEBB RD,CANAAN,ME,4924,207-399-3647,REGULAR,SILVERON FOODS,Somerset,0.01351351351,44.7523209,-69.5150838
27432,SILVERTON SPORTING RANCH,0,1,2024-07-31,2025-06-01,EATING PLACE - MOBILE,No,51 WEBB RD,CANAAN,ME,4924,207-399-3647,REGULAR,SILVERTON SPORTING RANCH,Somerset,0.01351351351,44.7523209,-69.5150838
27431,THE FARM AT MOOSEHEAD,0,0,2024-12-11,2025-06-14,EATING PLACE - TAKEOUT,No,300 MOOSEHEAD LAKE RD,GREENVILLE,ME,4444,207-280-4374,REGULAR,THE FARM @ MOOSEHEAD LLC,Piscataquis,0,45.4383408,-69.5897689
27427,PORTLAND PIE,1,6,2023-10-06,2024-06-05,EATING AND CATERING,No,173-175 MAIN ST,WATERVILLE,ME,4901,207-406-6200,REGULAR,WATERVILLE PIE LLC,Kennebec,0.1216216216,44.5702359,-69.6398224
27425,BIDDEFORD CITY THEATER,0,0,2022-04-11,2022-05-22,EATING PLACE - LIMITED MENU,No,205 MAIN ST,BIDDEFORD,ME,4005,207-282-0849,REGULAR,CITY THEATER ASSOCIATES INC,York,0,43.4934857,-70.4566511
27425,BIDDEFORD CITY THEATER,0,0,2024-05-07,2024-05-22,EATING PLACE - LIMITED MENU,No,205 MAIN ST,BIDDEFORD,ME,4005,207-282-0849,REGULAR,CITY THEATER ASSOCIATES INC,York,0,43.4934857,-70.4566511
27422,M & M ICE CREAM,1,1,2018-08-09,2019-07-25,EATING PLACE - MOBILE,No,845 WATERVILLE RD,SKOWHEGAN,ME,4979,207-399-6532,REGULAR,"PELLETIER, MICHAEL",Somerset,0.05405405405,44.7352997,-69.6520742
27422,M & M ICE CREAM,0,1,2021-07-08,2022-05-13,EATING PLACE - MOBILE,No,845 WATERVILLE RD,SKOWHEGAN,ME,4979,207-399-6532,REGULAR,"PELLETIER, MICHAEL",Somerset,0.01351351351,44.7352997,-69.6520742
27422,M & M ICE CREAM,0,1,2021-09-10,2022-05-13,EATING PLACE - MOBILE,No,845 WATERVILLE RD,SKOWHEGAN,ME,4979,207-399-6532,REGULAR,"PELLETIER, MICHAEL",Somerset,0.01351351351,44.7352997,-69.6520742
27422,M & M ICE CREAM,0,1,2022-09-08,2023-05-13,EATING PLACE - MOBILE,No,845 WATERVILLE RD,SKOWHEGAN,ME,4979,207-399-6532,REGULAR,"PELLETIER, MICHAEL",Somerset,0.01351351351,44.7352997,-69.6520742
27421,PIZZA HUT,1,4,2018-12-11,2019-09-27,EATING PLACE TIER 2,No,215 WESTERN AVE,AUGUSTA,ME,4330,207-622-4095,REGULAR,GC PIZZA HUT LLC,Kennebec,0.09459459459,44.3143795,-69.7995974
27421,PIZZA HUT,1,4,2022-01-04,2022-09-27,EATING PLACE TIER 2,No,215 WESTERN AVE,AUGUSTA,ME,4330,207-622-4095,REGULAR,GC PIZZA HUT LLC,Kennebec,0.09459459459,44.3143795,-69.7995974
27421,PIZZA HUT,1,1,2020-01-02,2020-09-27,EATING PLACE TIER 2,No,215 WESTERN AVE,AUGUSTA,ME,4330,207-622-4095,REGULAR,GC PIZZA HUT LLC,Kennebec,0.05405405405,44.3143795,-69.7995974
27421,PIZZA HUT,0,2,2024-12-11,2025-04-15,EATING PLACE TIER 2,No,215 WESTERN AVE,AUGUSTA,ME,4330,207-622-4095,REGULAR,AMERICAN DREAM RESTAURANTS LLC,Kennebec,0.02702702703,44.3143795,-69.7995974
27419,SARGES SPORTS PUB & GRUB,2,6,2025-01-15,2025-05-15,EATING PLACE TIER 3,No,2454 MAIN ST,RANGELEY,ME,4970,207-864-5616,REGULAR,M S P & G INC,Franklin,0.1621621622,44.9637163,-70.6414267
27419,SARGES SPORTS PUB & GRUB,2,5,2019-03-28,2019-05-15,EATING PLACE TIER 3,No,2454 MAIN ST,RANGELEY,ME,4970,207-864-5616,REGULAR,M S P & G INC,Franklin,0.1486486486,44.9637163,-70.6414267
27410,DETERMINED NUTRITION,0,9,2019-12-09,2020-05-22,EATING PLACE TIER 1,No,112 MARCEAU CRT,FARMINGTON,ME,4938,207-578-8583,REGULAR,"ALLEN, DANIELLE",Franklin,0.1216216216,44.6703246,-70.1502521
27410,DETERMINED NUTRITION,1,0,2022-10-21,2022-05-22,EATING PLACE TIER 1,No,112 MARCEAU CRT,FARMINGTON,ME,4938,207-578-8583,REGULAR,"ALLEN, DANIELLE",Franklin,0.04054054054,44.6703246,-70.1502521
27408,THE TOTALLY AWESOME VEGAN FOOD TRUCK,1,1,2023-05-11,2023-07-24,EATING PLACE - MOBILE,No,100 FESSENDEN ST,PORTLAND,ME,4103,207-459-8076,REGULAR,THE TOTALLY AWESOME VEGAN FOOD TRUCK,Cumberland,0.05405405405,43.6627247,-70.2787993
27408,THE TOTALLY AWESOME VEGAN FOOD TRUCK,0,3,2019-08-03,2020-07-24,EATING PLACE - MOBILE,No,100 FESSENDEN ST,PORTLAND,ME,4103,207-459-8076,REGULAR,THE TOTALLY AWESOME VEGAN FOOD TRUCK,Cumberland,0.04054054054,43.6627247,-70.2787993
27408,THE TOTALLY AWESOME VEGAN FOOD TRUCK,1,0,2022-07-28,2022-07-24,EATING PLACE - MOBILE,No,100 FESSENDEN ST,PORTLAND,ME,4103,207-459-8076,REGULAR,THE TOTALLY AWESOME VEGAN FOOD TRUCK,Cumberland,0.04054054054,43.6627247,-70.2787993
27407,BIG RIG CREAMERY,0,4,2018-07-16,2019-06-19,EATING PLACE TIER 1,No,154 WEST BROADWAY,LINCOLN,ME,4457,207-794-2303,FOLLOW_UP_FULL,SAG REALTY LLC,Penobscot,0.05405405405,45.3608391,-68.5196505
27407,BIG RIG CREAMERY,0,1,2025-05-06,2026-06-19,EATING PLACE TIER 1,No,154 WEST BROADWAY,LINCOLN,ME,4457,207-290-0897,REGULAR,SAG REALTY LLC,Penobscot,0.01351351351,45.3608391,-68.5196505
27401,POINT SEBAGO OUTDOOR CAFE,5,8,2019-08-13,2020-05-21,EATING PLACE TIER 3,Yes,261 POINT SEBAGO RD,CASCO,ME,4015,207-558-8001,REGULAR,COVE COMMUNITIES REIT - VENTURES I LLC,Cumberland,0.3108108108,43.9193158,-70.5504526
27401,POINT SEBAGO OUTDOOR CAFE,0,4,2023-09-28,2024-05-21,EATING PLACE TIER 3,No,261 POINT SEBAGO RD,CASCO,ME,4015,207-558-8000,REGULAR,COVE COMMUNITIES REIT - VENTURES I LLC,Cumberland,0.05405405405,43.9193158,-70.5504526
27400,ISHI ISHI,1,3,2020-02-28,2021-02-03,MUN - EATING PLACE,No,93 WASHINGTON AVE,PORTLAND,ME,4101,207-449-6790,REGULAR,BENI LLC,Cumberland,0.08108108108,43.6664961,-70.2524787
27393,SAGAMORE HIL LOUNGE,2,1,2024-11-20,2025-05-22,MUN - EATING PLACE,No,150 PARK ST,PORTLAND,ME,4101,215-317-7469,REGULAR,ATWATER HOLDINGS LLC,Cumberland,0.09459459459,43.6531532,-70.264664
27393,SAGAMORE HIL LOUNGE,1,1,2022-02-28,2022-05-22,MUN - EATING PLACE,No,150 PARK ST,PORTLAND,ME,4101,215-317-7469,REGULAR,ATWATER HOLDINGS LLC,Cumberland,0.05405405405,43.6531532,-70.264664
27393,SAGAMORE HIL LOUNGE,1,0,2020-01-07,2020-05-22,MUN - EATING PLACE,No,150 PARK ST,PORTLAND,ME,4101,215-317-7469,REGULAR,ATWATER HOLDINGS LLC,Cumberland,0.04054054054,43.6531532,-70.264664
27393,SAGAMORE HIL LOUNGE,1,0,2023-03-17,2023-05-22,MUN - EATING PLACE,No,150 PARK ST,PORTLAND,ME,4101,215-317-7469,REGULAR,ATWATER HOLDINGS LLC,Cumberland,0.04054054054,43.6531532,-70.264664
27393,SAGAMORE HIL LOUNGE,0,0,2018-11-02,2019-05-22,MUN - EATING PLACE,No,150 PARK ST,PORTLAND,ME,4101,215-317-7469,REGULAR,ATWATER HOLDINGS LLC,Cumberland,0,43.6531532,-70.264664
27390,THE FORESTER PUB,2,9,2021-05-18,2021-10-18,EATING PLACE TIER 3,No,204 W BROADWAY,LINCOLN,ME,4457,207-403-9224,REGULAR,THE FORESTER PUB LLC,Penobscot,0.2027027027,45.3588821,-68.5227018
27390,THE FORESTER PUB,2,5,2025-05-05,2025-10-18,EATING PLACE TIER 3,No,204 W BROADWAY,LINCOLN,ME,4457,207-403-9224,REGULAR,THE FORESTER PUB LLC,Penobscot,0.1486486486,45.3588821,-68.5227018
27388,CROWN JEWEL,2,1,2024-08-14,2025-07-02,MUN - EATING PLACE,No,255 DIAMOND AVE,GREAT DIAMOND ISLAND,ME,4109,207-232-3044,REGULAR,CROWN JEWEL LLC,Cumberland,0.09459459459,43.6783236,-70.2004466
27388,CROWN JEWEL,1,2,2025-07-16,2026-07-02,MUN - EATING PLACE,No,255 DIAMOND AVE,GREAT DIAMOND ISLAND,ME,4109,207-232-3044,REGULAR,CROWN JEWEL LLC,Cumberland,0.06756756757,43.6783236,-70.2004466
27388,CROWN JEWEL,1,0,2022-06-16,2023-07-02,MUN - EATING PLACE,No,255 DIAMOND AVE,GREAT DIAMOND ISLAND,ME,4109,207-232-3044,REGULAR,CROWN JEWEL LLC,Cumberland,0.04054054054,43.6783236,-70.2004466
27388,CROWN JEWEL,0,2,2019-08-29,2020-07-02,MUN - EATING PLACE,No,255 DIAMOND AVE,GREAT DIAMOND ISLAND,ME,4109,207-232-3044,REGULAR,CROWN JEWEL LLC,Cumberland,0.02702702703,43.6783236,-70.2004466
27388,CROWN JEWEL,0,1,2023-09-01,2024-07-02,MUN - EATING PLACE,No,255 DIAMOND AVE,GREAT DIAMOND ISLAND,ME,4109,207-232-3044,REGULAR,CROWN JEWEL LLC,Cumberland,0.01351351351,43.6783236,-70.2004466
27384,MOBILE NOBLE,0,0,2019-07-09,2020-06-06,MUN - EATING PLACE - MOBILE,No,1706 FOREST AVE,PORTLAND,ME,4103,207-432-1471,REGULAR,PIZZA PIE ON THE FLY,Cumberland,0,43.6986529,-70.3120133
27382,HEIDIES HOT DOGS,0,0,2019-04-29,2020-05-22,EATING PLACE - MOBILE,No,179 BEATH RD,BOOTHBAY,ME,04537-5028,207-380-7011,REGULAR,LOT DOGS,Lincoln,0,43.8728302,-69.6085677
27379,STONE FOX FARM CREAMERY #4,0,1,2022-09-02,2023-05-17,EATING PLACE - MOBILE,No,77 BARTLETT HILL RD,MONROE,ME,4951,207-323-1725,REGULAR,STONE FOX FARM CREAMERY LLC,Hancock,0.01351351351,44.6324713,-69.0796041
27379,STONE FOX FARM CREAMERY #4,0,0,2018-06-01,2019-05-17,EATING PLACE - MOBILE,No,77 BARTLETT HILL RD,MONROE,ME,4951,207-323-2850,REGULAR,STONE FOX FARM CREAMERY LLC,Hancock,0,44.6324713,-69.0796041
27379,STONE FOX FARM CREAMERY #4,0,0,2018-06-10,2019-05-17,EATING PLACE - MOBILE,No,77 BARTLETT HILL RD,MONROE,ME,4951,207-323-2850,REGULAR,STONE FOX FARM CREAMERY LLC,Hancock,0,44.6324713,-69.0796041
27379,STONE FOX FARM CREAMERY #4,0,0,2019-06-09,2020-05-17,EATING PLACE - MOBILE,No,77 BARTLETT HILL RD,MONROE,ME,4951,207-323-2850,REGULAR,STONE FOX FARM CREAMERY LLC,Hancock,0,44.6324713,-69.0796041
27379,STONE FOX FARM CREAMERY #4,0,0,2020-07-08,2021-05-17,EATING PLACE - MOBILE,No,77 BARTLETT HILL RD,MONROE,ME,4951,207-323-2850,REGULAR,STONE FOX FARM CREAMERY LLC,Hancock,0,44.6324713,-69.0796041
27379,STONE FOX FARM CREAMERY #4,0,0,2023-08-02,2024-05-17,EATING PLACE - MOBILE,No,77 BARTLETT HILL RD,MONROE,ME,4951,207-323-1725,REGULAR,STONE FOX FARM CREAMERY LLC,Hancock,0,44.6324713,-69.0796041
27378,TOTALLY TUBERS,1,0,2018-12-03,2018-12-29,MUN - EATING PLACE,No,28 MONUMENT SQ,PORTLAND,ME,4101,207-205-0789,REGULAR,TOTALLY TUBERS LLC,Cumberland,0.04054054054,43.6569245,-70.2590745
27378,TOTALLY TUBERS,1,0,2019-04-23,2019-10-29,MUN - EATING PLACE,No,28 MONUMENT SQ,PORTLAND,ME,4101,207-205-0789,REGULAR,TOTALLY TUBERS LLC,Cumberland,0.04054054054,43.6569245,-70.2590745
27378,SLICE OF HEAVEN,0,0,2019-06-17,2020-06-19,MUN - EATING PLACE,No,28 MONUMENT SQ,PORTLAND,ME,4101,207-205-0789,NEWOWNER,JENNIFER KASTELIC,Cumberland,0,43.6569245,-70.2590745
27378,SLICE OF HEAVEN,0,0,2019-09-05,2020-06-18,MUN - EATING PLACE,No,28 MONUMENT SQ,PORTLAND,ME,4101,207-808-8153,REGULAR,SLICE OF HEAVEN LLC,Cumberland,0,43.6569245,-70.2590745
27376,LAKE & CO,0,0,2019-05-16,2019-06-14,MUN - CATERING,No,72 PARRIS ST,PORTLAND,ME,04101-1930,207-798-9983,REGULAR,H LAKE AND CO LLC,Cumberland,0,43.658959,-70.2653576
27376,LAKE & CO,0,0,2021-07-09,2021-06-14,MUN - CATERING,No,72 PARRIS ST,PORTLAND,ME,04101-1930,207-798-9983,REGULAR,H LAKE AND CO LLC,Cumberland,0,43.658959,-70.2653576
27375,THE EARLY BIRD,0,2,2019-07-29,2020-05-25,EATING PLACE - MOBILE,No,113 MAIN ST,JONESPORT,ME,4649,207-480-0936,REGULAR,THE EARLU BIRDS,Washington,0.02702702703,44.5303554,-67.6096879
27371,YORK STREET TACOS,0,4,2022-12-27,2023-09-03,EATING PLACE TIER 1,No,7 YORK ST,YORK,ME,3909,207-641-9224,REGULAR,MILLER BROTHERS LLC,York,0.05405405405,43.3839604,-70.544663
27371,YORK STREET TACOS,0,3,2024-12-04,2025-09-03,EATING PLACE TIER 1,No,7 YORK ST,YORK,ME,3909,207-641-9224,REGULAR,MILLER BROTHERS LLC,York,0.04054054054,43.3839604,-70.544663
27371,YORK STREET TACOS,0,0,2020-12-08,2021-09-03,EATING PLACE TIER 1,No,7 YORK ST,YORK,ME,3909,207-641-9224,REGULAR,MILLER BROTHERS LLC,York,0,43.3839604,-70.544663
27369,MOBILE MUSETTE,0,0,2019-06-01,2020-04-10,EATING PLACE - MOBILE,No,2 PIER RD,KENNEBUNKPORT,ME,4046,207-204-0707,REGULAR,MOBILE MUSETTE LLC,York,0,43.372276,-70.4376176
27369,MOBILE MUSETTE,0,0,2024-08-20,2024-05-22,EATING PLACE - MOBILE,No,2 PIER RD,KENNEBUNKPORT,ME,4046,207-204-0707,REGULAR,MOBILE MUSETTE LLC,York,0,43.372276,-70.4376176
27366,POLAND CAMPGROUND (MOBILE),0,3,2018-07-11,2018-07-29,EATING PLACE - MOBILE,No,128 CONNOR LN,POLAND,ME,4274,207-998-2151,REGULAR,AHEARN FAMILY CAMPING INC,Androscoggin,0.04054054054,44.0449673,-70.375606
27355,MCLOONS DESSERTS,0,1,2025-07-16,2026-05-24,EATING PLACE - MOBILE,No,315 ISLAND RD,SOUTH THOMASTON,ME,4858,207-773-2829,REGULAR,MCLOONS WHARF LLC,Knox,0.01351351351,43.9953979,-69.1184019
27353,COUNTRY FARMS MARKET,3,2,2019-03-29,2019-05-11,CATERING,No,31 HERSCHEL ST,CARIBOU,ME,4736,207-455-8057,REGULAR,COUNTRY FARMS MARKET LLC,Aroostook,0.1486486486,46.8612818,-68.0134158
27352,OAK STREET CAFE,2,0,2018-12-31,2019-06-30,EATING PLACE TIER 2,No,12 OAK ST,BOOTHBAY HARBOR,ME,4528,413-230-1790,REGULAR,STONE MOUNTAIN ENTERPRISES,Lincoln,0.08108108108,43.852182,-69.6285623
27351,THE VICTORIAN ON MAIN,0,3,2023-09-15,2024-07-05,CATERING,No,230 MAIN ST,NORWAY,ME,4268,207-344-8058,REGULAR,THE VICTORIAN ON MAIN LLC,Oxford,0.04054054054,44.2117861,-70.5366829
27351,SMOKIN DAVES BACKYARD BBQ & GRILL,2,5,2018-11-15,2019-06-14,EATING AND CATERING,No,230 MAIN ST,NORWAY,ME,4268,207-744-2578,REGULAR,SMOKIN DAVES BACKYARD BBQ & GRILL LLC,Oxford,0.1486486486,44.2117861,-70.5366829
27350,MAINE BEER COMPANY,0,1,2019-02-27,2019-05-09,EATING PLACE TIER 2,No,525 US ROUTE 1,FREEPORT,ME,4632,207-211-5711,REGULAR,MAINE BEER COMPANY,Cumberland,0.01351351351,43.8131314,-70.152326
27350,MAINE BEER COMPANY,1,1,2023-03-30,2024-02-28,EATING PLACE TIER 3,No,525 US ROUTE 1,FREEPORT,ME,4632,207-211-5711,REGULAR,MAINE BEER COMPANY,Cumberland,0.05405405405,43.8131314,-70.152326
27349,BANDED BREWING COMPANY,2,2,2025-04-18,2025-04-26,EATING PLACE TIER 2,No,32 MAIN ST,BIDDEFORD,ME,4005,207-602-1561,REGULAR,BANDED HORN BREWING COMPANY LLC,York,0.1081081081,43.4930086,-70.4521999
27349,BANDED BREWING COMPANY,1,2,2023-01-06,2023-04-26,EATING PLACE TIER 2,No,32 MAIN ST,BIDDEFORD,ME,4005,207-602-1561,REGULAR,BANDED HORN BREWING COMPANY LLC,York,0.06756756757,43.4930086,-70.4521999
27349,BANDED BREWING COMPANY,0,0,2019-02-01,2019-04-26,EATING PLACE TIER 2,No,32 MAIN ST,BIDDEFORD,ME,4005,207-602-1561,REGULAR,BANDED HORN BREWING COMPANY LLC,York,0,43.4930086,-70.4521999
27347,CREPE ELIZABETH,1,2,2021-06-10,2022-06-14,EATING PLACE - MOBILE,No,2 EVERGREEN CIR,CAPE ELIZABETH,ME,4107,913-602-7766,REGULAR,2 PLUS 4 CONCEPTS LLC,Cumberland,0.06756756757,43.59781,-70.2375299
27347,CREPE ELIZABETH,0,0,2019-04-25,2019-06-14,EATING PLACE - MOBILE,No,2 EVERGREEN CIR,CAPE ELIZABETH,ME,4107,913-602-7766,REGULAR,2 PLUS 4 CONCEPTS LLC,Cumberland,0,43.59781,-70.2375299
27347,CREPE ELIZABETH,0,0,2024-09-18,2025-05-25,EATING PLACE - MOBILE,No,11 BURDEAN RD,WINDHAM,ME,4062,207-808-0039,REGULAR,CREPES 4 DAYS LLC,Cumberland,0,43.8025153,-70.3900628
27342,ROCK BOX,0,2,2019-08-29,2020-05-24,EATING PLACE - MOBILE,No,29 UPLAND WAY,ELLSWORTH,ME,4605,207-460-3129,REGULAR,NCD LP,Hancock,0.02702702703,44.5979257,-68.4059871
27342,ROCK BOX,0,0,2018-08-27,2018-08-22,EATING PLACE - MOBILE,No,29 UPLAND WAY,ELLSWORTH,ME,4605,207-460-3129,REGULAR,N  C D LP,Hancock,0,44.5979257,-68.4059871
27341,SHEBAS WICKED KTICHEN,1,1,2019-04-24,2020-04-25,EATING PLACE - MOBILE,No,822 KENNEDY MEMORIAL DR,OAKLAND,ME,4963,207-465-6356,REGULAR,SHEBAS WICKED KITCHEN,Kennebec,0.05405405405,44.5436181,-69.6867202
27340,THE BLACK LOON,2,3,2019-08-22,2020-06-07,EATING PLACE TIER 1,No,190 PENOBSCOT AVE,MILLINOCKET,ME,4462,207-447-0197,REGULAR,MAINE WOODS RESORTS LLC,Penobscot,0.1216216216,45.6563425,-68.709281
27340,BABY RUTHIES TAKEOUT & SNACKBAR,1,1,2022-05-26,2022-02-08,EATING PLACE TIER 1,No,190 PENOBSCOT AVE,MILLINOCKET,ME,4462,207-217-4845,NEWOWNER,BABY RUTHIES TAKEOUT & SNACKBAR,Penobscot,0.05405405405,45.6563425,-68.709281
27339,BIDDEFORD FOOD BAZAAR,0,1,2019-09-18,2020-05-31,EATING PLACE TIER 2,No,316 MAIN ST,BIDDEFORD,ME,4005,917-860-9040,REGULAR,BIDDEFORD MARCHE PLACE,York,0.01351351351,43.494824,-70.4594066
27336,IPAZZI ITALIAN ICE CREAM,0,1,2022-08-11,2023-06-28,EATING PLACE TIER 1,No,62 W GRAND AVE,OLD ORCHARD BEACH,ME,4064,978-394-4686,REGULAR,"BLETA, ARBANA",York,0.01351351351,43.5117777,-70.3778653
27334,FARMHOUSE CAFE,0,0,2020-01-29,2020-06-14,EATING PLACE TIER 2,No,143 MOOSEHEAD LAKE RD,GREENVILLE,ME,4441,207-695-2167,REGULAR,KINEO COFFEE STATION LLC,Piscataquis,0,45.4491091,-69.5909618
27332,SIMPLY VEGAN BY SILLYS,2,4,2019-07-10,2020-07-02,MUN - EATING PLACE,No,68 WASHINGTON AVE,PORTLAND,ME,4101,207-415-7647,REGULAR,VINO BODEGA INC,Cumberland,0.1351351351,43.665457,-70.2524012
27332,SIMPLY VEGAN BY SILLYS,1,1,2019-01-29,2019-07-02,MUN - EATING PLACE,No,6 WASHINGTON AVE,PORTLAND,ME,4101,207-415-7647,REGULAR,VINO BODEGA INC,Cumberland,0.05405405405,43.6635113,-70.2512881
27332,SIMPLY VEGAN BY SILLYS,0,2,2021-06-23,2022-07-02,MUN - EATING PLACE,No,68 WASHINGTON AVE,PORTLAND,ME,4101,207-415-7647,REGULAR,VINO BODEGA INC,Cumberland,0.02702702703,43.665457,-70.2524012
27324,HUNTOON HILL GRANGE #398,0,2,2025-07-14,2026-04-13,EATING PLACE TIER 2,No,11 HUNTOON HILL RD,WISCASSET,ME,4578,207-485-6197,REGULAR,STATE GRANGE,Lincoln,0.02702702703,44.0341089,-69.6716298
27316,BRIANS BARBEQUE GRILL,2,2,2019-09-12,2020-04-16,EATING PLACE - MOBILE,No,397 OSSIPEE TRL,GORHAM,ME,4048,207-650-5850,REGULAR,BRIANS BARBEQUE GRILL LLC,Cumberland,0.1081081081,43.7148626,-70.5185088
27315,STONE FOX CREAMERY UNIT # 3,0,0,2018-08-08,2019-04-20,EATING PLACE - MOBILE,No,77 BARTLETT HILL RD,MONROE,ME,4951,2107-323-2850,REGULAR,STONE FOX FARM CREAMERY LLC,Waldo,0,44.6324713,-69.0796041
27313,UP IN SMOKE BBQ,1,0,2019-07-30,2020-07-06,EATING PLACE - MOBILE,No,65 TILLSON AVE,ROCKLAND,ME,4861,856-905-9476,REGULAR,UP IN SMOKE BBQ INC,Knox,0.04054054054,44.1041786,-69.1061275
27312,MOLLYS TAKEOUT,0,3,2020-07-02,2021-04-30,EATING PLACE TIER 1,No,389 MAIN ST,MATTAWAMKEAG,ME,4459,207-736-4012,REGULAR,"PERKINS, JEAN",Penobscot,0.04054054054,45.5537686,-68.331088
27310,ROOTS CAFE,3,2,2023-02-13,2023-09-10,EATING PLACE TIER 2,No,20 SCHOOL ST,WESTBROOK,ME,4092,207-854-8733,REGULAR,ROOTS CAFE LLC,Cumberland,0.1486486486,43.6782981,-70.3548459
27310,ROOTS CAFE,2,2,2019-02-05,2019-09-10,EATING PLACE TIER 2,No,20 SCHOOL ST,WESTBROOK,ME,4092,207-854-8733,REGULAR,ROOTS CAFE LLC,Cumberland,0.1081081081,43.6782981,-70.3548459
27310,ROOTS CAFE,0,0,2025-01-07,2025-09-10,EATING PLACE TIER 2,No,20 SCHOOL ST,WESTBROOK,ME,4092,207-854-8733,REGULAR,ROOTS CAFE LLC,Cumberland,0,43.6782981,-70.3548459
27307,FRENCHMAN'S BBQ,1,2,2018-08-17,2019-04-25,EATING PLACE - MOBILE,No,32 LOWER METHODIST RD,CUMBERLAND,ME,4021,207-383-9909,REGULAR,SCRATCH MOBILE FOODS LLC,Cumberland,0.06756756757,43.8028339,-70.3109243
27307,FRENCHMANS BBQ,0,2,2019-07-11,2020-04-25,EATING PLACE - MOBILE,No,32 LOWER METHODIST RD,CUMBERLAND,ME,4021,207-383-9909,REGULAR,SCRATCH MOBILE FOODS LLC,Cumberland,0.02702702703,43.8028339,-70.3109243
27306,GUILIN GOODIES,0,0,2019-06-14,2020-06-05,EATING PLACE - MOBILE,No,49 MAIN ST,FREEPORT,ME,4032,207-607-1787,REGULAR,GUILIN GOODIES,Cumberland,0,43.8565678,-70.1043679
27306,LILY'S FOOD CART,1,2,2025-05-28,2024-04-20,EATING PLACE - TAKEOUT,No,NATHAN NYE ST,FREEPORT,ME,4032,207-607-1787,REGULAR,"PERILLA, GUIYU",Cumberland,0.06756756757,43.857085,-70.1049747
27302,THE QUARRY,0,2,2018-05-31,2019-05-31,EATING AND CATERING,No,15 TENNEY HILL,MONSON,ME,4464,207-997-3512,REGULAR,"RANTA, MARILOU D",Piscataquis,0.02702702703,45.285354,-69.4993842
27301,FRENCH PICNIC LLC,0,0,2019-09-16,2020-05-01,MUN - CATERING,No,72 PARRIS ST,PORTLAND,ME,4101,207-239-0084,REGULAR,FRENCH PICNIC LLC,Cumberland,0,43.658959,-70.2653576
27296,CAUSEWAY CLUB INC,0,1,2019-07-18,2020-05-31,EATING PLACE TIER 1,No,10 FERNALD POINT RD,SOUTHWEST HARBOR,ME,4679,207-244-7220,REGULAR,CAUSEWAY CLUB INC,Hancock,0.01351351351,44.2903735,-68.3244678
27296,CAUSEWAY CLUB INC,0,0,2022-09-01,2023-05-31,EATING PLACE TIER 1,No,10 FERNALD POINT RD,SOUTHWEST HARBOR,ME,4679,207-244-7220,REGULAR,CAUSEWAY CLUB INC,Hancock,0,44.2903735,-68.3244678
27294,PAMMYS ICE CREAM PARLOR LLC,1,4,2019-09-25,2020-05-09,EATING PLACE - MOBILE,No,1410 HARPSWELL RD,HARPSWELL,ME,4079,207-751-7870,REGULAR,PAMMYS ICE CREAM PARLOR LLC,Cumberland,0.09459459459,43.8598566,-69.9426553
27294,PAMMYS ICE CREAM PARLOR LLC,0,4,2024-06-11,2025-05-09,EATING PLACE - MOBILE,No,1410 HARPSWELL RD,HARPSWELL,ME,4079,207-751-7870,REGULAR,PAMMYS ICE CREAM PARLOR LLC,Cumberland,0.05405405405,43.8598566,-69.9426553
27292,EVOLUTION ATHLETIX,1,0,2019-01-29,2019-07-09,EATING PLACE TIER 1,No,4 CASCADE RD,SACO,ME,4072,207-286-6210,REGULAR,EVOLUTION ATHLETIX LLC,York,0.04054054054,43.5462091,-70.4111065
27292,EVOLUTION ATHLETIX,0,0,2022-01-05,2022-07-09,EATING PLACE TIER 1,No,4 CASCADE RD,SACO,ME,4072,207-286-6210,REGULAR,EVOLUTION ATHLETIX LLC,York,0,43.5462091,-70.4111065
27292,EVOLUTION ATHLETIX,0,0,2024-01-30,2024-07-09,EATING PLACE TIER 1,No,4 CASCADE RD,SACO,ME,4072,207-286-6210,REGULAR,EVOLUTION ATHLETIX LLC,York,0,43.5462091,-70.4111065
27289,FINS RESTAURANT,0,2,2018-05-04,,EATING PLACE TIER 2,No,16 NORWOOD RD,EASTPORT,ME,4631,207-214-6002,NEWOWNER,PONDEROSA LLC,Washington,0.02702702703,44.9184056,-67.0041592
27281,THE OSPREY,0,2,2025-05-28,2025-05-15,EATING AND CATERING,No,340 ROBINHOOD RD,GEORGETOWN,ME,4548,207-371-2530,NEWOWNER,BAY POINT PROVISIONS,Sagadahoc,0.02702702703,43.8531306,-69.7348545
27281,THE OSPREY,0,1,2021-04-16,2021-04-26,EATING PLACE TIER 3,No,340 ROBINHOOD RD,GEORGETOWN,ME,4548,207-371-2530,NEWOWNER,ANCHOR BAR & GRILL LLC,Sagadahoc,0.01351351351,43.8531306,-69.7348545
27278,WENDYS RESTAURANT,0,3,2023-05-12,2023-12-01,EATING PLACE TIER 3,No,133 CENTER ST,AUBURN,ME,4210,207-782-4572,REGULAR,LEGACY CP MAINE LLC,Androscoggin,0.04054054054,44.1074151,-70.2253648
27278,WENDYS OLD FASHINED HAMBURGERS,1,2,2019-03-06,2019-05-04,MUN - EATING PLACE,No,133 CENTER ST,AUBURN,ME,4210,207-622-6253,REGULAR,RESTWEND LLC,Androscoggin,0.06756756757,44.1074151,-70.2253648
27276,THE TRUFFLE TRUCK,1,2,2018-05-19,2019-04-27,EATING PLACE - MOBILE,No,65 DELANO DR,NORWAY,ME,4238,484-358-1110,REGULAR,ELENA LLC,Oxford,0.06756756757,44.2383166,-70.6277766
27272,SONDER & DRAM,2,0,2019-04-17,2019-06-08,MUN - EATING PLACE,No,12 ASH ST,LEWISTON,ME,4240,207-240-4624,REGULAR,SONDER DRAM INC,Androscoggin,0.08108108108,44.0962374,-70.2176088
27272,SONDER & DRAM,0,3,2023-02-09,2023-08-24,MUN - EATING PLACE,No,12 ASH ST,LEWISTON,ME,4240,207-312-4400,REGULAR,SONDER DRAM INC,Androscoggin,0.04054054054,44.0962374,-70.2176088
27270,LADY HUCK LOBSTER,0,1,2025-04-18,2025-03-20,COMMISSARY,No,44 PROSPECT ST,SEARSPORT,ME,4974,207-548-2503,REGULAR,LADY HUCK LOBSTER,Waldo,0.01351351351,44.4595411,-68.9376074
27269,CREAMED BAKING COMPANY,1,3,2018-08-22,2019-04-27,EATING PLACE TIER 1,No,49 WATER ST,WISCASSET,ME,4578,808-557-8975,REGULAR,CREAMED BAKING COMPANY,Kennebec,0.08108108108,44.0026152,-69.6640823
27269,ICE CREAMED,0,1,2021-04-29,2021-04-27,EATING PLACE TIER 1,No,49 WATER ST,WISCASSET,ME,4578,808-238-4220,NEWOWNER,CREAMED BAKING COMPANY,Kennebec,0.01351351351,44.0026152,-69.6640823
27260,WISCASSET HOUSE OF PIZZA,1,4,2025-05-29,2026-04-27,EATING PLACE TIER 1,No,74 FLOOD AVE,WISCASSET,ME,4578,207-882-7333,REGULAR,RED FLAME RESTAURANT GROUP,Lincoln,0.09459459459,43.9979223,-69.681031
27260,WISCASSET HOUSE OF PIZZA,0,0,2019-04-18,2020-04-27,EATING PLACE TIER 1,No,74 FLOOD AVE,WISCASSET,ME,4578,207-882-7333,REGULAR,RED FLAME RESTAURANT GROUP,Lincoln,0,43.9979223,-69.681031
27260,WISCASSET HOUSE OF PIZZA,0,0,2021-04-26,2022-04-27,EATING PLACE TIER 1,No,74 FLOOD AVE,WISCASSET,ME,4578,207-882-7333,REGULAR,RED FLAME RESTAURANT GROUP,Lincoln,0,43.9979223,-69.681031
27259,SOUTHGATE FAMILY RESTAURANT,2,8,2025-04-17,2025-04-30,EATING PLACE TIER 2,No,25 CENTRE ST,BATH,ME,4530,207-841-8255,REGULAR,SOUTHGARE FAMILY RESTAURANT INC,Sagadahoc,0.1891891892,43.9127407,-69.8149855
27259,SOUTHGATE FAMILY RESTAURANT,2,1,2019-01-03,2019-04-30,EATING PLACE TIER 2,No,25 CENTRE ST,BATH,ME,4530,207-841-8255,REGULAR,SOUTHGARE FAMILY RESTAURANT INC,Sagadahoc,0.09459459459,43.9127407,-69.8149855
27259,SOUTHGATE FAMILY RESTAURANT,0,2,2021-04-15,2022-04-30,EATING PLACE TIER 2,No,25 CENTRE ST,BATH,ME,4530,207-841-8255,REGULAR,SOUTHGARE FAMILY RESTAURANT INC,Sagadahoc,0.02702702703,43.9127407,-69.8149855
27258,DUNKIN DONUTS,0,1,2020-02-12,2020-06-04,EATING PLACE TIER 1,No,19 TURNER ST,CANTON,ME,4221,207-229-8600,REGULAR,ORACLE MANAGEMENT XVIII INC,Oxford,0.01351351351,44.4395608,-70.3140996
27257,RISING TIDE,3,0,2025-05-22,2026-01-09,MUN - EATING PLACE,No,103 FOX ST,PORTLAND,ME,4101,207-370-2337,REGULAR,SANDSTORM LLC,Cumberland,0.1216216216,43.665513,-70.2572199
27257,RISING TIDE BREWING CO,2,0,2023-04-11,2024-03-16,MUN - EATING PLACE,No,103 FOX ST,PORTLAND,ME,4101,207-650-0678,REGULAR,RISING TIDE BREWING CO LLC,Cumberland,0.08108108108,43.665513,-70.2572199
27257,RISING TIDE BREWING CO,1,2,2024-04-23,2025-03-16,MUN - EATING PLACE,No,103 FOX ST,PORTLAND,ME,4101,207-650-0678,REGULAR,RISING TIDE BREWING CO LLC,Cumberland,0.06756756757,43.665513,-70.2572199
27257,RISING TIDE BREWING CO LLC,1,0,2018-05-04,2019-03-16,MUN - EATING PLACE,No,103 FOX ST,PORTLAND,ME,4101,207-650-0678,REGULAR,RISING TIDE BREWING CO LLC,Cumberland,0.04054054054,43.665513,-70.2572199
27257,RISING TIDE BREWING CO,1,0,2019-05-13,2020-03-16,MUN - EATING PLACE,No,103 FOX ST,PORTLAND,ME,4101,207-650-0678,REGULAR,RISING TIDE BREWING CO LLC,Cumberland,0.04054054054,43.665513,-70.2572199
27257,RISING TIDE BREWING CO,0,1,2021-06-22,2022-03-16,MUN - EATING PLACE,No,103 FOX ST,PORTLAND,ME,4101,207-650-0678,REGULAR,RISING TIDE BREWING CO LLC,Cumberland,0.01351351351,43.665513,-70.2572199
27257,RISING TIDE BREWING CO,0,0,2022-04-20,2023-03-16,MUN - EATING PLACE,No,103 FOX ST,PORTLAND,ME,4101,207-650-0678,REGULAR,RISING TIDE BREWING CO LLC,Cumberland,0,43.665513,-70.2572199
27257,RISING TIDE BREWING CO,0,0,2025-01-09,2025-03-16,MUN - EATING PLACE,No,103 FOX ST,PORTLAND,ME,4101,207-650-0678,NEWOWNER,RISING TIDE BREWING CO LLC,Cumberland,0,43.665513,-70.2572199
27256,WATERVILLE HOUSE OF PIZZA,2,5,2022-10-18,2022-04-17,EATING PLACE TIER 2,No,145 MAIN ST,WATERVILLE,ME,4901,207-873-4300,REGULAR,WATERVILLE HOUSE OF PIZZA,Kennebec,0.1486486486,44.554928,-69.6316209
27256,WATERVILLE HOUSE OF PIZZA,1,2,2019-01-31,2019-04-17,EATING PLACE TIER 2,No,145 MAIN ST,WATERVILLE,ME,4901,207-873-4300,REGULAR,WATERVILLE HOUSE OF PIZZA,Kennebec,0.06756756757,44.554928,-69.6316209
27256,WATERVILLE HOUSE OF PIZZA,1,1,2022-12-16,2023-12-13,EATING PLACE TIER 2,No,145 MAIN ST,WATERVILLE,ME,4901,207-873-4300,REGULAR,WATERVILLE HOUSE OF PIZZA,Kennebec,0.05405405405,44.554928,-69.6316209
27255,THE BEACH BASKET,1,2,2022-06-01,2023-07-05,EATING PLACE TIER 1,No,22 SHORE RD,OGUNQUIT,ME,3907,603-948-9035,REGULAR,THE BEACH BASKET LLC,York,0.06756756757,43.2483901,-70.5993736
27255,THE BEACH BASKET,0,0,2019-04-23,2019-07-05,EATING PLACE TIER 1,No,22 SHORE RD,OGUNQUIT,ME,3907,603-948-9035,REGULAR,THE BEACH BASKET LLC,York,0,43.2483901,-70.5993736
27255,THE BEACH BASKET,0,0,2024-06-04,2024-07-05,EATING PLACE TIER 1,No,22 SHORE RD,OGUNQUIT,ME,3907,603-948-9035,REGULAR,THE BEACH BASKET LLC,York,0,43.2483901,-70.5993736
27253,BLACK BEAR BREWING CO,0,1,2019-08-20,2020-03-20,EATING PLACE TIER 2,No,191 EXCHANGE ST,BANGOR,ME,4401,207-949-2880,REGULAR,BLACK BEAR BREWERY INC,Penobscot,0.01351351351,44.8018201,-68.7687469
27238,THE CUBBYHOLE SPORTS PUB,3,5,2025-08-01,2026-03-09,EATING PLACE TIER 2,No,213 WEST ALNA RD,WISCASSET,ME,4578,207-687-2079,REGULAR,"CHAPMAN, CARLA",Lincoln,0.1891891892,44.0344192,-69.6561955
27238,THE CUBBYHOLE SPORTS PUB,2,5,2019-01-03,2019-03-09,EATING PLACE TIER 2,No,213 WEST ALNA RD,WISCASSET,ME,4578,207-687-2079,REGULAR,"CHAPMAN, CARLA",Lincoln,0.1486486486,44.0344192,-69.6561955
27238,THE CUBBYHOLE SPORTS PUB,1,2,2021-02-10,2022-03-09,EATING PLACE TIER 2,No,213 WEST ALNA RD,WISCASSET,ME,4578,207-687-2079,REGULAR,"CHAPMAN, CARLA",Lincoln,0.06756756757,44.0344192,-69.6561955
27237,POPPIES KETTLE CORN,0,3,2019-06-27,2020-04-20,EATING PLACE - MOBILE,No,35 STANDISH NECK RD,STANDISH,ME,4084,207-228-5942,REGULAR,"FINLEY JR, ROBERT J",Cumberland,0.04054054054,43.8067256,-70.4680929
27237,POPPIES KETTLE CORN,0,0,2023-06-02,2024-04-20,EATING PLACE - MOBILE,No,35 STANDISH NECK RD,STANDISH,ME,4084,207-228-5942,REGULAR,"FINLEY JR, ROBERT J",Cumberland,0,43.8067256,-70.4680929
27237,POPPIES KETTLE CORN,0,0,2024-09-23,2025-04-20,EATING PLACE - MOBILE,No,35 STANDISH NECK RD,STANDISH,ME,4084,207-228-5942,REGULAR,"FINLEY JR, ROBERT J",Cumberland,0,43.8067256,-70.4680929
27237,POPPIES KETTLE CORN,0,0,2019-05-31,2020-04-20,EATING PLACE - MOBILE STICK BUILT,No,35 STANDISH NECK RD,STANDISH,ME,4084,207-228-5942,REGULAR,"FINLEY JR, ROBERT J",Cumberland,0,43.8067256,-70.4680929
27233,LADY HUCK LOBSTER,0,1,2019-07-17,2020-03-30,EATING PLACE - MOBILE,No,28 TURNPIKE RD,SEARSPORT,ME,4974,207-548-6103,REGULAR,LADY HUCK LOBSTER,Waldo,0.01351351351,44.4770827,-68.8896187
27227,AC HOTEL BY MARRIOTT,3,3,2025-05-09,2025-08-24,MUN - EATING AND LODGING,No,158 FORE ST,PORTLAND,ME,4101,207-747-1640,REGULAR,APPLE NINE HOSPITALITY MANAGEMENT,Cumberland,0.1621621622,43.6601716,-70.2477609
27227,AC HOTEL BY MARRIOTT,2,4,2023-09-13,2024-08-24,MUN - EATING AND LODGING,No,158 FORE ST,PORTLAND,ME,4101,207-747-1640,REGULAR,APPLE NINE HOSPITALITY MANAGEMENT,Cumberland,0.1351351351,43.6601716,-70.2477609
27227,AC HOTEL BY MARRIOTT,2,0,2018-08-16,2019-06-25,MUN - EATING AND LODGING,No,158 FORE ST,PORTLAND,ME,4101,207-405-1139,REGULAR,PORTLAND NORWICH GROUP LLC,Cumberland,0.08108108108,43.6601716,-70.2477609
27227,AC HOTEL BY MARRIOTT,1,1,2024-05-02,2024-08-24,MUN - EATING AND LODGING,No,158 FORE ST,PORTLAND,ME,4101,207-747-1640,REGULAR,APPLE NINE HOSPITALITY MANAGEMENT,Cumberland,0.05405405405,43.6601716,-70.2477609
27227,AC HOTEL BY MARRIOTT,1,1,2025-05-09,2025-08-24,MUN - EATING AND LODGING,No,158 FORE ST,PORTLAND,ME,4101,207-747-1640,REGULAR,APPLE NINE HOSPITALITY MANAGEMENT,Cumberland,0.05405405405,43.6601716,-70.2477609
27227,AC HOTEL BY MARRIOTT,0,2,2021-06-29,2021-06-25,MUN - EATING AND LODGING,No,158 FORE ST,PORTLAND,ME,4101,207-405-1139,REGULAR,PORTLAND NORWICH GROUP LLC,Cumberland,0.02702702703,43.6601716,-70.2477609
27227,AC HOTEL BY MARRIOTT,0,2,2022-09-12,2023-08-24,MUN - EATING AND LODGING,No,158 FORE ST,PORTLAND,ME,4101,207-747-1640,REGULAR,APPLE NINE HOSPITALITY MANAGEMENT,Cumberland,0.02702702703,43.6601716,-70.2477609
27227,AC HOTEL BY MARRIOTT,0,1,2019-09-05,2020-06-25,MUN - EATING AND LODGING,No,158 FORE ST,PORTLAND,ME,4101,207-405-1139,REGULAR,PORTLAND NORWICH GROUP LLC,Cumberland,0.01351351351,43.6601716,-70.2477609
27227,AC HOTEL BY MARRIOTT,0,1,2021-06-29,2021-06-25,MUN - EATING AND LODGING,No,158 FORE ST,PORTLAND,ME,4101,207-405-1139,REGULAR,PORTLAND NORWICH GROUP LLC,Cumberland,0.01351351351,43.6601716,-70.2477609
27227,AC HOTEL BY MARRIOTT,0,1,2022-09-12,2023-08-24,MUN - EATING AND LODGING,No,158 FORE ST,PORTLAND,ME,4101,207-747-1640,REGULAR,APPLE NINE HOSPITALITY MANAGEMENT,Cumberland,0.01351351351,43.6601716,-70.2477609
27227,AC HOTEL BY MARRIOTT,0,1,2023-09-13,2024-08-24,MUN - EATING AND LODGING,No,158 FORE ST,PORTLAND,ME,4101,207-747-1640,REGULAR,APPLE NINE HOSPITALITY MANAGEMENT,Cumberland,0.01351351351,43.6601716,-70.2477609
27227,AC HOTEL BY MARRIOTT,0,0,2019-09-05,2020-06-25,MUN - EATING AND LODGING,No,158 FORE ST,PORTLAND,ME,4101,207-405-1139,REGULAR,PORTLAND NORWICH GROUP LLC,Cumberland,0,43.6601716,-70.2477609
27227,AC HOTEL PORTLAND DOWNTOWN/ WATERFRONT,0,0,2021-08-23,,MUN - EATING AND LODGING,No,158 FORE ST,PORTLAND,ME,4101,207-747-1640,NEWOWNER,"APPLE NINE HOSPITALITY MANAGEMENT, INC.",Cumberland,0,43.6601716,-70.2477609
27227,AC HOTEL BY MARRIOTT,0,0,2021-08-23,,MUN - EATING AND LODGING,No,158 FORE ST,PORTLAND,ME,4101,207-747-1640,NEWOWNER,"APPLE NINE HOSPITALITY MANAGEMENT, INC",Cumberland,0,43.6601716,-70.2477609
27224,CREATIVE CHILDRENS ACADEMY,0,3,2025-01-07,2025-09-27,EATING - SCHOOL SATELLITE,No,48 S FACTORY ST,SKOWHEGAN,ME,4976,207-474-8740,REGULAR,CORNVILLE REGIONAL CHARTER SCHOOL,Somerset,0.04054054054,44.7594992,-69.7092487
27224,CORNVILLE REGIONAL CHARTER SCHOOL - ECC,0,2,2020-01-30,2020-09-27,EATING - SCHOOL SATELLITE,No,48 S FACTORY ST,SKOWHEGAN,ME,4976,207-477-8740,REGULAR,CORNVILLE REGIONAL CHARTER SCHOOL,Somerset,0.02702702703,44.7594992,-69.7092487
27224,CREATIVE CHILDRENS ACADEMY,0,2,2024-03-04,2024-09-27,EATING - SCHOOL SATELLITE,No,48 S FACTORY ST,SKOWHEGAN,ME,4976,207-474-8740,REGULAR,CORNVILLE REGIONAL CHARTER SCHOOL,Somerset,0.02702702703,44.7594992,-69.7092487
27224,CORNVILLE REGIONAL CHARTER SCHOOL - ECC,0,0,2021-05-06,2021-09-27,EATING - SCHOOL SATELLITE,No,48 S FACTORY ST,SKOWHEGAN,ME,4976,207-474-8740,REGULAR,CORNVILLE REGIONAL CHARTER SCHOOL,Somerset,0,44.7594992,-69.7092487
27224,CORNVILLE REGIONAL CHARTER SCHOOL - ECC,0,0,2023-03-17,2023-09-27,EATING - SCHOOL SATELLITE,No,48 S FACTORY ST,SKOWHEGAN,ME,4976,207-474-8740,REGULAR,CORNVILLE REGIONAL CHARTER SCHOOL,Somerset,0,44.7594992,-69.7092487
27220,T & S TAKEOUT,0,0,2019-09-04,2020-03-27,EATING PLACE - MOBILE,No,124 WALkER RD,LAMOINE,ME,4605,207-460-4908,REGULAR,"HIGGINS, ANTHONY",Hancock,0,44.4828363,-68.3147479
27219,NEDS BAKES & BBQ,1,3,2024-06-12,2024-07-12,CATERING,No,244 CAT MOUSAM RD,KENNEBUNK,ME,4043,207-985-1901,REGULAR,G & N CORP,York,0.08108108108,43.3951573,-70.5638643
27219,NEDS BAKES & BBQ,0,0,2019-04-02,2019-05-10,CATERING,No,244 CAT MOUSAM RD,KENNEBUNK,ME,4043,207-985-1901,REGULAR,G & N CORP,York,0,43.3951573,-70.5638643
27217,FRO DOUGH PIZZA AND BAKE SHOP,2,2,2022-05-12,2023-02-23,EATING PLACE TIER 1,No,387 MAIN ST,MATTAWAMKEAG,ME,4459,207-736-2029,NEWOWNER,Fro Dough Pizza & Bake Shop,Penobscot,0.1081081081,45.5537686,-68.331088
27217,MARKIES PIZZA JOINT,1,5,2020-12-02,2021-02-23,EATING PLACE TIER 1,No,387 MAIN ST,MATTAWAMKEAG,ME,4459,207-736-2029,REGULAR,MARKIE PIZZA JOINT,Penobscot,0.1081081081,45.5537686,-68.331088
27217,MARKIES PIZZA JOINT,1,2,2018-08-20,2019-02-23,EATING PLACE TIER 1,No,387 MAIN ST,MATTAWAMKEAG,ME,4459,207-736-2029,REGULAR,MARKIE PIZZA JOINT,Penobscot,0.06756756757,45.5537686,-68.331088
27216,MAINE LOBSTER SHACK,2,2,2018-11-15,2019-03-29,MUN - EATING PLACE,No,425 FORE ST,PORTLAND,ME,4101,207-835-0700,REGULAR,MAINE LOBSTER SHACK LLC,Cumberland,0.1081081081,43.6564097,-70.2543144
27216,MAINE LOBSTER SHACK,1,4,2018-05-08,2019-03-29,MUN - EATING PLACE,No,425 FORE ST,PORTLAND,ME,4101,207-835-0700,REGULAR,MAINE LOBSTER SHACK LLC,Cumberland,0.09459459459,43.6564097,-70.2543144
27216,MAINE LOBSTER SHACK,1,4,2019-05-10,2020-03-29,MUN - EATING PLACE,No,425 FORE ST,PORTLAND,ME,4101,207-835-0700,REGULAR,MAINE LOBSTER SHACK LLC,Cumberland,0.09459459459,43.6564097,-70.2543144
27216,MAINE LOBSTER SHACK,1,3,2019-10-25,2020-03-29,MUN - EATING PLACE,No,425 FORE ST,PORTLAND,ME,4101,207-835-0700,REGULAR,MAINE LOBSTER SHACK LLC,Cumberland,0.08108108108,43.6564097,-70.2543144
27215,SODEXO @ RIPICH COMMONS PUB,1,1,2019-04-26,2020-03-01,EATING AND CATERING,No,11 HILLS BEACH RD,BIDDEFORD,ME,4005,207-602-2851,REGULAR,SODEXO MGMT SVS,York,0.05405405405,43.4586009,-70.3890672
27215,UNIVERSITY OF NEW ENGLAND DINING,1,1,2022-09-26,2023-08-21,EATING AND CATERING,No,11 HILLS BEACH RD,BIDDEFORD,ME,4005,412-461-6000,REGULAR,PARKHURST DINING,York,0.05405405405,43.4586009,-70.3890672
27215,SODEXO @ RIPICH COMMONS PUB,0,0,2019-08-21,2020-03-01,EATING AND CATERING,No,11 HILLS BEACH RD,BIDDEFORD,ME,4005,207-602-2851,NEWOWNER,SODEXO MGMT SVS,York,0,43.4586009,-70.3890672
27215,UNIVERSITY OF NEW ENGLAND DINING,0,0,2025-01-14,2025-08-21,EATING AND CATERING,No,11 HILLS BEACH RD,BIDDEFORD,ME,4005,412-461-6000,REGULAR,PARKHURST DINING,York,0,43.4586009,-70.3890672
27209,I SCREAM PARLOR,1,3,2024-06-11,2025-03-26,EATING PLACE TIER 1,No,474 MAIN ST,JACKMAN,ME,4945,207-668-3411,REGULAR,BISHOPS STORE INC,Somerset,0.08108108108,45.6262342,-70.2576356
27209,I SCREAM PARLOR,0,2,2018-05-31,2018-06-24,EATING PLACE TIER 1,No,474 MAIN ST,JACKMAN,ME,4945,207-668-3411,REGULAR,BISHOPS STORE INC,Somerset,0.02702702703,45.6262342,-70.2576356
27207,FIELDERS CHOICE,1,4,2019-03-15,2019-05-07,EATING PLACE TIER 1,No,271 BATH RD,BRUNSWICK,ME,4011,207-240-2683,REGULAR,FIELDERS CHOICE LLC,Cumberland,0.09459459459,43.9108183,-69.9035955
27207,FIELDERS CHOICE,0,4,2024-02-21,2024-05-07,EATING PLACE TIER 1,No,271 BATH RD,BRUNSWICK,ME,4011,207-441-3381,NEWOWNER,"FCICECREAMBRUNSWICK, LLC",Cumberland,0.05405405405,43.9108183,-69.9035955
27206,SEAFOLK COFFEE,2,6,2025-03-26,2025-06-05,EATING PLACE TIER 1,No,22 CENTRAL ST,ROCKPORT,ME,4856,706-201-7725,REGULAR,SEAFOLK LLC,Knox,0.1621621622,44.1874554,-69.072584
27206,SEAFOLK COFFEE,1,4,2019-01-09,2019-06-05,EATING PLACE TIER 1,No,22 CENTRAL ST,ROCKPORT,ME,4856,706-201-7725,REGULAR,SEAFOLK LLC,Knox,0.09459459459,44.1874554,-69.072584
27206,SEAFOLK COFFEE,1,2,2018-06-01,2018-05-14,EATING PLACE TIER 1,No,22 CENTRAL ST,ROCKPORT,ME,4856,706-201-7725,REGULAR,SEAFOLK LLC,Knox,0.06756756757,44.1874554,-69.072584
27205,THE OXFORD HOUSE INN,0,0,2023-03-16,2024-02-06,CATERING,No,548 MAIN ST,FRYEBURG,ME,4037,207-935-3442,REGULAR,THE OXFORD HOUSE INN INC,Oxford,0,44.0163103,-70.9819606
27204,TOPSL FARM (CATERING),0,0,2019-11-21,2020-08-19,EATING AND CATERING,No,364 BREMEN RD,WALDOBORO,ME,4572,435-640-6440,REGULAR,FARM ON BREMEN RD LLC,Lincoln,0,44.086607,-69.3897516
27203,RIVER WINDS FARM,0,0,2021-03-05,2022-02-16,CATERING,No,121 LOUDEN RD,SACO,ME,4072,207-415-2110,REGULAR,RW EVENTS LLC,Cumberland,0,43.5418672,-70.5051383
27203,RIVER WINDS FARM,0,0,2024-12-12,2025-02-16,CATERING,No,121 LOUDEN RD,SACO,ME,4072,207-415-2110,REGULAR,RW EVENTS LLC,Cumberland,0,43.5418672,-70.5051383
27199,DUNKIN DONUTS,2,7,2019-03-06,2019-05-11,EATING PLACE TIER 2,No,1247 ROOSEVELT TRL,RAYMOND,ME,4071,978-898-1200,REGULAR,SPEED RAY LLC,Cumberland,0.1756756757,43.8826268,-70.4650822
27199,DUNKIN DONUTS,0,3,2021-11-03,2022-05-11,EATING PLACE TIER 2,No,1247 ROOSEVELT TRL,RAYMOND,ME,4071,978-898-1200,REGULAR,SPEED RAY LLC,Cumberland,0.04054054054,43.8826268,-70.4650822
27199,DUNKIN DONUTS,0,2,2025-04-22,2026-05-11,EATING PLACE TIER 2,No,1247 ROOSEVELT TRL,RAYMOND,ME,4071,978-898-1200,REGULAR,SPEED RAY LLC,Cumberland,0.02702702703,43.8826268,-70.4650822
27199,DUNKIN DONUTS,0,1,2023-05-01,2024-05-11,EATING PLACE TIER 2,No,1247 ROOSEVELT TRL,RAYMOND,ME,4071,978-898-1200,REGULAR,SPEED RAY LLC,Cumberland,0.01351351351,43.8826268,-70.4650822
27193,CENTER THEATRE INC,0,0,2019-07-17,2020-03-01,EATING PLACE TIER 1,No,20 E MAIN ST,DOVER-FOXCROFT,ME,4426,207-564-8943,REGULAR,"MYERS, PATRICK",Piscataquis,0,45.183952,-69.2292565
27193,CENTER THEATRE INC,0,0,2023-03-28,2023-03-01,EATING PLACE TIER 1,No,20 E MAIN ST,DOVER-FOXCROFT,ME,4426,207-564-8943,REGULAR,"MYERS, PATRICK",Piscataquis,0,45.183952,-69.2292565
27193,CENTER THEATRE INC,0,0,2025-04-01,2025-03-01,EATING PLACE TIER 1,No,20 E MAIN ST,DOVER-FOXCROFT,ME,4426,207-564-8943,REGULAR,"MYERS, PATRICK",Piscataquis,0,45.183952,-69.2292565
27191,MAINE COAST WALDORF SCHOOL,3,2,2019-02-07,2019-09-27,EATING - SCHOOL,No,57 DESERT RD,FREEPORT,ME,4032,207-865-3900,REGULAR,BRUNSWICK WALDORF SCHOOL ASSOCIATION,Cumberland,0.1486486486,43.8516205,-70.1440283
27191,MAINE COAST WALDORF SCHOOL,2,2,2024-03-05,2024-09-27,EATING - SCHOOL,No,57 DESERT RD,FREEPORT,ME,4032,207-865-3900,REGULAR,BRUNSWICK WALDORF SCHOOL ASSOCIATION,Cumberland,0.1081081081,43.8516205,-70.1440283
27191,MAINE COAST WALDORF SCHOOL,2,0,2025-01-15,2025-09-27,EATING - SCHOOL,No,57 DESERT RD,FREEPORT,ME,4032,207-865-3900,REGULAR,BRUNSWICK WALDORF SCHOOL ASSOCIATION,Cumberland,0.08108108108,43.8516205,-70.1440283
27191,MAINE COAST WALDORF SCHOOL,0,1,2022-05-24,2022-09-27,EATING - SCHOOL,No,57 DESERT RD,FREEPORT,ME,4032,207-865-3900,REGULAR,BRUNSWICK WALDORF SCHOOL ASSOCIATION,Cumberland,0.01351351351,43.8516205,-70.1440283
27191,MAINE COAST WALDORF SCHOOL,0,1,2023-05-11,2023-09-27,EATING - SCHOOL,No,57 DESERT RD,FREEPORT,ME,4032,207-865-3900,REGULAR,BRUNSWICK WALDORF SCHOOL ASSOCIATION,Cumberland,0.01351351351,43.8516205,-70.1440283
27187,HARVEST MOON HOLDINGS,2,2,2025-05-02,2026-05-17,EATING PLACE TIER 2,No,1010 STILLWATER AVE,BANGOR,ME,4473,207-735-4997,REGULAR,HARVEST MOON HOLDINGS LLC,Penobscot,0.1081081081,44.8423876,-68.7450244
27187,HARVEST MOON HOLDINGS,2,1,2018-07-03,2019-05-17,EATING PLACE TIER 2,No,1010 STILLWATER AVE,BANGOR,ME,4473,207-735-4997,FOLLOW_UP_FULL,HARVEST MOON HOLDINGS LLC,Penobscot,0.09459459459,44.8423876,-68.7450244
27186,DUNKIN DONUTS,0,5,2023-06-16,2024-02-14,EATING PLACE TIER 1,No,2484 CARMEL RD NORTH,NEWBURGH,ME,4444,207-433-7150,REGULAR,PRIMOS DINUTS LLC,Penobscot,0.06756756757,44.7569812,-68.9732905
27186,DUNKIN DONUTS,0,2,2019-02-06,2020-02-14,EATING PLACE TIER 1,No,2484 CARMEL RD NORTH,NEWBURGH,ME,4444,207-433-7150,REGULAR,PRIMOS DINUTS LLC,Penobscot,0.02702702703,44.7569812,-68.9732905
27185,ACCESS 89 BAR & GRILL,3,6,2019-02-01,2020-01-31,EATING PLACE TIER 2,No,539 ACCESS HWY,CARIBOU,ME,4736,207-492-2373,REGULAR,ACCESS 89 BAR & GRILL LLC,Aroostook,0.2027027027,46.8853886,-67.9500622
27185,ACCESS 89 BAR & GRILL,2,6,2019-12-11,2020-01-31,EATING PLACE TIER 2,No,539 ACCESS HWY,CARIBOU,ME,4736,207-671-4555,NEWOWNER,ACCESS 89 BAR & GRILL LLC,Aroostook,0.1621621622,46.8853886,-67.9500622
27185,ACCESS 89 BAR & GRILL,2,5,2020-01-09,2020-01-12,EATING PLACE TIER 2,No,539 ACCESS HWY,CARIBOU,ME,4736,207-671-4555,FOLLOW_UP_FULL,CDF LLC,Aroostook,0.1486486486,46.8853886,-67.9500622
27183,LEGENDS REST TAPROOM,2,0,2019-02-07,2019-05-10,EATING PLACE TIER 2,No,855 MAIN ST,WESTBROOK,ME,4092,207-831-3634,REGULAR,THREE BALL LLC,Cumberland,0.08108108108,43.6768262,-70.3661657
27180,THE PERFECT SPELL,0,1,2020-01-10,2020-10-28,EATING PLACE TIER 2,No,9 MECHANIC ST,FREEPORT,ME,4032,207-550-7377,REGULAR,"RICHARDS, JOSEPH",Cumberland,0.01351351351,43.8577098,-70.1015931
27180,HOMAGE,0,2,2019-01-15,2019-02-07,EATING PLACE TIER 3,No,9 MECHANIC ST,FREEPORT,ME,4032,207-712-2050,REGULAR,IDS,Cumberland,0.02702702703,43.8577098,-70.1015931
27177,THE TASTING ROOM,0,0,2018-12-14,2020-01-16,MUN - EATING PLACE,No,495 FOREST AVE,PORTLAND,ME,4101,207-875-6700,REGULAR,VIALE LLC,Cumberland,0,43.6674414,-70.2781291
27177,THE TASTING ROOM,0,0,2019-12-03,2020-01-16,MUN - EATING PLACE,No,495 FOREST AVE,PORTLAND,ME,4101,207-875-6700,REGULAR,VIALE LLC,Cumberland,0,43.6674414,-70.2781291
27177,THE TASTING ROOM,0,0,2021-10-25,2022-01-16,MUN - EATING PLACE,No,495 FOREST AVE,PORTLAND,ME,4101,207-875-6700,REGULAR,VIALE LLC,Cumberland,0,43.6674414,-70.2781291
27177,THE TASTING ROOM,0,0,2022-11-30,2023-01-16,MUN - EATING PLACE,No,495 FOREST AVE,PORTLAND,ME,4101,207-875-6700,REGULAR,VIALE LLC,Cumberland,0,43.6674414,-70.2781291
27177,THE TASTING ROOM,0,0,2023-11-02,2024-01-16,MUN - EATING PLACE,No,495 FOREST AVE,PORTLAND,ME,4101,207-875-6700,REGULAR,VIALE LLC,Cumberland,0,43.6674414,-70.2781291
27177,THE TASTING ROOM,0,0,2024-11-19,2025-01-16,MUN - EATING PLACE,No,495 FOREST AVE,PORTLAND,ME,4101,207-875-6700,REGULAR,VIALE LLC,Cumberland,0,43.6674414,-70.2781291
27176,FRIARS BREWHOUSE TAPROOM,1,2,2020-03-06,2020-03-09,EATING PLACE TIER 2,No,84 MAIN ST,BUCKSPORT,ME,4416,207-469-0882,REGULAR,FRIAR BREWHOUSE TAPROOM,Hancock,0.06756756757,44.571904,-68.7953274
27176,MY BUDDY'S PLACE,0,3,2024-08-07,2024-03-09,EATING PLACE TIER 2,No,84 MAIN ST,BUCKSPORT,ME,4416,207-300-3671,NEWOWNER,MY BUDDY'S PLACE LLC,Hancock,0.04054054054,44.571904,-68.7953274
27174,THE GRAND,1,0,2023-03-02,2024-01-23,EATING PLACE - LIMITED MENU,No,165 MAIN ST,ELLSWORTH,ME,4605,207-667-9500,REGULAR,HANCOCK COUNTY AUDITORIUM ASSOCIATES,Hancock,0.04054054054,44.5416137,-68.4227393
27173,DUNKIN DONUTS,2,5,2023-12-11,2024-05-03,EATING PLACE TIER 1,No,14 OCEAN PARK RD,OLD ORCHARD BEACH,ME,4063,978-682-2382,REGULAR,OCEAN PARK DONUTS LLC,York,0.1486486486,43.5082388,-70.4126931
27173,DUNKIN DONUTS,0,5,2018-12-12,2019-05-03,EATING PLACE TIER 1,No,14 OCEAN PARK RD,OLD ORCHARD BEACH,ME,4063,978-6872-2382,REGULAR,OCEAN PARK DONUTS LLC,York,0.06756756757,43.5082388,-70.4126931
27173,DUNKIN DONUTS,0,2,2021-10-22,2022-05-03,EATING PLACE TIER 1,No,14 OCEAN PARK RD,OLD ORCHARD BEACH,ME,4063,978-682-2382,REGULAR,OCEAN PARK DONUTS LLC,York,0.02702702703,43.5082388,-70.4126931
27172,SABLE LODGE RETIREMENT,0,0,2019-01-16,2019-02-21,MUN - EATING PLACE,No,74 RUNNING HILL RD,SOUTH PORTLAND,ME,4106,407-730-3639,REGULAR,SABLE LODGE RETIREMENT,Cumberland,0,43.6371129,-70.3408689
27169,DRIFTERS WIFE,1,0,2019-03-20,2020-02-01,MUN - EATING PLACE,No,59 WASHINGTON AVE,PORTLAND,ME,4101,207-805-1336,REGULAR,MAINE & LOIRE LLC,Cumberland,0.04054054054,43.6653581,-70.2519527
27169,DRIFTERS WIFE,0,1,2020-03-10,2021-02-01,MUN - EATING PLACE,No,59 WASHINGTON AVE,PORTLAND,ME,4101,207-805-1336,REGULAR,MAINE & LOIRE LLC,Cumberland,0.01351351351,43.6653581,-70.2519527
27169,DRIFTERS WIFE,0,0,2018-08-09,2019-02-01,MUN - EATING PLACE,No,59 WASHINGTON AVE,PORTLAND,ME,4101,207-805-1336,REGULAR,MAINE & LOIRE LLC,Cumberland,0,43.6653581,-70.2519527
27169,MAINE & LOIRE,0,0,2023-06-16,2024-02-01,MUN - EATING PLACE,No,59 WASHINGTON AVE,PORTLAND,ME,4101,207-805-1336,REGULAR,MAINE & LOIRE LLC,Cumberland,0,43.6653581,-70.2519527
27169,MAINE & LOIRE,0,0,2024-06-18,2025-02-01,MUN - EATING PLACE,No,59 WASHINGTON AVE,PORTLAND,ME,4101,207-805-1336,REGULAR,MAINE & LOIRE LLC,Cumberland,0,43.6653581,-70.2519527
27169,MAINE & LOIRE,0,0,2025-07-09,2026-02-01,MUN - EATING PLACE,No,59 WASHINGTON AVE,PORTLAND,ME,4101,207-805-1336,REGULAR,MAINE & LOIRE LLC,Cumberland,0,43.6653581,-70.2519527
27164,BARNCASTLE CATERING,0,2,2019-08-30,2020-01-09,CATERING,No,125 SOUTH ST,BLUE HILL,ME,4614,207-374-2300,REGULAR,BARNCASTLE,Hancock,0.02702702703,44.4008478,-68.5907248
27159,PART & PARCEL,0,1,2022-03-15,2022-04-06,EATING PLACE TIER 1,No,17 ALFRED ST,BIDDEFORD,ME,4005,207-494-8376,REGULAR,PART & PARCEL,York,0.01351351351,43.4921527,-70.4535233
27159,PART & PARCEL,0,0,2019-01-31,2019-04-06,EATING PLACE TIER 1,No,17 ALFRED ST,BIDDEFORD,ME,4005,207-449-0963,REGULAR,PART & PARCEL,York,0,43.4921527,-70.4535233
27159,CATFACE CAFE,0,0,2024-04-17,2025-01-24,EATING PLACE TIER 2,No,17 ALFRED ST,BIDDEFORD,ME,4005,207-907-0032,REGULAR,CATFACE CAFE LLC,York,0,43.4921527,-70.4535233
27157,TOTO'S HOUSE OF PIZZA,2,7,2023-05-12,2023-10-25,EATING PLACE - TAKEOUT,No,1 E MAIN ST,DOVER-FOXCROFT,ME,4426,207-270-2224,REGULAR,"MARKAKI, HRISOULA, SAWIOTI",Piscataquis,0.1756756757,45.1842278,-69.2308869
27157,MISSION IMPIZZABLE,4,10,2019-09-05,2019-01-01,EATING PLACE TIER 2,Yes,1 E MAIN ST,DOVER-FOXCROFT,ME,4426,207-564-0436,NEWOWNER,"MARKAKI, HRISOULA, SAWIOTI",Piscataquis,0.2972972973,45.1842278,-69.2308869
27157,MISSION IMPIZZABLE,2,10,2018-07-26,2019-01-01,EATING PLACE TIER 2,No,1 E MAIN ST,DOVER-FOXCROFT,ME,4426,207-564-0436,FOLLOW_UP_FULL,"MARKAKI, ELENI",Piscataquis,0.2162162162,45.1842278,-69.2308869
27157,MISSION IMPIZZABLE,0,4,2020-01-09,2019-11-04,EATING PLACE TIER 2,No,1 E MAIN ST,DOVER-FOXCROFT,ME,4426,207-564-0436,FOLLOW_UP_FULL,"MARKAKI, HRISOULA, SAWIOTI",Piscataquis,0.05405405405,45.1842278,-69.2308869
27154,BATH BREWING COMPANY,3,6,2024-05-07,2025-02-21,EATING PLACE TIER 3,No,141 FRONT ST,BATH,ME,4530,207-389-6039,REGULAR,BATH BREWING COMPANY,Cumberland,0.2027027027,43.9143002,-69.8140913
27154,BATH BREWING COMPANY,2,6,2022-02-09,2023-02-21,EATING PLACE TIER 3,No,141 FRONT ST,BATH,ME,4530,207-389-6039,REGULAR,BATH BREWING COMPANY,Cumberland,0.1621621622,43.9143002,-69.8140913
27154,BATH BREWING COMPANY,3,3,2018-11-27,2019-02-21,EATING PLACE TIER 3,No,141 FRONT ST,BATH,ME,4530,207-841-0009,REGULAR,BATH BREWING COMPANY,Cumberland,0.1621621622,43.9143002,-69.8140913
27150,BRICKYARD HOLLOW BREWING COMPANY,3,5,2019-01-24,2019-06-15,EATING PLACE TIER 3,No,236 MAIN ST,YARMOUTH,ME,4096,207-776-8908,REGULAR,BRICKYARD HOLLOW BREWING COMPANY,Cumberland,0.1891891892,43.800898,-70.1884174
27150,BRICKYARD HOLLOW BREWING COMPANY,1,7,2023-03-20,2023-06-15,EATING PLACE TIER 3,No,236 MAIN ST,YARMOUTH,ME,4096,207-776-8908,REGULAR,BRICKYARD HOLLOW BREWING COMPANY,Cumberland,0.1351351351,43.800898,-70.1884174
27150,BRICKYARD HOLLOW BREWING COMPANY,0,3,2019-03-01,2019-06-15,EATING PLACE TIER 3,No,236 MAIN ST,YARMOUTH,ME,4096,207-776-8908,REGULAR,BRICKYARD HOLLOW BREWING COMPANY,Cumberland,0.04054054054,43.800898,-70.1884174
27150,BRICKYARD HOLLOW BREWING COMPANY,0,2,2023-04-19,2023-06-15,EATING PLACE TIER 3,No,236 MAIN ST,YARMOUTH,ME,4096,207-776-8908,REGULAR,BRICKYARD HOLLOW BREWING COMPANY,Cumberland,0.02702702703,43.800898,-70.1884174
27150,BRICKYARD HOLLOW BREWING COMPANY,0,2,2025-04-28,2025-06-15,EATING PLACE TIER 3,No,236 MAIN ST,YARMOUTH,ME,4096,207-776-8908,REGULAR,BRICKYARD HOLLOW BREWING COMPANY,Cumberland,0.02702702703,43.800898,-70.1884174
27148,CAPS TAVERN,0,1,2018-07-03,2019-01-23,EATING PLACE TIER 3,No,494 1/2 S MAIN ST,BREWER,ME,4412,207-989-1226,REGULAR,"MERRITT, DELANO G",Penobscot,0.01351351351,44.7856925,-68.7710492
27148,CAPS TAVERN,0,0,2024-09-30,2025-01-23,EATING PLACE TIER 3,No,494 1/2 S MAIN ST,BREWER,ME,4412,207-989-1226,REGULAR,"MERRITT, DELANO G",Penobscot,0,44.7856925,-68.7710492
27146,STARBUCKS COFFEE,1,1,2019-02-06,2019-06-07,EATING PLACE TIER 2,No,306 US ROUTE 1,KITTERY,ME,3904,206-318-7290,REGULAR,STARBUCKS CORP,York,0.05405405405,43.1112239,-70.7345476
27146,STARBUCKS COFFEE,1,1,2022-03-28,2022-06-07,EATING PLACE TIER 2,No,306 US ROUTE 1,KITTERY,ME,3904,206-318-7290,REGULAR,STARBUCKS CORP,York,0.05405405405,43.1112239,-70.7345476
27146,STARBUCKS COFFEE,0,2,2024-02-23,2024-06-07,EATING PLACE TIER 2,No,306 US ROUTE 1,KITTERY,ME,3904,206-318-7290,REGULAR,STARBUCKS CORP,York,0.02702702703,43.1112239,-70.7345476
27145,MAINELY NOODS,6,5,2022-02-16,2022-12-13,MUN - EATING PLACE,Yes,658 CONGRESS ST,PORTLAND,ME,4101,207-939-1402,REGULAR,NOODLE LOVE LLC,Cumberland,0.3108108108,43.6531143,-70.2657358
27145,MAINELY NOODS,5,3,2025-06-24,2025-12-13,MUN - EATING PLACE,Yes,658 CONGRESS ST,PORTLAND,ME,4101,207-939-1402,REGULAR,NOODLE LOVE LLC,Cumberland,0.2432432432,43.6531143,-70.2657358
27145,MAINELY NOODS,3,1,2024-03-20,2024-12-13,MUN - EATING PLACE,No,658 CONGRESS ST,PORTLAND,ME,4101,207-939-1402,REGULAR,NOODLE LOVE LLC,Cumberland,0.1351351351,43.6531143,-70.2657358
27145,POKE POP,2,1,2018-10-31,2019-07-03,MUN - EATING PLACE,No,658 CONGRESS ST,PORTLAND,ME,4101,207-939-1402,REGULAR,POKE POP LLC,Cumberland,0.09459459459,43.6531143,-70.2657358
27145,MAINELY NOODS,1,4,2023-03-29,2023-12-13,MUN - EATING PLACE,No,658 CONGRESS ST,PORTLAND,ME,4101,207-939-1402,REGULAR,NOODLE LOVE LLC,Cumberland,0.09459459459,43.6531143,-70.2657358
27145,POKE POP,0,5,2019-04-29,2019-07-03,MUN - EATING PLACE,No,658 CONGRESS ST,PORTLAND,ME,4101,207-939-1402,REGULAR,POKE POP LLC,Cumberland,0.06756756757,43.6531143,-70.2657358
27145,MAINELY NOODS,1,1,2022-07-12,2022-12-13,MUN - EATING PLACE,No,658 CONGRESS ST,PORTLAND,ME,4101,207-939-1402,REGULAR,NOODLE LOVE LLC,Cumberland,0.05405405405,43.6531143,-70.2657358
27145,NOODLE LOVE,0,1,2020-02-28,2020-12-13,MUN - EATING PLACE,No,658 CONGRESS ST,PORTLAND,ME,4101,207-939-1402,REGULAR,NOODLE LOVE LLC,Cumberland,0.01351351351,43.6531143,-70.2657358
27145,NOODLE LOVE,0,0,2019-12-12,2020-07-03,MUN - EATING PLACE,No,658 CONGRESS ST,PORTLAND,ME,4101,207-939-1402,NEWOWNER,POKE POP LLC,Cumberland,0,43.6531143,-70.2657358
27142,UNE RIPICH COMMOM,2,0,2019-04-26,2020-01-02,EATING AND CATERING,No,11 HILLS BEACH RD,BIDDEFORD,ME,4005,207-602-2369,REGULAR,SODEXO OPERATIONS LLC,York,0.08108108108,43.4586009,-70.3890672
27142,UNIVERSITY OF NEW ENGLAND DINING,1,2,2022-09-26,2023-08-21,EATING AND CATERING,No,11 HILLS BEACH RD,BIDDEFORD,ME,4005,412-215-9800,REGULAR,PARKHURST DINING,York,0.06756756757,43.4586009,-70.3890672
27142,UNIVERSITY OF NEW ENGLAND DINING,0,1,2025-01-14,2025-08-21,EATING AND CATERING,No,11 HILLS BEACH RD,BIDDEFORD,ME,4005,412-215-9800,REGULAR,PARKHURST DINING,York,0.01351351351,43.4586009,-70.3890672
27142,UNE RIPICH COMMOM,0,0,2019-08-21,2020-01-02,EATING AND CATERING,No,11 HILLS BEACH RD,BIDDEFORD,ME,4005,207-602-2369,REGULAR,SODEXO OPERATIONS LLC,York,0,43.4586009,-70.3890672
27140,DOWNEAST CURRY COMPANY,0,0,2018-01-16,2018-01-16,EATING PLACE - MOBILE,No,18 SPRING ST,BELFAST,ME,4915,609-357-7831,REGULAR,BOUTOTE GROUP,Waldo,0,44.4261995,-69.0042934
27135,SWEET MOMENTS,0,0,2023-06-07,2024-06-25,EATING PLACE TIER 1,No,21 SCHOOL HOUSE RD,ORLAND,ME,4472,207-659-2524,REGULAR,THE DASH GROUP,Hancock,0,44.5687924,-68.7358382
27134,THE KNOTTY MOOSE,3,3,2019-10-18,2019-12-21,EATING PLACE TIER 1,No,1359 ROXBURY NOTCH RD,ROXBURY,ME,4275,207-670-8778,REGULAR,THE KNOTTY MOOSE,Oxford,0.1621621622,44.6409787,-70.686403
27134,THE KNOTTY MOOSE,1,1,2023-03-23,2023-12-21,EATING PLACE TIER 2,No,1359 ROXBURY NOTCH RD,ROXBURY,ME,4275,207-670-8778,REGULAR,THE KNOTTY MOOSE,Oxford,0.05405405405,44.6409787,-70.686403
27134,THE KNOTTY MOOSE,1,1,2023-03-28,2023-12-21,EATING PLACE TIER 2,No,1359 ROXBURY NOTCH RD,ROXBURY,ME,4275,207-670-8778,NEWOWNER,THE KNOTTY MOOSE,Oxford,0.05405405405,44.6409787,-70.686403
27134,THE KNOTTY MOOSE,0,0,2023-03-24,2023-12-21,EATING PLACE TIER 2,No,1359 ROXBURY NOTCH RD,ROXBURY,ME,4275,207-670-8778,NEWOWNER,THE KNOTTY MOOSE Tavern LLC,Oxford,0,44.6409787,-70.686403
27131,DUNKIN DONUTS,0,2,2024-04-02,2025-03-09,EATING PLACE TIER 1,No,6 STONECREST DR,TURNER,ME,4282,978-263-6200,REGULAR,"DMCP AUBURN, LLC",Androscoggin,0.02702702703,44.1981836,-70.2440786
27131,DUNKIN DONUTS,0,1,2022-03-25,2022-01-12,EATING PLACE TIER 1,No,6 STONECREST DR,TURNER,ME,4282,978-263-6200,NEWOWNER,"DMCP AUBURN, LLC",Androscoggin,0.01351351351,44.1981836,-70.2440786
27131,DUNKIN DONUTS,0,0,2019-05-10,2020-01-12,EATING PLACE TIER 1,No,9 STONECREST DR,TURNER,ME,4282,207-225-3898,REGULAR,DEL RAY DONUTS LLC,Androscoggin,0,44.1981976,-70.2443467
27130,JERSEYS SUBS & SWEETS,3,9,2019-05-01,2020-01-22,EATING PLACE TIER 1,No,25 HAMMOND ST,BANGOR,ME,4401,207-217-2169,REGULAR,"COLEMAN, JASON",Penobscot,0.2432432432,44.8017618,-68.7710548
27125,VANTAGE POINT CHOWDER,0,0,2018-09-28,2019-04-19,MUN - EATING PLACE - MOBILE,No,,PORTLAND,ME,4102,207-999-9916,REGULAR,VANTAGE POINT PROVISIONS LLC,Cumberland,0,43.6573605,-70.2586618
27122,TRILLIUM EVENTS,0,0,2022-03-28,2022-12-21,CATERING,No,62 LITTLE RIVER DR,BELFAST,ME,4915,207-338-5080,REGULAR,TRILLIUM EVENTS INC,Waldo,0,44.4052423,-69.0107352
27104,GARDEN STREET BOWL,2,2,2022-04-06,2022-11-20,EATING PLACE TIER 3,No,11 GARDEN ST,KENNEBUNK,ME,4043,207-636-7799,REGULAR,GARDEN STREET BOW INC,York,0.1081081081,43.3859838,-70.5412096
27104,GARDEN STREET BOWL,0,2,2024-12-03,2025-11-20,EATING PLACE TIER 3,No,11 GARDEN ST,KENNEBUNK,ME,4043,207-636-7799,REGULAR,GARDEN STREET BOW INC,York,0.02702702703,43.3859838,-70.5412096
27104,GARDEN STREET BOWL,0,1,2019-04-02,2019-11-20,EATING PLACE TIER 3,No,11 GARDEN ST,KENNEBUNK,ME,4043,207-636-7799,REGULAR,GARDEN STREET BOW INC,York,0.01351351351,43.3859838,-70.5412096
27102,TRU BY HILTON,1,1,2025-07-24,2026-07-17,MUN - EATING AND LODGING,No,369 MAINE MALL RD,SOUTH PORTLAND,ME,4106,207-775-6161,REGULAR,HOSP PER ME 363 MALL LLC,Cumberland,0.05405405405,43.635652,-70.3369465
27102,TRU BY HILTON PORTLAND,0,2,2019-03-21,2019-12-15,MUN - EATING AND LODGING,No,369 MAINE MALL RD,SOUTH PORTLAND,ME,4106,207-221-3131,REGULAR,VANSLEEP,Cumberland,0.02702702703,43.635652,-70.3369465
27102,TRU BY HILTON PORTLAND,0,1,2022-06-07,2022-12-15,MUN - EATING AND LODGING,No,369 MAINE MALL RD,SOUTH PORTLAND,ME,4106,207-221-3131,NEWOWNER,VANSLEEP,Cumberland,0.01351351351,43.635652,-70.3369465
27102,TRU BY HILTON,0,1,2023-07-17,2023-06-08,MUN - EATING AND LODGING,No,369 MAINE MALL RD,SOUTH PORTLAND,ME,4106,207-775-6161,NEWOWNER,HOSP PER ME 363 MALL LLC,Cumberland,0.01351351351,43.635652,-70.3369465
27102,TRU BY HILTON PORTLAND,0,0,2019-03-21,2019-12-15,MUN - EATING AND LODGING,No,369 MAINE MALL RD,SOUTH PORTLAND,ME,4106,207-221-3131,REGULAR,VANSLEEP,Cumberland,0,43.635652,-70.3369465
27102,TRU BY HILTON PORTLAND,0,0,2022-06-08,2022-12-15,MUN - EATING AND LODGING,No,369 MAINE MALL RD,SOUTH PORTLAND,ME,4106,207-221-3131,NEWOWNER,VANSLEEP,Cumberland,0,43.635652,-70.3369465
27102,TRU BY HILTON,0,0,2023-07-17,2023-06-08,MUN - EATING AND LODGING,No,369 MAINE MALL RD,SOUTH PORTLAND,ME,4106,207-775-6161,NEWOWNER,HOSP PER ME 363 MALL LLC,Cumberland,0,43.635652,-70.3369465
27102,TRU BY HILTON,0,0,2025-07-24,2026-07-17,MUN - EATING AND LODGING,No,369 MAINE MALL RD,SOUTH PORTLAND,ME,4106,207-775-6161,REGULAR,HOSP PER ME 363 MALL LLC,Cumberland,0,43.635652,-70.3369465
27097,THE PROPER CUP,1,1,2024-03-04,2025-01-24,MUN - EATING PLACE,No,500 FOREST AVE,PORTLAND,ME,4101,310-613-1292,REGULAR,THE PROPER CUP LLC,Cumberland,0.05405405405,43.6671087,-70.2788738
27097,THE PROPER CUP,1,1,2025-03-19,2026-01-24,MUN - EATING PLACE,No,500 FOREST AVE,PORTLAND,ME,4101,310-613-1292,REGULAR,THE PROPER CUP LLC,Cumberland,0.05405405405,43.6671087,-70.2788738
27097,THE PROPER CUP,0,3,2021-02-24,2021-01-24,MUN - EATING PLACE,No,500 FOREST AVE,PORTLAND,ME,4101,207-523-0782,REGULAR,THE PROPER CUP LLC,Cumberland,0.04054054054,43.6671087,-70.2788738
27097,THE PROPER CUP,0,3,2023-03-16,2024-01-24,MUN - EATING PLACE,No,500 FOREST AVE,PORTLAND,ME,4101,310-613-1292,REGULAR,THE PROPER CUP LLC,Cumberland,0.04054054054,43.6671087,-70.2788738
27097,THE PROPER CUP,1,0,2022-03-17,2023-01-24,MUN - EATING PLACE,No,500 FOREST AVE,PORTLAND,ME,4101,310-613-1292,REGULAR,THE PROPER CUP LLC,Cumberland,0.04054054054,43.6671087,-70.2788738
27097,THE PROPER CUP LLC,0,1,2018-03-23,2019-01-24,MUN - EATING PLACE,No,500 FOREST AVE,PORTLAND,ME,4101,207-523-0782,REGULAR,THE PROPER CUP LLC,Cumberland,0.01351351351,43.6671087,-70.2788738
27097,THE PROPER CUP LLC,0,1,2019-03-06,2020-01-24,MUN - EATING PLACE,No,500 FOREST AVE,PORTLAND,ME,4101,207-523-0782,REGULAR,THE PROPER CUP LLC,Cumberland,0.01351351351,43.6671087,-70.2788738
27093,THE DEPOT PUB,2,11,2024-02-27,2024-11-27,EATING PLACE TIER 3,Yes,14 MAINE AVE,GARDINER,ME,4345,207-588-0081,FOLLOW_UP_FULL,PUB DEPOT INC,Kennebec,0.2297297297,44.2298226,-69.7713547
27093,THE DEPOT PUB,2,7,2024-01-24,2024-11-27,EATING PLACE TIER 3,No,14 MAINE AVE,GARDINER,ME,4345,207-588-0081,REGULAR,PUB DEPOT INC,Kennebec,0.1756756757,44.2298226,-69.7713547
27093,THE DEPOT PUB,1,1,2024-03-29,2024-11-27,EATING PLACE TIER 3,No,14 MAINE AVE,GARDINER,ME,4345,207-588-0081,FOLLOW_UP_FULL,PUB DEPOT INC,Kennebec,0.05405405405,44.2298226,-69.7713547
27092,DOMINOS,3,0,2025-04-10,2025-11-27,EATING PLACE TIER 2,No,878 STILLWATER AVE,BANGOR,ME,4401,207-691-6569,REGULAR,TEAM PRIOR INC,Penobscot,0.1216216216,44.8386441,-68.7476599
27092,DOMINOS,1,4,2019-04-01,2019-11-27,EATING PLACE TIER 2,No,878 STILLWATER AVE,BANGOR,ME,4401,207-691-6569,REGULAR,TEAM PRIOR INC,Penobscot,0.09459459459,44.8386441,-68.7476599
27084,PORTLAND BEER HUB,0,4,2021-10-13,2021-11-06,MUN - EATING PLACE,No,320 FORE ST,PORTLAND,ME,4101,207-613-9901,REGULAR,OLD PORT TAP HOUSE,Cumberland,0.05405405405,43.6570748,-70.2515387
27084,PORTLAND BEER HUB,0,4,2022-10-06,2022-11-06,MUN - EATING PLACE,No,320 FORE ST,PORTLAND,ME,4101,207-613-9901,REGULAR,OLD PORT TAP HOUSE,Cumberland,0.05405405405,43.6570748,-70.2515387
27084,PORTLAND BEER HUB,0,2,2020-01-02,2020-11-06,MUN - EATING PLACE,No,320 FORE ST,PORTLAND,ME,4101,774-286-1046,REGULAR,OLD PORT TAP HOUSE,Cumberland,0.02702702703,43.6570748,-70.2515387
27084,PORTLAND BEER HUB,0,1,2019-01-09,2019-11-06,MUN - EATING PLACE,No,320 FORE ST,PORTLAND,ME,4101,774-286-1046,REGULAR,OLD PORT TAP HOUSE,Cumberland,0.01351351351,43.6570748,-70.2515387
27084,PORTLAND BEER HUB,0,1,2023-08-21,2024-08-08,MUN - EATING PLACE,No,320 FORE ST,PORTLAND,ME,4101,207-604-4610,REGULAR,DJZ LLC,Cumberland,0.01351351351,43.6570748,-70.2515387
27084,OLD PORT TAP HOUSE,0,0,2018-01-22,2018-11-06,MUN - EATING PLACE,No,320 FORE ST,PORTLAND,ME,4101,774-286-1046,REGULAR,OLD PORT TAP HOUSE,Cumberland,0,43.6570748,-70.2515387
27084,PORTLAND BEER HUB,0,0,2023-06-27,2023-11-06,MUN - EATING PLACE,No,320 FORE ST,PORTLAND,ME,4101,207-604-4510,NEWOWNER,DJZ LLC,Cumberland,0,43.6570748,-70.2515387
27084,PORTLAND BEER HUB,0,0,2024-08-14,2024-08-08,MUN - EATING PLACE,No,320 FORE ST,PORTLAND,ME,4101,207-604-4610,REGULAR,DJZ LLC,Cumberland,0,43.6570748,-70.2515387
27078,GARTLEY STREET SCHOOL,0,2,2022-01-11,2022-09-27,EATING - SCHOOL,No,19 GARTLEY ST,LISBON,ME,4250,207-353-6711,REGULAR,LISBON SCHOOL DEPARTMENT,Androscoggin,0.02702702703,44.0265674,-70.1044131
27078,GARTLEY STREET SCHOOL,0,1,2018-11-28,2019-09-27,EATING - SCHOOL,No,19 GARTLEY ST,LISBON,ME,4250,207-353-6711,REGULAR,LISBON SCHOOL DEPARTMENT,Androscoggin,0.01351351351,44.0265674,-70.1044131
27078,GARTLEY STREET SCHOOL,0,1,2022-11-29,2023-09-27,EATING - SCHOOL,No,19 GARTLEY ST,LISBON,ME,4250,207-353-6711,REGULAR,LISBON SCHOOL DEPARTMENT,Androscoggin,0.01351351351,44.0265674,-70.1044131
27078,GARTLEY STREET SCHOOL,0,0,2019-12-17,2020-09-27,EATING - SCHOOL,No,19 GARTLEY ST,LISBON,ME,4250,207-353-6711,REGULAR,LISBON SCHOOL DEPARTMENT,Androscoggin,0,44.0265674,-70.1044131
27078,GARTLEY STREET SCHOOL,0,0,2024-01-03,2024-09-27,EATING - SCHOOL,No,19 GARTLEY ST,LISBON,ME,4250,207-353-6711,REGULAR,LISBON SCHOOL DEPARTMENT,Androscoggin,0,44.0265674,-70.1044131
27078,GARTLEY STREET SCHOOL,0,0,2024-12-17,2025-09-27,EATING - SCHOOL,No,19 GARTLEY ST,LISBON,ME,4250,207-353-6711,REGULAR,LISBON SCHOOL DEPARTMENT,Androscoggin,0,44.0265674,-70.1044131
27077,GOOD WINE BAR,1,0,2024-02-01,2024-10-10,EATING PLACE TIER 2,No,172 MAIN ST,SACO,ME,4072,603-361-2613,REGULAR,"CHUNG, SUN",York,0.04054054054,43.4968078,-70.4471353
27077,LADY & THE MENSCH,0,1,2019-03-19,2019-12-07,EATING PLACE TIER 2,No,172 MAIN ST,SACO,ME,4072,207-939-3428,REGULAR,LADY & THE MENSCH,York,0.01351351351,43.4968078,-70.4471353
27077,UNWIND COCKTAIL LOUNGE,0,0,2021-09-30,2020-12-24,EATING PLACE TIER 2,No,172 MAIN ST,SACO,ME,4072,803-403-7822,NEWOWNER,PERCY PUB LLC,York,0,43.4968078,-70.4471353
27076,WING DINGAHS,0,1,2018-09-05,2018-10-20,EATING PLACE - MOBILE,No,99 MORGAN BAY RD,SURRY,ME,4684,207-812-4006,REGULAR,WING DINGAHS,Hancock,0.01351351351,44.487249,-68.5049115
27076,WING DINGAHS,0,1,2019-08-29,2019-10-20,EATING PLACE - MOBILE,No,99 MORGAN BAY RD,SURRY,ME,4684,207-812-4006,REGULAR,WING DINGAHS,Hancock,0.01351351351,44.487249,-68.5049115
27076,WING DINGAHS,0,0,2023-09-01,2023-10-20,EATING PLACE - MOBILE,No,99 MORGAN BAY RD,SURRY,ME,4684,207-812-4006,REGULAR,WING DINGAHS,Hancock,0,44.487249,-68.5049115
27076,WING DINGAHS,0,0,2024-08-30,2024-10-20,EATING PLACE - MOBILE,No,99 MORGAN BAY RD,SURRY,ME,4684,207-812-4006,REGULAR,WING DINGAHS,Hancock,0,44.487249,-68.5049115
27075,47 WEST,0,3,2022-02-23,2022-11-30,EATING PLACE TIER 1,No,47 WEST ST,ROCKPORT,ME,4856,781-547-1012,REGULAR,47 WEST LLC,Knox,0.04054054054,44.1860763,-69.0817661
27074,SEBAGO BREWING COMPANY,3,2,2019-02-08,2019-02-21,EATING PLACE TIER 3,No,616 MAIN ST,GORHAM,ME,4038,207-856-2537,REGULAR,SEBAGO BREWING COMPANY,Cumberland,0.1486486486,43.6892699,-70.3940112
27074,SEBAGO BREWING COMPANY,2,2,2023-01-10,2023-02-21,EATING PLACE TIER 3,No,616 MAIN ST,GORHAM,ME,4038,207-856-2537,REGULAR,SEBAGO BREWING COMPANY,Cumberland,0.1081081081,43.6892699,-70.3940112
27074,SEBAGO BREWING COMPANY,2,1,2024-12-23,2025-02-21,EATING PLACE TIER 3,No,616 MAIN ST,GORHAM,ME,4038,207-856-2537,REGULAR,SEBAGO BREWING COMPANY,Cumberland,0.09459459459,43.6892699,-70.3940112
27070,MEGUNTICOOK MARKET,3,6,2023-09-26,2023-10-17,CATERING,No,2 GOULD ST,CAMDEN,ME,4843,207-236-3537,NEWOWNER,MEGUNTICOOK MARKET,Knox,0.2027027027,44.2170949,-69.0779345
27063,CAMDEN ISLAND,5,11,2018-12-12,2019-06-08,EATING PLACE TIER 3,Yes,87 ELM ST,CAMDEN,ME,4843,617-513-2929,REGULAR,JM CHEN LLC,Knox,0.3513513514,44.2055074,-69.0717175
27063,CAMDEN ISLAND,2,8,2025-04-02,2025-06-08,EATING PLACE TIER 3,No,87 ELM ST,CAMDEN,ME,4843,207-701-7687,REGULAR,JM CHEN LLC,Knox,0.1891891892,44.2055074,-69.0717175
27063,CAMDEN ISLAND,0,3,2019-01-10,2019-06-08,EATING PLACE TIER 3,No,87 ELM ST,CAMDEN,ME,4843,617-513-2929,FOLLOW_UP_FULL,JM CHEN LLC,Knox,0.04054054054,44.2055074,-69.0717175
27061,WEX CAFE III,0,0,2018-07-12,2018-11-20,MUN - EATING PLACE,No,75 DARLING AVE,SOUTH PORTLAND,ME,4106,207-523-7715,REGULAR,UNIDINE CORP,Cumberland,0,43.6408378,-70.3307047
27057,NIYAT CATERING,0,0,2019-02-14,2019-10-26,MUN - CATERING,No,72 PARRIS ST,PORTLAND,ME,4101,207-317-7836,REGULAR,"HAGOS, RAHEL & TSAEDU, AKLILU",Cumberland,0,43.658959,-70.2653576
27057,NIYAT CATERING,0,0,2021-11-05,2022-10-26,MUN - CATERING,No,72 PARRIS ST,PORTLAND,ME,4101,207-317-7836,REGULAR,"HAGOS, RAHEL & TSAEDU, AKLILU",Cumberland,0,43.658959,-70.2653576
27052,AT MY TABLE,0,0,2019-02-28,2019-03-28,CATERING,No,41 MYRTLE ST,WESTBROOK,ME,4092,207-319-4260,REGULAR,AT MY TABLE LLC,Cumberland,0,43.68282,-70.3606647
27052,AT MY TABLE,0,0,2023-12-05,2024-03-28,CATERING,No,41 MYRTLE ST,WESTBROOK,ME,4092,207-319-4260,REGULAR,AT MY TABLE LLC,Cumberland,0,43.68282,-70.3606647
27044,SMITTYS CINEMA,4,6,2023-01-03,2023-09-25,EATING PLACE TIER 3,Yes,1327 MAIN ST,SANFORD,ME,4063,207-490-2138,REGULAR,SMITTYS CINEMA - SANFORD LLC,York,0.2432432432,43.414315,-70.7506676
27044,SMITTYS CINEMA - SANFORD,2,3,2018-06-25,2018-09-21,EATING PLACE TIER 3,No,1327 MAIN ST,SANFORD,ME,4063,207-490-2138,REGULAR,SMITTYS CINEMA - SANFORD LLC,York,0.1216216216,43.414315,-70.7506676
27044,SMITTYS CINEMA,1,3,2025-07-24,2025-09-25,EATING PLACE TIER 3,No,1327 MAIN ST,SANFORD,ME,4063,207-490-2138,REGULAR,SMITTYS CINEMA - SANFORD LLC,York,0.08108108108,43.414315,-70.7506676
27044,SMITTYS CINEMA,0,0,2019-09-24,2019-09-21,EATING PLACE TIER 3,No,1327 MAIN ST,SANFORD,ME,4063,207-490-2138,REGULAR,SMITTYS CINEMA - SANFORD LLC,York,0,43.414315,-70.7506676
27039,SUBWAY,2,1,2019-10-11,2019-09-28,MUN - EATING PLACE,No,1 MOLLISON WAY,LEWISTON,ME,4240,207-795-6422,REGULAR,MAINSUSA CORP,Androscoggin,0.09459459459,44.1243999,-70.1972606
27039,SUBWAY,0,0,2022-10-12,2023-09-28,MUN - EATING PLACE,No,1 MOLLISON WAY,LEWISTON,ME,4240,207-344-9532,REGULAR,MAINSUSA CORP,Androscoggin,0,44.1243999,-70.1972606
27030,MR TUNA # 2,0,3,2018-05-19,2018-09-22,MUN - EATING PLACE - MOBILE,No,,PORTLAND,ME,4101,413-636-9688,REGULAR,RONIN RESTAURANT GROUP LLC,Cumberland,0.04054054054,43.6573605,-70.2586618
27030,MR TUNA # 2,0,1,2019-06-01,2019-09-22,MUN - EATING PLACE - MOBILE,No,,PORTLAND,ME,4101,413-636-9688,REGULAR,RONIN RESTAURANT GROUP LLC,Cumberland,0.01351351351,43.6573605,-70.2586618
27027,FRASER FORD CHILD DEVELOPMENT CENTER,0,1,2022-05-11,2022-09-27,EATING - SCHOOL,No,779 COUNTRY CLUB RD,SANFORD,ME,4073,207-324-7955,REGULAR,WABAN INC,York,0.01351351351,43.3594836,-70.729758
27027,FRASER FORD CHILD DEVELOPMENT CENTER,0,1,2023-02-02,2023-09-27,EATING - SCHOOL,No,779 COUNTRY CLUB RD,SANFORD,ME,4073,207-324-7955,REGULAR,WABAN INC,York,0.01351351351,43.3594836,-70.729758
27027,FRASER FORD CHILD DEVELOPMENT CENTER,0,0,2018-04-24,2018-09-27,EATING - SCHOOL,No,779 COUNTRY CLUB RD,SANFORD,ME,4073,207-324-7955,REGULAR,WABAN INC,York,0,43.3594836,-70.729758
27027,FRASER FORD CHILD DEVELOPMENT CENTER,0,0,2019-03-13,2019-09-27,EATING - SCHOOL,No,779 COUNTRY CLUB RD,SANFORD,ME,4073,207-324-7955,REGULAR,WABAN INC,York,0,43.3594836,-70.729758
27027,FRASER FORD CHILD DEVELOPMENT CENTER,0,0,2020-01-22,2020-09-27,EATING - SCHOOL,No,779 COUNTRY CLUB RD,SANFORD,ME,4073,207-324-7955,REGULAR,WABAN INC,York,0,43.3594836,-70.729758
27027,FRASER FORD CHILD DEVELOPMENT CENTER,0,0,2023-09-08,2023-09-27,EATING - SCHOOL,No,779 COUNTRY CLUB RD,SANFORD,ME,4073,207-324-7955,REGULAR,WABAN INC,York,0,43.3594836,-70.729758
27026,FLORES RESTAURANT,4,7,2023-08-18,2023-08-24,MUN - EATING PLACE,Yes,431 CONGRESS ST,PORTLAND,ME,4101,207-400-6543,REGULAR,FLORES RESTAURANT LLC,Cumberland,0.2567567568,43.6582152,-70.2583771
27026,FLORES RESTAURANT,3,3,2023-01-27,2022-08-24,MUN - EATING PLACE,No,431 CONGRESS ST,PORTLAND,ME,4101,207-400-6543,REGULAR,FLORES RESTAURANT LLC,Cumberland,0.1621621622,43.6582152,-70.2583771
27026,MAINELY WRAPS,2,3,2018-07-31,2018-09-28,MUN - EATING PLACE,No,431 CONGRESS ST,PORTLAND,ME,4101,207-515-2377,REGULAR,MAINELY WRAPS,Cumberland,0.1216216216,43.6582152,-70.2583771
27026,MAINELY WRAPS,1,5,2018-01-17,2018-09-28,MUN - EATING PLACE,No,431 CONGRESS ST,PORTLAND,ME,4101,207-515-2377,REGULAR,MAINELY WRAPS,Cumberland,0.1081081081,43.6582152,-70.2583771
27026,FLORES RESTAURANT,1,5,2024-12-30,2025-08-24,MUN - EATING PLACE,No,431 CONGRESS ST,PORTLAND,ME,4101,207-400-6543,REGULAR,FLORES RESTAURANT LLC,Cumberland,0.1081081081,43.6582152,-70.2583771
27026,FLORES RESTAURANT,2,1,2023-12-29,2024-08-24,MUN - EATING PLACE,No,431 CONGRESS ST,PORTLAND,ME,4101,207-400-6543,REGULAR,FLORES RESTAURANT LLC,Cumberland,0.09459459459,43.6582152,-70.2583771
27026,MAINELY WRAPS,1,3,2019-01-24,2019-09-28,MUN - EATING PLACE,No,431 CONGRESS ST,PORTLAND,ME,4101,207-515-2377,REGULAR,MAINELY WRAPS,Cumberland,0.08108108108,43.6582152,-70.2583771
27026,FLORES RESTAURANT,0,3,2024-11-04,2025-08-24,MUN - EATING PLACE,No,431 CONGRESS ST,PORTLAND,ME,4101,207-400-6543,REGULAR,FLORES RESTAURANT LLC,Cumberland,0.04054054054,43.6582152,-70.2583771
27020,DOMINOS PIZZA,1,5,2022-03-22,2022-09-21,EATING PLACE TIER 2,No,450 US ROUTE 1,KITTERY,ME,3904,978-777-8044,REGULAR,BOSTON PIE INC,York,0.1081081081,43.1224897,-70.7170788
27020,DOMINOS PIZZA,0,2,2019-02-06,2019-09-21,EATING PLACE TIER 2,No,450 US ROUTE 1,KITTERY,ME,3904,978-777-8044,REGULAR,BOSTON PIE INC,York,0.02702702703,43.1224897,-70.7170788
27020,DOMINOS PIZZA,0,2,2024-02-23,2024-09-21,EATING PLACE TIER 2,No,450 US ROUTE 1,KITTERY,ME,3904,978-777-8044,REGULAR,BOSTON PIE INC,York,0.02702702703,43.1224897,-70.7170788
27019,SKYS CAFE,0,0,2018-02-05,2018-10-16,MUN - EATING PLACE,No,72 PARRIS ST,PORTLAND,ME,4101,646-265-4611,REGULAR,"COHEN, SKY",Cumberland,0,43.658959,-70.2653576
27015,AROMA JOES,0,1,2018-11-01,2018-11-20,EATING PLACE TIER 1,No,19 MAIN ST,NORTH BERWICK,ME,3906,603-833-0306,REGULAR,BREW BROTHERS LLC,York,0.01351351351,43.3055514,-70.7351601
27015,AROMA JOES,0,1,2022-06-15,2022-11-20,EATING PLACE TIER 1,No,19 MAIN ST,NORTH BERWICK,ME,3906,207-252-5145,REGULAR,BREW BROTHERS LLC,York,0.01351351351,43.3055514,-70.7351601
27015,AROMA JOES,0,1,2024-03-12,2024-11-20,EATING PLACE TIER 1,No,19 MAIN ST,NORTH BERWICK,ME,3906,207-252-5145,REGULAR,BREW BROTHERS LLC,York,0.01351351351,43.3055514,-70.7351601
27011,OFF THE BONE BBQ COMPANY,0,3,2018-09-07,2018-09-08,EATING PLACE - TEMPORARY 1-4 DAYS,No,BASS PARK,BANGOR,ME,4401,614-327-2076,REGULAR,OFF THE BONE BBQ COMPANY,Penobscot,0.04054054054,44.7884751,-68.77944
27008,THE DAILY GRIND COFFEE HOUSE,1,6,2019-01-03,2019-10-06,EATING PLACE TIER 1,No,820 MAIN ST,WESTBROOK,ME,4092,207-899-6863,REGULAR,J & S SALISBURY LLC,Cumberland,0.1216216216,43.6760459,-70.3649911
27007,GARY'S OLD TOWNE TAVERN,0,3,2019-09-28,2019-09-29,EATING PLACE - TEMPORARY 1-4 DAYS,No,261 POINT SEBAGO,CASCO,ME,4015,207-693-6806,REGULAR,GARYS OLDE TOWNE TAVERN,Lincoln,0.04054054054,43.9193158,-70.5504526
27007,GARY'S OLD TOWNE TAVERN,0,2,2021-09-25,2021-09-25,EATING PLACE - TEMPORARY 1-4 DAYS,No,261 POINT SEBAGO,CASCO,ME,4015,207-693-6806,REGULAR,GARYS OLDE TOWNE TAVERN,Lincoln,0.02702702703,43.9193158,-70.5504526
27007,GARY'S OLD TOWNE TAVERN,0,1,2018-09-29,2018-09-29,EATING PLACE - TEMPORARY 1-4 DAYS,No,261 POINT SEBAGO,CASCO,ME,4015,207-693-6806,REGULAR,GARYS OLDE TOWNE TAVERN,Lincoln,0.01351351351,43.9193158,-70.5504526
27007,GARY'S OLD TOWNE TAVERN,0,1,2022-09-24,2022-09-24,EATING PLACE - TEMPORARY 1-4 DAYS,No,261 POINT SEBAGO,CASCO,ME,4015,207-693-6806,REGULAR,GARYS OLDE TOWNE TAVERN,Lincoln,0.01351351351,43.9193158,-70.5504526
27006,AROMA JOES COFFEE,1,1,2023-01-30,2022-11-30,EATING PLACE TIER 1,No,42 JAGGER MILL RD,SANFORD,ME,4073,207-878-1595,REGULAR,AMERICAN BREWERS LLC,York,0.05405405405,43.402767,-70.7197021
27006,AROMA JOES COFFEE,0,0,2018-10-30,2019-11-30,EATING PLACE TIER 1,No,42 JAGGER MILL RD,SANFORD,ME,4073,207-878-1595,REGULAR,AMERICAN BREWERS LLC,York,0,43.402767,-70.7197021
27004,KREATIVE CONCESSIONS,1,0,2019-08-19,2019-09-12,EATING PLACE - MOBILE,No,75 PLEASANT VIEW RIDGE RD,CHINA,ME,4358,207-692-4999,REGULAR,KREATIVE CONCESSIONS LLC,Kennebec,0.04054054054,44.4796976,-69.5018652
27004,KREATIVE CONCESSIONS,0,0,2018-09-06,2018-09-12,EATING PLACE - MOBILE,No,75 PLEASANT VIEW RIDGE RD,CHINA,ME,4358,207-692-4999,REGULAR,KREATIVE CONCESSIONS LLC,Kennebec,0,44.4796976,-69.5018652
27004,KREATIVE CONCESSIONS,0,0,2021-09-10,2021-09-12,EATING PLACE - MOBILE,No,75 PLEASANT VIEW RIDGE RD,CHINA,ME,4358,207-692-4999,REGULAR,KREATIVE CONCESSIONS LLC,Kennebec,0,44.4796976,-69.5018652
27004,KREATIVE CONCESSIONS,0,0,2022-09-08,2023-09-12,EATING PLACE - MOBILE,No,75 PLEASANT VIEW RIDGE RD,CHINA,ME,4358,207-692-4999,REGULAR,KREATIVE CONCESSIONS LLC,Kennebec,0,44.4796976,-69.5018652
27004,KREATIVE CONCESSIONS,0,0,2022-08-12,2023-09-12,EATING PLACE - MOBILE,No,75 PLEASANT VIEW RIDGE RD,CHINA,ME,4358,207-692-4999,REGULAR,KREATIVE CONCESSIONS LLC,Kennebec,0,44.4796976,-69.5018652
27004,KREATIVE CONCESSIONS,0,0,2024-08-27,2024-09-12,EATING PLACE - MOBILE,No,75 PLEASANT VIEW RIDGE RD,CHINA,ME,4358,207-692-4999,REGULAR,KREATIVE CONCESSIONS LLC,Kennebec,0,44.4796976,-69.5018652
26989,THE WHISTLE STOP,2,4,2019-11-19,2020-09-12,EATING AND CATERING,No,26 MARKET ST,FORT KENT,ME,4743,207-834-5360,REGULAR,"OAKES, CARROLL ANN",Aroostook,0.1351351351,47.2568015,-68.5877903
26989,THE WHISTLE STOP,3,7,2023-03-06,2023-09-12,EATING PLACE TIER 2,No,26 MARKET ST,FORT KENT,ME,4743,207-231-1421,REGULAR,"OAKES, CARROLL ANN",Aroostook,0.2162162162,47.2568015,-68.5877903
26989,THE WHISTLE STOP,3,7,2024-08-16,2024-09-12,EATING PLACE TIER 2,No,26 MARKET ST,FORT KENT,ME,4743,207-834-2368,REGULAR,"OAKES, CARROLL ANN",Aroostook,0.2162162162,47.2568015,-68.5877903
26989,FIRST MILE BREWING CO,0,1,2025-06-13,2024-09-12,EATING PLACE TIER 2,No,26 MARKET ST,FORT KENT,ME,4743,207-231-4579,NEWOWNER,FIRST MILE BREWING CO LLC,Aroostook,0.01351351351,47.2568015,-68.5877903
26960,THE GREEKS OF PEAKS,1,0,2023-07-13,2024-05-04,EATING PLACE - MOBILE,No,127 EMERY ST,PORTLAND,ME,4102,207-650-2202,REGULAR,THE GREEKS OF PEAKS LLC,Cumberland,0.04054054054,43.6494217,-70.2695348
26960,THE GREEKS OF PEAKS,0,2,2019-05-17,2020-05-04,EATING PLACE - MOBILE,No,127 EMERY ST,PORTLAND,ME,4102,207-650-2202,REGULAR,THE GREEKS OF PEAKS LLC,Cumberland,0.02702702703,43.6494217,-70.2695348
26940,MILLERS PRIDE,2,0,2019-05-01,2020-04-16,EATING PLACE - MOBILE,No,241 STREAM RD,VIENNA,ME,4360,207-227-9188,REGULAR,"MILLER, WILLIAM",Kennebec,0.08108108108,44.5443098,-70.056685
26938,MAINE FARM & SEA COOPERATIVE,0,0,2022-09-16,2023-08-02,MUN - CATERING,No,72 PARRIS ST,PORTLAND,ME,4104,207-272-7174,REGULAR,MAINE FARM & SEA COOPERATIVE,Cumberland,0,43.658959,-70.2653576
26922,LEAVITT & SONS DELI,2,2,2024-05-23,2024-09-22,MUN - EATING PLACE,No,200 KENNEBEC ST,PORTLAND,ME,4101,207-838-0792,REGULAR,MAPEL INC,Cumberland,0.1081081081,43.6598552,-70.2665957
26922,LEAVITT & SONS DELI,2,0,2021-06-29,2021-09-22,MUN - EATING PLACE,No,200 KENNEBEC ST,PORTLAND,ME,4101,207-838-0792,REGULAR,MAPEL INC,Cumberland,0.08108108108,43.6598552,-70.2665957
26922,LEAVITT & SONS DELI,1,2,2019-10-07,2020-09-22,MUN - EATING PLACE,No,200 KENNEBEC ST,PORTLAND,ME,4101,207-838-0792,REGULAR,MAPEL INC,Cumberland,0.06756756757,43.6598552,-70.2665957
26922,LEAVITT & SONS DELI,1,2,2022-05-24,2022-09-22,MUN - EATING PLACE,No,200 KENNEBEC ST,PORTLAND,ME,4101,207-838-0792,REGULAR,MAPEL INC,Cumberland,0.06756756757,43.6598552,-70.2665957
26922,LEAVITT & SONS DELI,1,0,2023-05-01,2023-09-22,MUN - EATING PLACE,No,200 KENNEBEC ST,PORTLAND,ME,4101,207-838-0792,REGULAR,MAPEL INC,Cumberland,0.04054054054,43.6598552,-70.2665957
26922,LEAVITT & SONS DELI,0,2,2018-10-02,2019-09-22,MUN - EATING PLACE,No,200 KENNEBEC ST,PORTLAND,ME,4101,207-838-0792,REGULAR,MAPEL INC,Cumberland,0.02702702703,43.6598552,-70.2665957
26922,LEAVITT & SONS DELI,0,2,2025-04-15,2025-09-22,MUN - EATING PLACE,No,200 KENNEBEC ST,PORTLAND,ME,4101,207-838-0792,REGULAR,MAPEL INC,Cumberland,0.02702702703,43.6598552,-70.2665957
26922,LEAVITT & SONS DELI,0,1,2018-04-26,2018-09-22,MUN - EATING PLACE,No,200 KENNEBEC ST,PORTLAND,ME,4101,207-838-0792,REGULAR,MAPEL INC,Cumberland,0.01351351351,43.6598552,-70.2665957
26922,LEAVITT & SONS DELI,0,1,2019-04-08,2019-09-22,MUN - EATING PLACE,No,200 KENNEBEC ST,PORTLAND,ME,4101,207-838-0792,REGULAR,MAPEL INC,Cumberland,0.01351351351,43.6598552,-70.2665957
26921,EMILY RESTAURANT,0,1,2019-08-18,2019-07-16,EATING PLACE - TEMPORARY 1-4 DAYS,No,TOPSHAM FAIRGROUNDS,TOPSHAM,ME,4086,863*604-2450,REGULAR,"JONES, STARR",Sagadahoc,0.01351351351,43.9272509,-69.952888
26919,TIMBERWOLVES BBQ,6,7,2019-10-17,2019-09-13,EATING AND CATERING,Yes,45 MAIN ST,MARS HILL,ME,4758,207-551-7297,REGULAR,TIMBERWOLVES INC,Aroostook,0.3378378378,46.5143038,-67.8667541
26919,TIMBERWOLVES BBQ,1,6,2023-02-27,2023-09-13,EATING AND CATERING,No,45 MAIN ST,MARS HILL,ME,4758,207-551-7297,REGULAR,TIMBERWOLVES INC,Aroostook,0.1216216216,46.5143038,-67.8667541
26919,TIMBERWOLVES BBQ,1,3,2019-11-20,2020-09-13,EATING AND CATERING,No,45 MAIN ST,MARS HILL,ME,4758,207-551-7297,FOLLOW_UP_FULL,TIMBERWOLVES INC,Aroostook,0.08108108108,46.5143038,-67.8667541
26919,TIMBERWOLVES BBQ,1,3,2021-07-17,2021-09-13,EATING AND CATERING,No,45 MAIN ST,MARS HILL,ME,4758,207-551-7297,REGULAR,TIMBERWOLVES INC,Aroostook,0.08108108108,46.5143038,-67.8667541
26919,TIMBERWOLVES BBQ,0,2,2022-07-15,2022-09-13,EATING AND CATERING,No,45 MAIN ST,MARS HILL,ME,4758,207-551-7297,REGULAR,TIMBERWOLVES INC,Aroostook,0.02702702703,46.5143038,-67.8667541
26917,BALD HEAD COFFEE CO,2,0,2022-05-23,2022-11-17,EATING PLACE TIER 1,No,591 SHORE RD,CAPE NEDDICK,ME,3902,207-361-1000,REGULAR,RBDD CLIFF HOUSE ACQUISITIONS LLC,York,0.08108108108,43.1863456,-70.6066502
26917,BALD HEAD COFFEE CO,0,3,2019-03-19,2019-11-17,EATING PLACE TIER 1,No,591 SHORE RD,CAPE NEDDICK,ME,3902,207-361-1000,REGULAR,RBDD CLIFF HOUSE ACQUISITIONS LLC,York,0.04054054054,43.1863456,-70.6066502
26917,BALD HEAD COFFEE CO,0,1,2025-01-03,2025-11-17,EATING PLACE TIER 1,No,591 SHORE RD,CAPE NEDDICK,ME,3902,207-361-1000,REGULAR,RBDD CLIFF HOUSE ACQUISITIONS LLC,York,0.01351351351,43.1863456,-70.6066502
26916,LITTLE WOODFORDS,0,3,2019-10-29,2020-10-12,MUN - EATING PLACE,No,643 FOREST AVE,PORTLAND,ME,4101,207-536-4990,REGULAR,PRETTY COOL LLC,Cumberland,0.04054054054,43.670606,-70.2837609
26916,LITTLE WOODFORDS,0,1,2018-11-05,2019-10-12,MUN - EATING PLACE,No,643 FOREST AVE,PORTLAND,ME,4101,207-536-4990,REGULAR,PRETTY COOL LLC,Cumberland,0.01351351351,43.670606,-70.2837609
26912,THE LOST NOODLE,0,0,2018-09-29,2019-08-11,EATING PLACE - MOBILE,No,95 TEN LOTS RD,FAIRFIELD,ME,4937,207-474-5911,REGULAR,THE LOST NOODLE LLC,Somerset,0,44.6042404,-69.6973135
26911,NOM BAI - STREET KITCHEN,0,0,2018-06-05,2018-08-28,MUN - EATING PLACE - MOBILE,No,,PORTLAND,ME,4101,207-242-3387,NEWOWNER,MLG FOODWORKS LLC,York,0,43.6573605,-70.2586618
26909,SALTY DOGS CAFE,3,2,2025-07-24,2025-11-15,EATING PLACE TIER 1,No,28 MAIN ST,VINALHAVEN,ME,4863,207-701-9911,REGULAR,SALTY DOGS CAFE LLC,Knox,0.1486486486,44.0476578,-68.8339593
26909,GOOD THINGS COFFEE HOUSE,0,1,2018-05-22,2018-08-17,EATING PLACE TIER 1,No,28 MAIN ST,VINALHAVEN,ME,4863,207-363-3423,REGULAR,"SAULT, HOLLY",Knox,0.01351351351,44.0476578,-68.8339593
26902,ITALIAH,0,0,2018-08-08,2018-08-08,EATING PLACE - TEMPORARY 1-4 DAYS,No,,WATERVILLE,ME,4901,207-692-3285,REGULAR,ITALI-AH,Kennebec,0,44.5451496,-69.6376721
26899,HOLY CANNOLI,0,0,2018-08-08,2018-08-08,EATING PLACE - TEMPORARY 1-4 DAYS,No,,WATERVILLE,ME,4901,207-877-7899,REGULAR,HOLY CANNOLI INC,Kennebec,0,44.5451496,-69.6376721
26892,COWBOYS BARBEQUE & RIB CO,1,2,2018-09-07,2018-09-08,EATING PLACE - TEMPORARY 1-4 DAYS,No,BASS PARK,BANGOR,ME,4240,682-500-2528,REGULAR,SAV GRAY INC,Penobscot,0.06756756757,44.7884751,-68.77944
26891,ARABIAN SISTERS KITCHEN,2,2,2019-06-21,2020-05-23,EATING PLACE TIER 1,No,20 BOW ST,FREEPORT,ME,4032,207-671-9573,REGULAR,ARABAIAN SISTERS KITCHEN,Cumberland,0.1081081081,43.8566934,-70.1019294
26889,LIFES PERKS COFFEE COMPANY,0,5,2019-06-07,2019-07-21,EATING PLACE TIER 1,No,430 MAIN ST,WILTON,ME,4294,563-650-5643,REGULAR,LIFES PERKS COFFEE COMPANY,Franklin,0.06756756757,44.588707,-70.2305464
26889,LIFES PERKS COFFEE COMPANY (CHOAS Coffee),0,0,2023-09-01,2023-07-21,EATING PLACE TIER 1,No,430 MAIN ST,WILTON,ME,4294,207-491-3810,REGULAR,LIFES PERKS COFFEE COMPANY,Franklin,0,44.588707,-70.2305464
26889,CHAOS COFFEE COMPANY,0,0,2023-11-09,2023-07-21,EATING PLACE TIER 1,No,430 MAIN ST,WILTON,ME,4294,207-491-3810,REGULAR,Amy DePauw,Franklin,0,44.588707,-70.2305464
26885,DOMINO'S,2,0,2024-03-05,2025-01-06,EATING PLACE TIER 1,No,111 ELM ST,BIDDEFORD,ME,4005,207-282-3388,REGULAR,SEMPER PIE LLC,York,0.08108108108,43.4954772,-70.4576104
26885,DOMINO'S,0,2,2022-02-14,2023-01-06,EATING PLACE TIER 1,No,111 ELM ST,BIDDEFORD,ME,4005,207-282-3388,REGULAR,SEMPER PIE LLC,York,0.02702702703,43.4954772,-70.4576104
26878,ASIAN CAFE,0,0,2018-08-08,2018-08-08,EATING PLACE - TEMPORARY 1-4 DAYS,No,,WATERVILLE,ME,4903,207-877-6688,REGULAR,ASIAN CAFE,Kennebec,0,44.5451496,-69.6376721
26873,THE ICE CREAM PLACE,1,1,2019-06-21,2019-07-25,EATING PLACE - MOBILE,No,1034 ALLAGASH RD,ALLAGASH,ME,4774,207-316-9321,REGULAR,PB & J ENTERPRISE,Aroostook,0.05405405405,47.0826456,-69.0401473
26873,THE JAKE BREAK SNACK BAR,0,3,2020-06-26,2020-07-25,EATING PLACE - TAKEOUT,No,209 ALLAGASH RD,ALLAGASH,ME,4774,207-398-4104,NEWOWNER,PB & J ENTERPRISE,Aroostook,0.04054054054,47.1087055,-68.9756761
26870,GOVERNORS RESTAURANT & BAKERY,0,1,2018-08-08,2018-08-08,EATING PLACE - TEMPORARY 1-4 DAYS,No,,WATERVILLE,ME,4901,207-872-0677,REGULAR,STRAWBERRY PIE INC,Kennebec,0.01351351351,44.5451496,-69.6376721
26866,CLARK POINT CATERING,1,1,2019-07-19,2020-07-25,CATERING,No,54 A CLARK POINT RD,SOUTHWEST HARBOR,ME,4679,215-380-3052,REGULAR,CLARK POINT CATERING LLC,Hancock,0.05405405405,44.2783332,-68.3175724
26866,CLARK POINT CATERING,1,0,2022-10-19,2023-07-25,CATERING,No,54 A CLARK POINT RD,SOUTHWEST HARBOR,ME,4679,215-380-3052,REGULAR,CLARK POINT CATERING LLC,Hancock,0.04054054054,44.2783332,-68.3175724
26863,HARRIS HARBORSIDE TAKEOUT,0,1,2018-10-03,2019-07-21,EATING PLACE TIER 1,No,333 WATER ST,ELLSWORTH,ME,4605,207-664-4404,REGULAR,"HARRIS, MICHAEL",Hancock,0.01351351351,44.5371648,-68.4207666
26859,SMOKE & STEEL BBQ,3,6,2023-11-15,2024-07-07,EATING AND CATERING,No,469 STILLWATER AVE,BANGOR,ME,4401,207-573-1314,REGULAR,SMOKE AND STEEL LLC,Penobscot,0.2027027027,44.8259012,-68.755805
26858,THE COUNTRY SKILLET DINER,7,12,2020-07-13,2020-09-05,EATING PLACE TIER 2,Yes,12 LAKES PLAZA DR,NAPLES,ME,4055,207-415-6362,REGULAR,"METCALF, ANNETTE",Cumberland,0.4459459459,43.967947,-70.5831183
26858,THE COUNTRY SKILLET DINER,3,10,2024-12-16,2025-09-05,EATING PLACE TIER 2,No,12 LAKES PLAZA DR,NAPLES,ME,4055,207-415-6362,REGULAR,"METCALF, ANNETTE",Cumberland,0.2567567568,43.967947,-70.5831183
26858,THE COUNTRY SKILLET DINER,3,5,2020-07-30,2020-09-05,EATING PLACE TIER 2,No,12 LAKES PLAZA DR,NAPLES,ME,4055,207-415-6362,FOLLOW_UP_FULL,"METCALF, ANNETTE",Cumberland,0.1891891892,43.967947,-70.5831183
26858,THE COUNTRY SKILLET DINER,0,9,2022-11-30,2023-09-05,EATING PLACE TIER 2,No,12 LAKES PLAZA DR,NAPLES,ME,4055,207-415-6362,REGULAR,"METCALF, ANNETTE",Cumberland,0.1216216216,43.967947,-70.5831183
26852,WEST EDEN PIZZA,0,1,2024-08-13,2025-05-11,EATING PLACE - TAKEOUT,No,1319 STATE HIGHWAY 102,BAR HARBOR,ME,4660,207-801-9335,REGULAR,"HOPKINS, STEPHEN",Hancock,0.01351351351,44.3978445,-68.333946
26852,BRRR HARBOR,0,0,2019-05-21,2020-06-30,EATING PLACE TIER 1,No,1319 STATE HIGHWAY 102,BAR HARBOR,ME,4660,207-801-1232,REGULAR,"SCHAPER, BRIAN & AMANDA",Hancock,0,44.3978445,-68.333946
26852,WEST EDEN PIZZA,0,0,2022-05-10,2021-06-30,EATING PLACE TIER 1,No,1319 STATE HIGHWAY 102,BAR HARBOR,ME,4660,207-801-9335,REGULAR,STEPEHN hOPKINS,Hancock,0,44.3978445,-68.333946
26849,CAFE 64,1,0,2019-01-15,2019-09-05,EATING PLACE TIER 1,No,64 SACO AVE,OLD ORCHARD BEACH,ME,4064,207-590-1346,REGULAR,4 KIDDS LLC,York,0.04054054054,43.5148382,-70.3831623
26844,CASCO BAY CREAMERY,2,2,2018-06-19,2018-07-05,MUN - EATING PLACE - MOBILE,No,6 COMMERCIAL ST,PORTLAND,ME,4106,860-930-1990,REGULAR,"HASSON, DOUGLAS",Cumberland,0.1081081081,43.6590656,-70.2486118
26844,CASCO BAY CREAMERY,2,1,2019-07-30,2020-07-05,MUN - EATING PLACE - MOBILE,No,6 COMMERCIAL ST,PORTLAND,ME,4106,860-930-1990,FOLLOW_UP_FULL,"HASSON, DOUGLAS",Cumberland,0.09459459459,43.6590656,-70.2486118
26844,CASCO BAY CREAMERY,0,0,2019-07-29,2020-07-05,MUN - EATING PLACE - MOBILE,No,6 COMMERCIAL ST,PORTLAND,ME,4106,860-930-1990,REGULAR,"HASSON, DOUGLAS",Cumberland,0,43.6590656,-70.2486118
26843,NORTH 43 BISTRO,1,5,2022-04-06,2022-07-07,MUN - EATING PLACE,No,1 SPRING POINT DR,SOUTH PORTLAND,ME,4106,207-747-4009,REGULAR,LASB CORP,Cumberland,0.1081081081,43.6481214,-70.2319659
26843,NORTH 43 BISTRO,2,1,2024-08-29,2025-07-07,MUN - EATING PLACE,No,1 SPRING POINT DR,SOUTH PORTLAND,ME,4106,207-747-4009,REGULAR,LASB CORP,Cumberland,0.09459459459,43.6481214,-70.2319659
26843,NORTH 43 BISTRO,0,3,2018-01-11,2018-07-07,MUN - EATING PLACE,No,1 SPRING POINT DR,SOUTH PORTLAND,ME,4106,207-776-1835,REGULAR,LASB CORP,Cumberland,0.04054054054,43.6481214,-70.2319659
26837,OGUNQUIT BEACH LOBSTER HOUSE,0,6,2018-11-26,2019-06-28,EATING PLACE TIER 3,No,111 BEACH ST,OGUNQUIT,ME,3907,207-372-1086,REGULAR,BEACH LOBSTER HOUSE OGUNQUIT LLC,York,0.08108108108,43.2505627,-70.595002
26837,OGUNQUIT BEACH LOBSTER HOUSE,0,5,2023-05-16,2023-06-28,EATING PLACE TIER 3,No,111 BEACH ST,OGUNQUIT,ME,3907,207-372-1086,REGULAR,BEACH LOBSTER HOUSE OGUNQUIT LLC,York,0.06756756757,43.2505627,-70.595002
26837,OGUNQUIT BEACH LOBSTER HOUSE,0,0,2025-05-13,2025-06-28,EATING PLACE TIER 3,No,111 BEACH ST,OGUNQUIT,ME,3907,207-372-1086,REGULAR,BEACH LOBSTER HOUSE OGUNQUIT LLC,York,0,43.2505627,-70.595002
26835,SMOKEYS FRENCH FRY # 2,0,1,2019-06-28,2020-06-28,EATING PLACE - MOBILE,No,,BATH,ME,4983,941-685-4945,REGULAR,SMOKEYS GREATER SHOWS INC,Sagadahoc,0.01351351351,43.9133661,-69.8140298
26835,SMOKEYS FRENCH FRY # 2,0,1,2021-10-06,2022-06-28,EATING PLACE - MOBILE,No,,BATH,ME,4983,941-685-4945,REGULAR,SMOKEYS GREATER SHOWS INC,Sagadahoc,0.01351351351,43.9133661,-69.8140298
26835,SMOKEYS FRENCH FRY # 2,0,0,2022-08-04,2023-06-28,EATING PLACE - MOBILE,No,,BATH,ME,4983,941-685-4945,REGULAR,SMOKEYS GREATER SHOWS INC,Sagadahoc,0,43.9133661,-69.8140298
26835,SMOKEYS FRENCH FRY # 2,0,0,2018-06-29,2019-06-28,EATING PLACE - MOBILE,No,,HOULTON,ME,4983,941-685-4945,REGULAR,SMOKEYS GREATER SHOWS INC,Sagadahoc,0,46.1251286,-67.8407944
26830,GORGEOUS GELATO,3,4,2021-07-27,2022-06-29,EATING PLACE - MOBILE,No,FORT WILLIAMS PARK,CAPE ELIZABETH,ME,4107,207-699-4309,REGULAR,GORGEOUS GELATO LLC,Cumberland,0.1756756757,43.6216378,-70.2121893
26830,GORGEOUS GELATO,0,2,2021-08-10,2022-06-29,EATING PLACE - MOBILE,No,FORT WILLIAMS PARK,CAPE ELIZABETH,ME,4107,207-699-4309,FOLLOW_UP_FULL,GORGEOUS GELATO LLC,Cumberland,0.02702702703,43.6216378,-70.2121893
26830,GORGEOUS GELATO,0,0,2025-06-11,2026-06-29,EATING PLACE - MOBILE,No,FORT WILLIAMS PARK,CAPE ELIZABETH,ME,4107,207-329-7960,REGULAR,GORGEOUS GELATO LLC,Cumberland,0,43.6216378,-70.2121893
26819,EAGLES LANDING,0,0,2018-01-25,2018-06-28,EATING PLACE TIER 2,No,17 PRITHAM AVE,GREENVILLE,ME,4441,207-876-3599,REGULAR,EAGLES LODGE INC,Penobscot,0,45.4590649,-69.5925372
26817,SAWMILL WOODS GOLF COURSE,0,2,2019-09-11,2020-07-11,EATING PLACE TIER 1,No,800 AIRLINE RD,CLIFTON,ME,4428,207-735-8772,REGULAR,SAWMILL WOODS GOLF COURSE LLC,Penobscot,0.02702702703,44.8227307,-68.5105379
26815,THE SHOP,2,5,2021-08-31,2022-08-22,MUN - EATING PLACE,No,123 WASHINGTON AVE,PORTLAND,ME,4101,508-364-8371,REGULAR,PORTLAND SHUCK SHACK LLC,Cumberland,0.1486486486,43.6674941,-70.2530204
26815,THE SHOP,1,2,2022-09-22,2022-08-22,MUN - EATING PLACE,No,123 WASHINGTON AVE,PORTLAND,ME,4101,508-364-8371,REGULAR,PORTLAND SHUCK SHACK LLC,Cumberland,0.06756756757,43.6674941,-70.2530204
26815,THE SHOP,1,2,2023-09-27,2024-08-22,MUN - EATING PLACE,No,123 WASHINGTON AVE,PORTLAND,ME,4101,508-364-8371,REGULAR,PORTLAND SHUCK SHACK LLC,Cumberland,0.06756756757,43.6674941,-70.2530204
26815,THE SHOP,1,1,2018-05-30,2018-08-22,MUN - EATING PLACE,No,123 WASHINGTON AVE,PORTLAND,ME,4101,508-364-8371,REGULAR,PORTLAND SHUCK SHACK LLC,Cumberland,0.05405405405,43.6674941,-70.2530204
26815,THE SHOP,1,1,2019-05-10,2019-08-22,MUN - EATING PLACE,No,123 WASHINGTON AVE,PORTLAND,ME,4101,508-364-8371,REGULAR,PORTLAND SHUCK SHACK LLC,Cumberland,0.05405405405,43.6674941,-70.2530204
26815,THE SHOP,0,4,2025-01-23,2025-08-22,MUN - EATING PLACE,No,123 WASHINGTON AVE,PORTLAND,ME,4101,508-364-8371,REGULAR,PORTLAND SHUCK SHACK LLC,Cumberland,0.05405405405,43.6674941,-70.2530204
26815,THE SHOP,0,0,2018-11-14,2019-08-22,MUN - EATING PLACE,No,123 WASHINGTON AVE,PORTLAND,ME,4101,508-364-8371,REGULAR,PORTLAND SHUCK SHACK LLC,Cumberland,0,43.6674941,-70.2530204
26815,THE SHOP,0,0,2019-11-20,2020-08-22,MUN - EATING PLACE,No,123 WASHINGTON AVE,PORTLAND,ME,4101,508-364-8371,REGULAR,PORTLAND SHUCK SHACK LLC,Cumberland,0,43.6674941,-70.2530204
26813,BILL @ JOAN ALFOND COMPETITION CENTER,0,1,2025-03-17,2025-07-11,EATING PLACE TIER 3,No,9008 MAIN ST,CARRABASSETT VALLEY,ME,4947,207-237-6844,REGULAR,SUGARLOAF MOUNTAIN CORP,Franklin,0.01351351351,45.0535288,-70.3072781
26813,BILL @ JOAN ALFOND COMPETITION CENTER,0,0,2019-09-13,2020-07-11,EATING PLACE TIER 3,No,9008 MAIN ST,CARRABASSETT VALLEY,ME,4947,207-237-6844,REGULAR,SUGARLOAF MOUNTAIN CORP,Franklin,0,45.0535288,-70.3072781
26807,SHANTYTOWN FOOD TRAILER,1,0,2023-07-14,2023-06-21,EATING PLACE - MOBILE,No,509 US ROUTE 1,PEMBROKE,ME,4666,310-922-7534,REGULAR,DOORYARD SHINE LLC,Hancock,0.04054054054,44.945811,-67.2019755
26807,SHANTYTOWN FOOD TRAILER,0,2,2024-10-04,2025-05-22,EATING PLACE - MOBILE,No,509 US ROUTE 1,PEMBROKE,ME,4666,310-922-7534,REGULAR,DOORYARD SHINE LLC,Hancock,0.02702702703,44.945811,-67.2019755
26797,MARIES KITCHEN IN THE HEART OF NAPLES,2,2,2021-09-25,2022-06-08,EATING AND CATERING,No,939 ROOSEVELT TRL,NAPLES,ME,4055,207-693-2021,REGULAR,MARIES KITCHEN IN THE HEART OF NAPLES LLC,Cumberland,0.1081081081,43.9702831,-70.6063555
26797,MARIES KITCHEN IN THE HEART OF NAPLES,1,0,2019-06-06,2019-06-08,EATING AND CATERING,No,939 ROOSEVELT TRL,NAPLES,ME,4055,207-693-2021,REGULAR,MARIES KITCHEN IN THE HEART OF NAPLES LLC,Cumberland,0.04054054054,43.9702831,-70.6063555
26797,MARIES KITCHEN IN THE HEART OF NAPLES,0,1,2019-09-28,2020-06-08,EATING AND CATERING,No,939 ROOSEVELT TRL,NAPLES,ME,4055,207-693-2021,REGULAR,MARIES KITCHEN IN THE HEART OF NAPLES LLC,Cumberland,0.01351351351,43.9702831,-70.6063555
26787,SPARKYS GRILL,0,0,2018-06-20,2019-06-27,MUN - EATING PLACE - MOBILE,No,555 TURNER ST,AUBURN,ME,4210,207-783-6311,REGULAR,"JELLISON, KENNETH",Androscoggin,0,44.1156893,-70.2318488
26784,G'S DOWNTOWN DOGGS,1,3,2018-05-22,2018-08-21,MUN - EATING PLACE - MOBILE,No,,PORTLAND,ME,4010,207-671-4643,REGULAR,G'S DOWNTOWN DOGGS,Cumberland,0.08108108108,43.6573605,-70.2586618
26780,HOXBILL / KURAFUTO,1,4,2020-02-20,2020-08-29,EATING PLACE TIER 3,No,5 BAYVIEW LANDING,CAMDEN,ME,4843,207-944-8723,REGULAR,CAMDEN WATERFRONT LLC,Knox,0.09459459459,44.209115,-69.0635773
26779,VIP CATERERS OF PARKLAND @ CAMP KINGSWOOD,3,4,2018-07-18,2019-06-12,EATING AND CATERING,No,104 WILDWOOD RD,BRIDGTON,ME,4009,561-241-8000,REGULAR,VIP CATERERS OF PARKLAND,Cumberland,0.1756756757,44.027979,-70.7232649
26775,BLAKE ORCHARD LLC,0,0,2018-06-10,,MUN - EATING PLACE - TEMPORARY,No,OLD PORT,PORTLAND,ME,4101,207-536-7980,REGULAR,BLAKE ORCHARD,Cumberland,0,43.6558735,-70.2549859
26774,DECK AT DOCKSIDE,1,4,2018-08-08,2019-06-13,EATING PLACE TIER 2,No,20 HARRIS ISLAND RD,YORK,ME,3909,207-363-8515,REGULAR,HARRIS ISLAND INC,York,0.09459459459,43.1296801,-70.6467312
26774,DECK AT DOCKSIDE,1,0,2023-08-22,2024-06-13,EATING PLACE TIER 2,No,20 HARRIS ISLAND RD,YORK,ME,3909,207-363-2722,REGULAR,HARRIS ISLAND INC,York,0.04054054054,43.1296801,-70.6467312
26774,DECK AT DOCKSIDE,0,1,2021-08-13,2022-06-13,EATING PLACE TIER 2,No,20 HARRIS ISLAND RD,YORK,ME,3909,207-363-8515,REGULAR,HARRIS ISLAND INC,York,0.01351351351,43.1296801,-70.6467312
26773,STRICTLY COLD BREW,1,1,2018-05-09,2018-06-29,MUN - EATING PLACE - MOBILE,No,45 QUEBEC ST,PORTLAND,ME,4101,914-484-7040,REGULAR,FFEJ - YARD LLC,Cumberland,0.05405405405,43.6687988,-70.2485274
26770,ISLAND POND EVENT AND CONFERENCE CENTER,0,0,2025-03-12,2025-10-26,CATERING,No,350 ISLAND POND RD,WATERFORD,ME,4088,207-583-2381,REGULAR,ISLAND POND EVENT AND CONFERENCE CENTER LLC,Oxford,0,44.1655427,-70.6451915
26769,RICHIE RIBEYE,1,3,2024-08-02,2024-10-04,EATING PLACE TIER 1,No,652 MAIN ST,WESTBROOK,ME,4098,207-887-9039,REGULAR,RICHIE RIBEYE,Cumberland,0.08108108108,43.6782567,-70.357452
26769,RICHIE RIBEYE,0,2,2022-11-02,2023-10-04,EATING PLACE TIER 1,No,652 MAIN ST,WESTBROOK,ME,4098,207-887-9039,REGULAR,RICHIE RIBEYE,Cumberland,0.02702702703,43.6782567,-70.357452
26769,BLAZES BURGERS,5,7,2020-09-18,2021-04-11,EATING PLACE TIER 2,Yes,652 MAIN ST,WESTBROOK,ME,4098,207-415-1397,REGULAR,ALJR LLC,Cumberland,0.2972972973,43.6782567,-70.357452
26769,WAKIE WAKIES,4,2,2025-07-15,2026-06-12,EATING PLACE TIER 2,Yes,652 MAIN ST,WESTBROOK,ME,4098,207-216-2154,REGULAR,WAKIE WAKIES LLC,Cumberland,0.1891891892,43.6782567,-70.357452
26769,RICHIE RIBEYE,3,5,2022-10-03,2022-05-24,EATING PLACE TIER 2,No,652 MAIN ST,WESTBROOK,ME,4098,207-887-9039,REGULAR,RICHIE RIBEYE,Cumberland,0.1891891892,43.6782567,-70.357452
26769,RICHIE RIBEYE,2,8,2022-10-19,2022-05-24,EATING PLACE TIER 2,No,652 MAIN ST,WESTBROOK,ME,4098,207-887-9039,REGULAR,RICHIE RIBEYE,Cumberland,0.1891891892,43.6782567,-70.357452
26769,BLAZES BURGERS,1,0,2020-10-01,2021-04-11,EATING PLACE TIER 2,No,652 MAIN ST,WESTBROOK,ME,4098,207-415-1397,FOLLOW_UP_FULL,ALJR LLC,Cumberland,0.04054054054,43.6782567,-70.357452
26769,BLAZES BURGERS,0,0,2018-04-11,2018-06-30,EATING PLACE TIER 2,No,652 MAIN ST,WESTBROOK,ME,4098,207-415-1397,REGULAR,FISHERMENS GRILL,Cumberland,0,43.6782567,-70.357452
26766,THE FRANCIS,0,0,2018-01-24,2018-09-22,MUN - EATING AND LODGING,No,747 CONGRESS ST,PORTLAND,ME,4101,646-784-3304,REGULAR,THE FRANCIS,Cumberland,0,43.6535166,-70.2705295
26766,THE FRANCIS,0,0,2018-08-15,2018-09-22,MUN - EATING AND LODGING,No,747 CONGRESS ST,PORTLAND,ME,4101,646-784-3304,REGULAR,THE FRANCIS,Cumberland,0,43.6535166,-70.2705295
26766,THE FRANCIS,1,3,2018-01-24,2018-09-22,MUN - EATING PLACE,No,747 CONGRESS ST,PORTLAND,ME,4101,646-784-3304,REGULAR,THE FRANCIS,Cumberland,0.08108108108,43.6535166,-70.2705295
26766,THE FRANCIS,0,0,2018-08-15,2018-09-22,MUN - EATING PLACE,No,747 CONGRESS ST,PORTLAND,ME,4101,646-784-3304,REGULAR,THE FRANCIS,Cumberland,0,43.6535166,-70.2705295
26765,THE SQUEEZE,0,0,2018-06-10,2017-06-11,MUN - EATING PLACE - TEMPORARY,No,OLD PORT,PORTLAND,ME,4101,207-233-8443,REGULAR,THE SQUEEZE,Cumberland,0,43.6558735,-70.2549859
26763,TRINITY LOVE CAFE LLC,3,1,2018-07-13,2018-07-15,EATING PLACE - TEMPORARY 1-4 DAYS,No,41 CLUB RD,WINDHAM,ME,84,860-836-6633,REGULAR,TRINITY LOVE CAFE LLC,Cumberland,0.1351351351,41.7167076,-72.1865704
26760,DUNKIN DONUTS,1,0,2019-01-18,2019-06-29,EATING PLACE TIER 1,No,613 US RT 1,SCARBOROUGH,ME,4074,207-219-8208,REGULAR,DUNSTAN CORNER DONUTS LLC,Cumberland,0.04054054054,43.5555407,-70.4036774
26760,DUNKIN DONUTS,0,1,2022-12-08,2023-06-29,EATING PLACE TIER 1,No,613 US RT 1,SCARBOROUGH,ME,4074,207-219-8208,REGULAR,DUNSTAN CORNER DONUTS LLC,Cumberland,0.01351351351,43.5555407,-70.4036774
26759,WEST STREET CAFE,0,1,2021-08-27,2022-07-25,EATING PLACE TIER 3,No,76 WEST ST,BAR HARBOR,ME,4609,207-288-5242,REGULAR,THE WEST STREET CAFE INC,Hancock,0.01351351351,44.39072,-68.2068861
26759,WEST STREET CAFE,0,0,2019-05-02,2019-07-25,EATING PLACE TIER 3,No,76 WEST ST,BAR HARBOR,ME,4609,207-288-5242,REGULAR,THE WEST STREET CAFE INC,Hancock,0,44.39072,-68.2068861
26756,STARBUCKS COFFEE #48490,0,1,2021-12-21,2022-09-29,EATING PLACE TIER 2,No,352 ALFRED ST,BIDDEFORD,ME,4005,603-505-5633,REGULAR,STARBUCKS CORP,York,0.01351351351,43.4832422,-70.4715368
26756,STARBUCKS,0,0,2018-01-31,2018-09-29,EATING PLACE TIER 2,No,352 ALFRED ST,BIDDEFORD,ME,4005,603-505-5633,REGULAR,STARBUCKS CORP,York,0,43.4832422,-70.4715368
26756,STARBUCKS COFFEE #48490,0,0,2019-12-12,2020-09-29,EATING PLACE TIER 2,No,352 ALFRED ST,BIDDEFORD,ME,4005,603-505-5633,REGULAR,STARBUCKS CORP,York,0,43.4832422,-70.4715368
26756,STARBUCKS COFFEE #48490,0,0,2024-01-23,2024-09-29,EATING PLACE TIER 2,No,352 ALFRED ST,BIDDEFORD,ME,4005,603-505-5633,REGULAR,STARBUCKS CORP,York,0,43.4832422,-70.4715368
26754,KUME STEAK HOUSE,10,16,2023-12-22,2024-05-14,EATING PLACE TIER 3,Yes,86 TOPSHAM MALL RD,TOPSHAM,ME,4086,917-353-8893,FOLLOW_UP_FULL,"CHI, XINRU",Sagadahoc,0.6216216216,43.9360088,-69.9809392
26754,KUME STEAK HOUSE,5,10,2019-06-04,2020-05-14,EATING PLACE TIER 3,Yes,86 TOPSHAM MALL RD,TOPSHAM,ME,4086,603-732-7212,REGULAR,"CHI, XINRU",Sagadahoc,0.3378378378,43.9360088,-69.9809392
26754,KUME STEAK HOUSE,4,13,2023-04-05,2023-05-14,EATING PLACE TIER 3,Yes,86 TOPSHAM MALL RD,TOPSHAM,ME,4086,603-732-7212,REGULAR,"CHI, XINRU",Sagadahoc,0.3378378378,43.9360088,-69.9809392
26754,KUME STEAK HOUSE,4,10,2024-08-01,2025-05-14,EATING PLACE TIER 3,Yes,86 TOPSHAM MALL RD,TOPSHAM,ME,4086,917-353-8893,REGULAR,"CHI, XINRU",Sagadahoc,0.2972972973,43.9360088,-69.9809392
26754,KUME STEAK HOUSE,1,6,2023-12-27,2024-05-14,EATING PLACE TIER 3,No,86 TOPSHAM MALL RD,TOPSHAM,ME,4086,917-353-8893,FOLLOW_UP_FULL,"CHI, XINRU",Sagadahoc,0.1216216216,43.9360088,-69.9809392
26754,KUME STEAK HOUSE,0,8,2025-03-26,2025-05-14,EATING PLACE TIER 3,No,86 TOPSHAM MALL RD,TOPSHAM,ME,4086,917-353-8893,REGULAR,"CHI, XINRU",Sagadahoc,0.1081081081,43.9360088,-69.9809392
26754,KUME STEAK HOUSE,0,5,2024-08-12,2025-05-14,EATING PLACE TIER 3,No,86 TOPSHAM MALL RD,TOPSHAM,ME,4086,917-353-8893,FOLLOW_UP_FULL,"CHI, XINRU",Sagadahoc,0.06756756757,43.9360088,-69.9809392
26754,KUME STEAK HOUSE,1,1,2024-09-13,2025-05-14,EATING PLACE TIER 3,No,86 TOPSHAM MALL RD,TOPSHAM,ME,4086,917-353-8893,REGULAR,"CHI, XINRU",Sagadahoc,0.05405405405,43.9360088,-69.9809392
26754,KUME STEAK HOUSE,0,4,2024-11-25,2025-05-14,EATING PLACE TIER 3,No,86 TOPSHAM MALL RD,TOPSHAM,ME,4086,917-353-8893,REGULAR,"CHI, XINRU",Sagadahoc,0.05405405405,43.9360088,-69.9809392
26754,KUME STEAK HOUSE,0,2,2019-07-12,2020-05-14,EATING PLACE TIER 3,No,86 TOPSHAM MALL RD,TOPSHAM,ME,4086,603-732-7212,FOLLOW_UP_FULL,"CHI, XINRU",Sagadahoc,0.02702702703,43.9360088,-69.9809392
26754,KUME STEAK HOUSE,0,1,2024-10-15,2025-05-14,EATING PLACE TIER 3,No,86 TOPSHAM MALL RD,TOPSHAM,ME,4086,917-353-8893,REGULAR,"CHI, XINRU",Sagadahoc,0.01351351351,43.9360088,-69.9809392
26754,KUME STEAK HOUSE,0,1,2024-12-26,2025-05-14,EATING PLACE TIER 3,No,86 TOPSHAM MALL RD,TOPSHAM,ME,4086,917-353-8893,REGULAR,"CHI, XINRU",Sagadahoc,0.01351351351,43.9360088,-69.9809392
26747,ROADSIDE CONCESSION,1,0,2018-07-13,2018-07-14,EATING PLACE - TEMPORARY 1-4 DAYS,No,,SPRINGFIELD,ME,4487,207-290-7498,REGULAR,SPRINGFIELD FAIR ASSN INC,Penobscot,0.04054054054,45.3961751,-68.1355703
26739,BLAKE ORCHARD,1,6,2022-03-17,2022-05-09,MUN - EATING PLACE,No,561 FOREST AVE,PORTLAND,ME,4101,207-536-7980,REGULAR,BLAKE ORCHARD INC,Cumberland,0.1216216216,43.6688205,-70.2807955
26739,BLAKE ORCHARD,1,4,2019-06-18,2020-05-09,MUN - EATING PLACE,No,561 FOREST AVE,PORTLAND,ME,4101,207-536-7980,REGULAR,BLAKE ORCHARD INC,Cumberland,0.09459459459,43.6688205,-70.2807955
26739,BLAKE ORCHARD,1,3,2025-03-26,2025-05-09,MUN - EATING PLACE,No,561 FOREST AVE,PORTLAND,ME,4101,207-536-7980,REGULAR,BLAKE ORCHARD INC,Cumberland,0.08108108108,43.6688205,-70.2807955
26739,BLAKE ORCHARD,2,0,2021-04-07,2021-05-09,MUN - EATING PLACE,No,561 FOREST AVE,PORTLAND,ME,4101,207-536-7980,REGULAR,BLAKE ORCHARD INC,Cumberland,0.08108108108,43.6688205,-70.2807955
26739,BLAKE ORCHARD,1,2,2024-03-04,2024-05-09,MUN - EATING PLACE,No,561 FOREST AVE,PORTLAND,ME,4101,207-536-7980,REGULAR,BLAKE ORCHARD INC,Cumberland,0.06756756757,43.6688205,-70.2807955
26739,JUICED,1,1,2018-05-04,2019-04-09,MUN - EATING PLACE,No,561 FOREST AVE,PORTLAND,ME,4101,207-446-7028,REGULAR,JUICED LLC,Cumberland,0.05405405405,43.6688205,-70.2807955
26739,BLAKE ORCHARD,1,1,2023-03-06,2023-05-09,MUN - EATING PLACE,No,561 FOREST AVE,PORTLAND,ME,4101,207-536-7980,REGULAR,BLAKE ORCHARD INC,Cumberland,0.05405405405,43.6688205,-70.2807955
26737,MAINELY WRAPS AT THE POINT,1,2,2018-01-11,2018-06-06,MUN - EATING PLACE,No,345 CLARKS POND PKWY,SOUTH PORTLAND,ME,4061,207-219-3704,REGULAR,"MAYNARD, RICHARD",Cumberland,0.06756756757,43.6302567,-70.323202
26737,SWEETS & CO,0,2,2021-07-02,2021-10-06,MUN - EATING PLACE,No,345 CLARKS POND PKWY,SOUTH PORTLAND,ME,4061,207-749-3855,REGULAR,SWEERS & CO LLC`,Cumberland,0.02702702703,43.6302567,-70.323202
26737,RWANDA BEAN COFFEE AT THE POINT,0,0,2019-04-19,2019-10-22,MUN - EATING PLACE,No,345 CLARKS POND PKWY,SOUTH PORTLAND,ME,4061,207-536-1312,REGULAR,RWANDA BEAN COMPANY LLC,Cumberland,0,43.6302567,-70.323202
26735,VAGABOND COFFEE CAR,4,2,2019-06-27,2019-08-23,EATING PLACE - MOBILE,Yes,710 BRANCH RD,WELLS,ME,4090,603-380-3930,REGULAR,"HARDY, WILLAIM",York,0.1891891892,43.3547194,-70.6124614
26735,VAGABOND COFFEE CAR,2,6,2019-07-02,2019-08-23,EATING PLACE - MOBILE,No,710 BRANCH RD,WELLS,ME,4090,603-380-3930,FOLLOW_UP_FULL,"HARDY, WILLAIM",York,0.1621621622,43.3547194,-70.6124614
26735,VAGABOND COFFEE CAR,0,0,2019-08-14,2019-08-23,EATING PLACE - MOBILE,No,710 BRANCH RD,WELLS,ME,4090,603-380-3930,FOLLOW_UP_FULL,"HARDY, WILLAIM",York,0,43.3547194,-70.6124614
26733,DAVES ROADSIDE,0,1,2018-06-06,2019-06-09,EATING PLACE TIER 1,No,225 NORTHPORT AVE,BELFAST,ME,4915,207-338-0533,REGULAR,BELFAST CANDY LLC,Waldo,0.01351351351,44.4029029,-68.9898028
26731,ME LON TO GO,1,5,2019-09-17,2020-06-17,EATING PLACE TIER 2,No,375 EAST MAIN ST,SEARSPORT,ME,4974,207-872-9146,REGULAR,ME LON TO GO,Waldo,0.1081081081,44.4761542,-68.8800959
26728,BAM BOO BISTRO,0,0,2018-06-10,2017-06-11,MUN - EATING PLACE - TEMPORARY,No,OLD PORT,PORTLAND,ME,4104,207-591-5444,REGULAR,GIABAO LLC,Cumberland,0,43.6558735,-70.2549859
26727,THE JUICE JAR,0,2,2024-07-15,2025-05-10,EATING PLACE - TAKEOUT,No,115 PERKINS COVE,OGUNQUIT,ME,3907,207-219-2851,REGULAR,FOOTBRIDGE LOBSTER LLC,York,0.02702702703,43.2365426,-70.5895128
26727,THE JUICE JAR,0,6,2022-06-02,2022-06-19,EATING PLACE TIER 1,No,115 PERKINS COVE,OGUNQUIT,ME,3907,207-219-2851,REGULAR,Chris Eager,York,0.08108108108,43.2365426,-70.5895128
26727,JAVA,0,4,2018-06-13,2019-06-19,EATING PLACE TIER 1,No,115 PERKINS COVE,OGUNQUIT,ME,3907,978-729-1608,REGULAR,JAVA LLC,York,0.05405405405,43.2365426,-70.5895128
26724,CAMP HINDS BSA,3,10,2018-08-07,2019-06-22,EATING AND CATERING,No,147 PLAINS RD,RAYMOND,ME,4071,207-797-5252,REGULAR,CAMP WILLIAM HINDS,Cumberland,0.2567567568,43.9497128,-70.4677712
26724,CAMP HINDS BSA,0,9,2019-07-23,2020-06-22,EATING AND CATERING,No,147 PLAINS RD,RAYMOND,ME,4071,207-797-5252,REGULAR,CAMP WILLIAM HINDS,Cumberland,0.1216216216,43.9497128,-70.4677712
26718,DECK @ DOCKSIDE,0,3,2023-08-22,2024-06-05,EATING PLACE - MOBILE,No,20 HARRIS ISLAND RD,YORK,ME,3909,207-363-2868,REGULAR,HARRIS ISLAND INC,York,0.04054054054,43.1296801,-70.6467312
26718,DECK @ DOCKSIDE,0,1,2018-08-08,2019-06-05,EATING PLACE - MOBILE,No,20 HARRIS ISLAND RD,YORK,ME,3909,207-363-8515,REGULAR,HARRIS ISLAND INC,York,0.01351351351,43.1296801,-70.6467312
26716,FIREHOUSE SUBS,2,0,2025-01-23,2025-07-13,EATING PLACE TIER 2,No,410 CENTER ST,AUBURN,ME,4210,207-751-8953,REGULAR,S & L AUBURN LLC,Androscoggin,0.08108108108,44.1171195,-70.2253252
26716,FIREHOUSE SUBS,1,0,2018-08-17,2019-07-13,MUN - EATING PLACE,No,410 CENTER ST,AUBURN,ME,4210,207-751-8953,REGULAR,S & L AUBURN LLC,Androscoggin,0.04054054054,44.1171195,-70.2253252
26716,FIREHOUSE SUBS,0,2,2019-07-31,2019-07-13,MUN - EATING PLACE,No,410 CENTER ST,AUBURN,ME,4210,207-751-8953,REGULAR,S & L AUBURN LLC,Androscoggin,0.02702702703,44.1171195,-70.2253252
26714,VAGABOND COFFEE TRUCK,1,0,2021-07-02,2022-03-30,EATING PLACE - MOBILE,No,8 CHESTNUT ST,FALMOUTH,ME,4105,207-295-6982,REGULAR,VAGABOND COFFEE TRUCK LLC,Cumberland,0.04054054054,43.7354216,-70.2038154
26714,VAGABOND COFFEE TRUCK,0,1,2025-07-15,2023-03-30,EATING PLACE - MOBILE,No,8 CHESTNUT ST,FALMOUTH,ME,4105,207-295-6982,REGULAR,EATHAN WHITED,Cumberland,0.01351351351,43.7354216,-70.2038154
26711,CHIPS ON THE GREEN,0,0,2018-05-31,2018-05-31,EATING PLACE TIER 2,No,685 ME 129,WALPOLE,ME,4573,207-563-3938,NEWOWNER,SANDBAGGERS GOLF LLC,Lincoln,0,43.9513571,-69.5513074
26707,DOMINOS PIZZA,0,1,2023-12-29,2024-07-07,EATING PLACE TIER 2,No,192 WATER ST,GARDINER,ME,4345,207-203-2200,REGULAR,HF ENTERPRISES INC,Kennebec,0.01351351351,44.2293845,-69.7715681
26707,DOMINOS PIZZA,0,0,2020-06-17,2021-07-07,EATING PLACE TIER 2,No,192 WATER ST,GARDINER,ME,4345,207-203-2200,REGULAR,HF ENTERPRISES INC,Kennebec,0,44.2293845,-69.7715681
26705,MAINELY CUSTARD,1,0,2018-07-19,2019-07-27,EATING PLACE TIER 1,No,2 MORNING WALK LN,KENNEBUNK,ME,4043,207-776-1389,REGULAR,"KENNEBUNK FROZEN CUSTARD TREATS, INC",York,0.04054054054,43.361912,-70.4880686
26704,LUNCH SOUP AND SANDWICH SHOP,1,5,2022-04-21,2022-06-07,EATING PLACE TIER 1,No,8 MOUNT DESERT ST,BAR HARBOR,ME,4609,207-812-8260,REGULAR,NKPORTER,Hancock,0.1081081081,44.3873431,-68.2049288
26704,LUNCH SOUP AND SANDWICH SHOP,0,1,2019-09-18,2020-06-07,EATING PLACE TIER 1,No,8 MOUNT DESERT ST,BAR HARBOR,ME,4609,207-812-8260,REGULAR,NKPORTER,Hancock,0.01351351351,44.3873431,-68.2049288
26699,THE VIBE NUTRITION,0,3,2022-01-20,2022-06-03,EATING PLACE TIER 1,No,964 WESTERN AVE,MANCHESTER,ME,4351,--20,REGULAR,THE VIBE NUTRITIONS LLC,Kennebec,0.04054054054,44.3245713,-69.8612332
26699,THE VIBE NUTRITION,0,2,2021-06-03,2022-06-03,EATING PLACE TIER 1,No,964 WESTERN AVE,MANCHESTER,ME,4351,--20,NEWOWNER,THE VIBE NUTRITIONS LLC,Kennebec,0.02702702703,44.3245713,-69.8612332
26698,MACLEODS DAIRY BAR,3,1,2023-09-20,2024-08-24,EATING PLACE - TAKEOUT,No,144 RIVER RD,CALAIS,ME,4619,207-952-9252,REGULAR,MACLEODS DAIRY BAR,Washington,0.1351351351,45.1710449,-67.2451409
26698,ST CROIX SNACK SHACK,1,1,2021-07-07,2022-06-27,EATING PLACE TIER 1,No,144 RIVER RD,CALAIS,ME,4619,207-952-5781,REGULAR,ST CROIX SNACK SHACK LLC,Washington,0.05405405405,45.1710449,-67.2451409
26698,ST CROIX SNACK SHACK,0,1,2019-06-11,2019-06-27,EATING PLACE TIER 1,No,144 RIVER RD,CALAIS,ME,4619,207-952-5781,REGULAR,ST CROIX SNACK SHACK LLC,Washington,0.01351351351,45.1710449,-67.2451409
26698,MACLEODS DAIRY BAR,0,0,2023-08-23,2022-04-19,EATING PLACE TIER 1,No,144 RIVER RD,CALAIS,ME,4619,207-952-9252,REGULAR,MACLEODS DAIRY BAR,Washington,0,45.1710449,-67.2451409
26697,SHIRETOWN LUNCH BOX,0,1,2018-06-25,2018-06-02,EATING PLACE - MOBILE,No,42 COURT ST,HOULTON,ME,4730,207-538-7059,NEWOWNER,"GANEM, BARBARA A",Aroostook,0.01351351351,46.123424,-67.8394696
26696,LITTLE RED HEN BAKERY & ICE CREAM,0,5,2019-01-15,2019-05-24,EATING PLACE TIER 1,No,22 PARKWAY,BETHEL,ME,4217,207-392-2253,REGULAR,"SMITH, MELLISSA",Oxford,0.06756756757,44.4130148,-70.7933231
26691,DEANOS TAKEOUT,2,3,2022-04-06,2022-05-16,EATING PLACE TIER 1,No,15 BOZOS WAY,MILBRIDGE,ME,4658,207-546-3326,REGULAR,"NEWENHAM, FELISHIA",Washington,0.1216216216,44.5205411,-67.8939302
26691,DEANOS TAKEOUT,0,5,2024-05-03,2024-05-16,EATING PLACE TIER 1,No,15 BOZOS WAY,MILBRIDGE,ME,4658,207-546-3326,REGULAR,"NEWENHAM, FELISHIA",Washington,0.06756756757,44.5205411,-67.8939302
26691,DEANOS TAKEOUT,0,2,2019-05-07,2019-05-16,EATING PLACE TIER 1,No,15 BOZOS WAY,MILBRIDGE,ME,4658,207-546-3326,REGULAR,"NEWENHAM, FELISHIA",Washington,0.02702702703,44.5205411,-67.8939302
26688,NORTHPORT CAMPGROUND CAFE,0,1,2019-09-04,2020-05-23,EATING PLACE - MOBILE,No,14 CHELSEA LN,NORTHPORT,ME,4849,207-338-2097,REGULAR,"KNIGHT, CHARLES",Waldo,0.01351351351,44.3512624,-68.9720026
26686,SCHOODIC INSTITUTE @ ACADIA NATIONAL PARK,1,0,2019-05-20,2020-05-18,EATING PLACE TIER 3,No,46 JACOBSON DR,WINTER HARBOR,ME,4693,207-288-1310,REGULAR,SCHOODIC INSTITUTE @ ACADIA NATIONAL PARK,Hancock,0.04054054054,44.3390205,-68.0603433
26686,SCHOODIC INSTITUTE @ ACADIA NATIONAL PARK,0,1,2022-09-27,2023-05-18,EATING PLACE TIER 3,No,46 JACOBSON DR,WINTER HARBOR,ME,4693,207-288-1310,REGULAR,SCHOODIC INSTITUTE @ ACADIA NATIONAL PARK,Hancock,0.01351351351,44.3390205,-68.0603433
26681,THE MOODY DOG # 1,0,3,2020-09-04,2021-05-16,EATING PLACE - MOBILE,No,39 MAIN ST,BELFAST,ME,4915,207-322-2353,REGULAR,"MOODY, RAYMELLE",Waldo,0.04054054054,44.4273517,-69.0060968
26681,THE MOODY DOG # 1,0,0,2018-05-22,2019-05-16,EATING PLACE - MOBILE,No,39 MAIN ST,BELFAST,ME,4915,207-322-2353,REGULAR,"MOODY, RAYMELLE",Waldo,0,44.4273517,-69.0060968
26680,CHAT & CHOW TAKE OUT,0,3,2021-09-21,2022-05-17,EATING PLACE - MOBILE,No,2000 ATLANTIC HWY,WARREN,ME,4864,207-273-0132,REGULAR,"JONES, LINDA",Knox,0.04054054054,44.1167242,-69.2653694
26678,E'S EATS,0,2,2019-09-30,2020-07-31,EATING PLACE - MOBILE,No,229 KNIGHTS HILL RD,BRIDGTON,ME,4009,207-256-0060,REGULAR,"ROTH, ELIZABETH",Oxford,0.02702702703,44.0779409,-70.8298909
26677,PAPA JACKS,1,0,2021-09-22,2022-06-29,EATING PLACE - MOBILE,No,2590 CAMDEN RD,WARREN,ME,4861,207-691-6389,REGULAR,"DOUCETT, AIMEE & MARGESON, KASIE",Knox,0.04054054054,44.1559122,-69.1848273
26677,PAPA JACKS,0,0,2021-06-29,,EATING PLACE - MOBILE,No,2590 CAMDEN RD,WARREN,ME,4861,207-691-6389,NEWOWNER,"DOUCETT, AIMEE & MARGESON, KASIE",Knox,0,44.1559122,-69.1848273
26671,COUSINS MAINE LOBSTER,3,1,2021-08-10,2022-05-23,EATING PLACE - MOBILE,No,FORT WILLIAMS,CAPE ELIZABETH,ME,4101,603-657-5624,REGULAR,COUSINS MAINE LOBSTER LLC,Cumberland,0.1351351351,43.6216378,-70.2121893
26667,SWEET EMOTIONS MINI DONUTS & MORE,0,1,2019-07-19,2020-06-05,EATING PLACE - MOBILE,No,300 STATION RD,EASTON,ME,4710,207-488-2350,REGULAR,"PANGBURN, STEPHEN",Aroostook,0.01351351351,46.6608264,-67.9104579
26666,PLEASANT ST BINGO,5,4,2022-08-24,2022-05-04,MUN - EATING PLACE,Yes,475 PLEASANT ST,LEWISTON,ME,4240,207-777-1394,REGULAR,BURNS. JANE,Androscoggin,0.2567567568,44.077383,-70.1808666
26666,PLEASANT ST BINGO,1,4,2019-03-06,2019-05-04,MUN - EATING PLACE,No,475 PLEASANT ST,LEWISTON,ME,4240,207-777-1394,REGULAR,BURNS. JANE,Androscoggin,0.09459459459,44.077383,-70.1808666
26666,PLEASANT ST BINGO,1,2,2024-10-24,2025-05-04,MUN - EATING PLACE,No,475 PLEASANT ST,LEWISTON,ME,4240,207-777-1394,REGULAR,BURNS. JANE,Androscoggin,0.06756756757,44.077383,-70.1808666
26666,PLEASANT ST BINGO,1,0,2022-09-15,2022-05-04,MUN - EATING PLACE,No,475 PLEASANT ST,LEWISTON,ME,4240,207-777-1394,FOLLOW_UP_FULL,BURNS. JANE,Androscoggin,0.04054054054,44.077383,-70.1808666
26662,SOMERSET AVE DONUTS LLC,1,2,2019-10-18,2020-08-08,EATING PLACE TIER 2,No,126 SOMERSET PLAZA,PITTSFIELD,ME,4967,978-682-2382,REGULAR,CRT CXCIII LLC,Somerset,0.06756756757,44.7859189,-69.3993221
26659,TIN TIN'S MOBILE KITCHEN,2,0,2018-08-08,2018-09-23,EATING PLACE - MOBILE,No,74 FRONT ST,WATERVILLE,ME,4901,207-376-7134,REGULAR,"KHAN, MOHAMMAD",Kennebec,0.08108108108,44.552628,-69.6286957
26659,TIN TIN'S MOBILE KITCHEN,0,3,2018-09-24,2018-09-23,EATING PLACE - MOBILE,No,74 FRONT ST,WATERVILLE,ME,4901,207-376-7134,FOLLOW_UP_FULL,"KHAN, MOHAMMAD",Kennebec,0.04054054054,44.552628,-69.6286957
26656,RIZZUTO'S ICE CREAM,0,0,2018-06-10,2017-06-11,MUN - EATING PLACE - TEMPORARY,No,OLD PORT,PORTLAND,ME,4101,781-367-3508,REGULAR,"RIZZUTO, LISA",Cumberland,0,43.6558735,-70.2549859
26654,PAPAS ROADHOUSE,1,2,2018-08-30,2019-04-11,EATING PLACE - MOBILE,No,39 WASHINGTON AVE,GARDINER,ME,4345,207-592-4736,REGULAR,PANGEA FOOD SERVICE LLC,Kennebec,0.06756756757,44.225969,-69.7780341
26643,CENTERPLATE - UPPER DECK,0,0,2021-07-15,2022-05-03,EATING PLACE TIER 1,No,775 PORTLAND RD,SACO,ME,4072,864-248-2011,REGULAR,VOLUME SERVICES INC,York,0,43.5281778,-70.4260858
26643,CENTERPLATE - UPPER DECK,0,0,2023-07-26,2024-05-03,EATING PLACE TIER 1,No,775 PORTLAND RD,SACO,ME,4072,864-248-2011,REGULAR,VOLUME SERVICES INC,York,0,43.5281778,-70.4260858
26640,CENTERPLATE - SWEET TOOTH ICE CREAM & CANDY,0,0,2021-07-15,2022-05-03,EATING PLACE TIER 1,No,775 PORTLAND RD,SACO,ME,4072,864-248-2011,REGULAR,VOLUME SERVICES INC,York,0,43.5281778,-70.4260858
26640,CENTERPLATE - SWEET TOOTH ICE CREAM & CANDY,0,0,2023-07-26,2024-05-03,EATING PLACE TIER 1,No,775 PORTLAND RD,SACO,ME,4072,864-248-2011,REGULAR,VOLUME SERVICES INC,York,0,43.5281778,-70.4260858
26639,CENTERPLATE - TIKI HUT,2,2,2023-07-26,2024-06-22,EATING PLACE TIER 1,No,774 PORTLAND RD,SACO,ME,4072,864-248-2011,REGULAR,VOLUME SERVICES INC,York,0.1081081081,43.5284806,-70.4277505
26639,CENTERPLATE - TIKI HUT,0,2,2021-07-15,2022-06-22,EATING PLACE TIER 1,No,774 PORTLAND RD,SACO,ME,4072,864-248-2011,REGULAR,VOLUME SERVICES INC,York,0.02702702703,43.5284806,-70.4277505
26638,THE GREENHOUSE BY SAO,0,1,2022-07-28,2023-06-29,EATING PLACE - MOBILE,No,1167 SOKOKIS TRAIL,CORNISH,ME,4020,207-636-6592,REGULAR,SAO COOKS AND CATERING LLC,Oxford,0.01351351351,43.7298118,-70.817085
26638,THE GREENHOUSE BY SAO,0,0,2023-09-30,2024-06-29,EATING PLACE - MOBILE,No,350 MAPLECREST RD,PARSONSFIELD,ME,4047,207-636-6592,REGULAR,SAO COOKS AND CATERING LLC,York,0,43.7279313,-70.8748723
26637,OAKLAND DONUTS LLC,0,2,2022-12-28,2023-06-14,EATING PLACE TIER 1,No,848 KENNEDY MEMORIAL DR,OAKLAND,ME,4963,978-682-2382,REGULAR,CRT CXCII LLC,Kennebec,0.02702702703,44.5433547,-69.6890169
26637,OAKLAND DONUTS LLC,0,0,2019-11-08,2019-08-06,EATING PLACE TIER 1,No,848 KENNEDY MEMORIAL DR,OAKLAND,ME,4963,978-682-2382,REGULAR,CRT CXCII LLC,Kennebec,0,44.5433547,-69.6890169
26632,JAMAICAN VYBZ,0,1,2019-06-18,2018-10-29,EATING PLACE - MOBILE,No,18 SPRING ST,BELFAST,ME,4915,207-973-1999,REGULAR,,Waldo,0.01351351351,44.4261995,-69.0042934
26629,PORTLAND PULP,5,5,2019-09-06,2019-07-07,MUN - EATING PLACE,Yes,116 FREE ST,PORTLAND,ME,4101,207-318-9898,REGULAR,PORTLAND PULP LLC,Cumberland,0.2702702703,43.6547478,-70.2613244
26629,PORTLAND PULP,1,2,2018-09-07,2019-07-07,MUN - EATING PLACE,No,116 FREE ST,PORTLAND,ME,4101,207-318-9898,REGULAR,PORTLAND PULP LLC,Cumberland,0.06756756757,43.6547478,-70.2613244
26629,PORTLAND PULP,1,1,2019-09-16,2019-07-07,MUN - EATING PLACE,No,116 FREE ST,PORTLAND,ME,4101,207-318-9898,FOLLOW_UP_FULL,PORTLAND PULP LLC,Cumberland,0.05405405405,43.6547478,-70.2613244
26627,COLBY COLLEGE MOBILE KITCHEN,0,0,2025-06-26,2026-05-10,EATING PLACE - MOBILE,No,5460 MAYFLOWER HILL,WATERVILLE,ME,4901,207-859-5460,NEWOWNER,PRESIDENT & TRUSTEES OF COLBY COLLEGE,Kennebec,0,44.5667064,-69.6576979
26621,ISTANBUL RESTAURANT AND BAKERY,2,5,2020-10-01,2020-11-20,EATING AND CATERING,No,888 MAIN ST,WESTBROOK,ME,4092,207-747-9680,REGULAR,THE PRINCE LLC,Cumberland,0.1486486486,43.676694,-70.3678486
26621,ISTANBUL RESTAURANT AND BAKERY,4,10,2023-11-29,2024-08-03,EATING PLACE TIER 1,Yes,888 MAIN ST,WESTBROOK,ME,4092,207-591-0006,REGULAR,"ABBAS, SAMER",Cumberland,0.2972972973,43.676694,-70.3678486
26621,ISTANBUL RESTAURANT AND BAKERY,4,7,2025-01-29,2025-01-06,EATING PLACE TIER 1,Yes,888 MAIN ST,WESTBROOK,ME,4092,207-591-0006,REGULAR,"ABBAS, SAMER",Cumberland,0.2567567568,43.676694,-70.3678486
26621,TOP KABOB,3,7,2019-05-14,2019-08-24,EATING PLACE TIER 1,No,888 MAIN ST,WESTBROOK,ME,4092,207-591-0691,REGULAR,"JABER, AWADH",Cumberland,0.2162162162,43.676694,-70.3678486
26621,ISTANBUL RESTAURANT AND BAKERY,3,1,2025-03-12,2025-01-06,EATING PLACE TIER 1,No,888 MAIN ST,WESTBROOK,ME,4092,207-591-0006,FOLLOW_UP_FULL,"ABBAS, SAMER",Cumberland,0.1351351351,43.676694,-70.3678486
26617,JOE LANE LOBSTERMAN,2,4,2022-06-27,2023-06-19,EATING PLACE TIER 2,No,115 ELM ST,DAMARISCOTTA,ME,4543,207-682-0110,REGULAR,JOE LANE LOBSTERMAN LLC,Lincoln,0.1351351351,44.0328272,-69.5296273
26617,JOE LANE LOBSTERMAN,2,2,2018-05-17,2018-06-19,EATING PLACE TIER 2,No,115 ELM ST,DAMARISCOTTA,ME,4543,207-380-3804,REGULAR,JOE LANE LOBSTERMAN LLC,Lincoln,0.1081081081,44.0328272,-69.5296273
26613,KUNO,1,2,2019-06-01,2020-04-19,EATING PLACE - MOBILE,No,671 CONGRESS ST,PORTLAND,ME,4101,207-321-8877,REGULAR,ASIAN FOOD TRUCK LLC,Cumberland,0.06756756757,43.6533021,-70.2666206
26613,THAINY BODA,0,0,2018-05-19,2019-05-11,EATING PLACE - MOBILE,No,671 CONGRESS ST,PORTLAND,ME,4101,207-766-6616,REGULAR,ASIAN FOOD TRUCK LLC,Cumberland,0,43.6533021,-70.2666206
26613,ASIAN FOOD TRUCK,0,0,2018-06-10,2019-05-11,EATING PLACE - MOBILE,No,671 CONGRESS ST,PORTLAND,ME,4101,207-766-6616,REGULAR,ASIAN FOOD TRUCK LLC,Cumberland,0,43.6533021,-70.2666206
26612,HOOT DAWGS,0,0,2023-09-05,2024-04-20,EATING PLACE - MOBILE,No,1458 MAIN ST,SANFORD,ME,4073,207-490-4900,REGULAR,HOOT DAWGS LLC,York,0,43.4104954,-70.7401944
26609,Uncontained Arts Center,0,3,2021-10-28,2020-04-12,EATING PLACE TIER 1,No,84 MAIN ST,HOULTON,ME,4730,207-227-2697,NEWOWNER,"Danielle Hartnett, Laura Tomah",Aroostook,0.04054054054,46.1258025,-67.8383363
26609,WINE UNTIL NINE,0,1,2022-10-13,2022-11-01,EATING PLACE TIER 1,No,84 MAIN ST,HOULTON,ME,4730,207-538-5273,NEWOWNER,,Aroostook,0.01351351351,46.1258025,-67.8383363
26609,WINE UNTIL NINE,0,0,2025-04-17,2025-10-17,MUN - EATING AND CATERING,No,84 MAIN ST,HOULTON,ME,4730,207-538-5273,REGULAR,"LAFONTAINE, HEATHER",Aroostook,0,46.1258025,-67.8383363
26607,MAINE TASTING CENTER  TASTING ROOM,3,0,2025-07-15,2026-05-17,EATING PLACE TIER 2,No,506 OLD BATH RD,WISCASSET,ME,4578,410-971-1171,REGULAR,MAINE TASTING CENTER,Lincoln,0.1216216216,43.979578,-69.7054716
26607,MAINE TASTING CENTER  TASTING ROOM,0,0,2021-06-16,2017-09-07,EATING PLACE TIER 3,No,506 OLD BATH RD,WISCASSET,ME,4578,207-613-6282,NEWOWNER,MAINE TASTING CENTER,Lincoln,0,43.979578,-69.7054716
26603,THE MAPLE MOOSE,1,0,2019-07-19,2020-04-21,EATING PLACE - MOBILE,No,28 BOWERS RD,EASTON,ME,4740,207-488-6824,REGULAR,"KING, CLEMENT J III",Aroostook,0.04054054054,46.6482804,-67.8240226
26603,THE MAPLE MOOSE,0,1,2021-07-18,2022-04-21,EATING PLACE - MOBILE,No,28 BOWERS RD,EASTON,ME,4740,207-488-6824,REGULAR,"KING, CLEMENT J III",Aroostook,0.01351351351,46.6482804,-67.8240226
26603,THE MAPLE MOOSE,0,1,2023-07-14,2024-04-21,EATING PLACE - MOBILE,No,28 BOWERS RD,EASTON,ME,4740,207-488-6824,REGULAR,"KING, CLEMENT J III",Aroostook,0.01351351351,46.6482804,-67.8240226
26603,THE MAPLE MOOSE,0,1,2024-06-07,2025-04-21,EATING PLACE - MOBILE,No,28 BOWERS RD,EASTON,ME,4740,207-768-1062,REGULAR,"KING, CLEMENT J III",Aroostook,0.01351351351,46.6482804,-67.8240226
26603,THE MAPLE MOOSE,0,1,2025-07-17,2026-04-21,EATING PLACE - MOBILE,No,28 BOWERS RD,EASTON,ME,4740,207-768-1062,REGULAR,"KING, CLEMENT J III",Aroostook,0.01351351351,46.6482804,-67.8240226
26603,THE MAPLE MOOSE,0,0,2022-07-15,2023-04-21,EATING PLACE - MOBILE,No,28 BOWERS RD,EASTON,ME,4740,207-488-6824,REGULAR,"KING, CLEMENT J III",Aroostook,0,46.6482804,-67.8240226
26602,HAKKA ME,3,3,2018-08-09,2019-04-10,MUN - EATING PLACE - MOBILE,No,225 PROSPECT ST,PORTLAND,ME,4103,207-583-5743,REGULAR,"WEN, CHENG",Cumberland,0.1621621622,43.6678113,-70.2944492
26602,HAKKA ME,0,0,2018-08-15,2019-04-10,MUN - EATING PLACE - MOBILE,No,225 PROSPECT ST,PORTLAND,ME,4103,207-583-5743,FOLLOW_UP_FULL,"WEN, CHENG",Cumberland,0,43.6678113,-70.2944492
26601,BEN & JERRYS,1,3,2023-04-14,2024-04-13,EATING PLACE TIER 1,No,5 UNION ST,KENNEBUNKPORT,ME,4046,207-415-0706,REGULAR,THREE M'S TREAT LLC,York,0.08108108108,43.3609959,-70.4760816
26600,LAKESIDE DAIRY BAR,0,2,2025-06-16,2026-05-31,EATING PLACE TIER 1,No,933 ROOSEVELT TRL,NAPLES,ME,4055,207-749-7147,REGULAR,NAPLES DAIRY BAR INC,Cumberland,0.02702702703,43.9701348,-70.605697
26600,LAKESIDE DAIRY BAR,0,0,2023-06-21,2024-05-31,EATING PLACE TIER 1,No,933 ROOSEVELT TRL,NAPLES,ME,4055,207-749-7147,REGULAR,NAPLES DAIRY BAR INC,Cumberland,0,43.9701348,-70.605697
26593,GREAT FALLS DELIVERY CAFE,0,4,2018-04-17,2019-04-14,MUN - EATING PLACE,No,76 SABATTUS ST,LEWISTON,ME,4240,207-713-6768,REGULAR,"FORTIN, JESSICA",Androscoggin,0.05405405405,44.1002758,-70.2112137
26591,CONG TU BOT,2,1,2024-02-22,2024-08-13,MUN - EATING PLACE,No,59 WASHINGTON AVE,PORTLAND,ME,4101,925-413-0468,REGULAR,NGUOI DEP LLC,Cumberland,0.09459459459,43.6653581,-70.2519527
26591,CONG TU BOT,2,1,2025-04-17,2025-08-13,MUN - EATING PLACE,No,59 WASHINGTON AVE,PORTLAND,ME,4101,925-413-0468,REGULAR,NGUOI DEP LLC,Cumberland,0.09459459459,43.6653581,-70.2519527
26591,CONG TU BOT,1,1,2018-06-07,2019-06-22,MUN - EATING PLACE,No,59 WASHINGTON AVE,PORTLAND,ME,4101,925-413-0468,REGULAR,NGUOI DEP LLC,Cumberland,0.05405405405,43.6653581,-70.2519527
26591,CONG TU BOT,1,1,2019-10-16,2020-06-22,MUN - EATING PLACE,No,59 WASHINGTON AVE,PORTLAND,ME,4101,925-413-0468,REGULAR,NGUOI DEP LLC,Cumberland,0.05405405405,43.6653581,-70.2519527
26591,CONG TU BOT,0,3,2021-10-28,2022-08-13,MUN - EATING PLACE,No,59 WASHINGTON AVE,PORTLAND,ME,4101,925-413-0468,REGULAR,NGUOI DEP LLC,Cumberland,0.04054054054,43.6653581,-70.2519527
26591,CONG TU BOT,1,0,2019-01-17,2019-06-22,MUN - EATING PLACE,No,59 WASHINGTON AVE,PORTLAND,ME,4101,925-413-0468,REGULAR,NGUOI DEP LLC,Cumberland,0.04054054054,43.6653581,-70.2519527
26591,CONG TU BOT,0,2,2023-01-27,2023-08-13,MUN - EATING PLACE,No,59 WASHINGTON AVE,PORTLAND,ME,4101,925-413-0468,REGULAR,NGUOI DEP LLC,Cumberland,0.02702702703,43.6653581,-70.2519527
26590,BREAKROOM 248,3,7,2019-12-11,2020-06-19,EATING PLACE TIER 1,No,248 MAIN ST,BRIDGTON,ME,4009,929-225-7062,REGULAR,SNDME2 LLC,Cumberland,0.2162162162,44.054316,-70.7029993
26590,BREAKROOM 248,3,5,2024-08-01,2024-06-19,EATING PLACE TIER 1,No,248 MAIN ST,BRIDGTON,ME,4009,929-225-7062,REGULAR,SNDME2 LLC,Cumberland,0.1891891892,44.054316,-70.7029993
26581,THE 5 SPOT,1,3,2018-11-14,2019-04-12,MUN - EATING PLACE,No,935 CONGRESS ST,PORTLAND,ME,4102,207-618-0696,REGULAR,"IANNACCONE, ROSETTA",Cumberland,0.08108108108,43.6538518,-70.2788595
26581,THE 5 SPOT,1,3,2019-10-22,2020-04-12,MUN - EATING PLACE,No,935 CONGRESS ST,PORTLAND,ME,4102,207-618-0696,REGULAR,"IANNACCONE, ROSETTA",Cumberland,0.08108108108,43.6538518,-70.2788595
26581,THE 5 SPOT,1,2,2019-05-14,2019-04-12,MUN - EATING PLACE,No,935 CONGRESS ST,PORTLAND,ME,4102,207-618-0696,REGULAR,"IANNACCONE, ROSETTA",Cumberland,0.06756756757,43.6538518,-70.2788595
26581,THE 5 SPOT,1,1,2018-05-25,2019-04-12,MUN - EATING PLACE,No,935 CONGRESS ST,PORTLAND,ME,4102,207-618-0696,REGULAR,"IANNACCONE, ROSETTA",Cumberland,0.05405405405,43.6538518,-70.2788595
26580,WABI CAFE,0,1,2022-06-09,2023-05-24,COMMISSARY,No,26 YORK ST,YORK,ME,3909,808-227-1260,REGULAR,WABI FOODS,York,0.01351351351,43.1508875,-70.6629265
26579,LUIS AREPERA & GRILL,1,2,2018-02-05,2018-05-15,MUN - EATING PLACE,No,946 FOREST AVE,PORTLAND,ME,4103,207-272-8592,REGULAR,"SANCHEZ, LUIS",Cumberland,0.06756756757,43.6800503,-70.2894335
26579,LUIS AREPERA,1,1,2019-08-02,2020-01-22,MUN - EATING PLACE,No,948 FOREST AVE,PORTLAND,ME,4103,207-286-8646,REGULAR,LUIS'S AREPERA LLC,Cumberland,0.05405405405,43.6800717,-70.2893975
26579,LUIS AREPERA & GRILL,0,0,2018-12-04,2019-05-15,MUN - EATING PLACE,No,948 FOREST AVE,PORTLAND,ME,4103,207-272-8592,REGULAR,"SANCHEZ, LUIS",Cumberland,0,43.6800717,-70.2893975
26579,LUIS AREPERA,0,0,2019-01-18,2019-05-15,MUN - EATING PLACE,No,948 FOREST AVE,PORTLAND,ME,4103,207-286-8646,NEWOWNER,"SANCHEZ, LUIS",Cumberland,0,43.6800717,-70.2893975
26579,LUIS AREPERA,0,0,2020-02-03,2021-01-22,MUN - EATING PLACE,No,948 FOREST AVE,PORTLAND,ME,4103,207-286-8646,REGULAR,LUIS'S AREPERA LLC,Cumberland,0,43.6800717,-70.2893975
26579,KUNGFU TEA,1,1,2024-02-27,2025-01-11,MUN - EATING PLACE TAKEOUT,No,948 FOREST AVE,PORTLAND,ME,4103,207-536-4879,REGULAR,KUNGFU TEA,Cumberland,0.05405405405,43.6800717,-70.2893975
26579,KUNGFU TEA,0,0,2024-10-23,2025-01-11,MUN - EATING PLACE TAKEOUT,No,948 FOREST AVE,PORTLAND,ME,4103,207-536-4879,REGULAR,KUNGFU TEA,Cumberland,0,43.6800717,-70.2893975
26570,FARM TO COAST MOBILE KITCHEN,0,2,2018-05-29,2019-04-12,EATING PLACE - MOBILE,No,126 WASHINGTON AVE,PORTLAND,ME,4101,207-409-8173,REGULAR,J & B GROSSMAN,York,0.02702702703,43.6673417,-70.2533707
26570,FARM TO COAST MOBILE KITCHEN,0,1,2019-06-01,2020-04-12,EATING PLACE - MOBILE,No,126 WASHINGTON AVE,PORTLAND,ME,4101,207-409-8173,REGULAR,J & B GROSSMAN,York,0.01351351351,43.6673417,-70.2533707
26569,HAMPTON INN,0,1,2024-12-10,2025-02-03,EATING AND LODGING,No,6 INDEPENDENCE DR,KENNEBUNK,ME,4043,207-985-9200,REGULAR,KENNEBUNK PORT HOTEL LLC,York,0.01351351351,43.4060423,-70.5662959
26569,HAMPTON INN,0,0,2024-12-10,2025-02-03,EATING AND LODGING,No,6 INDEPENDENCE DR,KENNEBUNK,ME,4043,207-985-9200,REGULAR,KENNEBUNK PORT HOTEL LLC,York,0,43.4060423,-70.5662959
26569,HAMPTON INN,0,0,2025-06-10,2024-12-26,EATING AND LODGING,No,6 INDEPENDENCE DR,KENNEBUNK,ME,4043,207-985-9200,NEWOWNER,KENNEBUNK PORT HOTEL LLC,York,0,43.4060423,-70.5662959
26569,HAMPTON INN,0,0,2025-06-10,2024-12-26,EATING AND LODGING,No,6 INDEPENDENCE DR,KENNEBUNK,ME,4043,207-985-9200,NEWOWNER,KENNEBUNK PORT HOTEL LLC,York,0,43.4060423,-70.5662959
26567,AMATOS FOOD TRUCK,0,0,2018-07-11,2019-04-27,EATING PLACE - MOBILE,No,1 HARBOR RD,ROCKLAND,ME,4841,207-620-1120,REGULAR,FREE HERD CORP,Knox,0,44.115731,-69.10211
26567,AMATOS FOOD TRUCK,0,0,2019-07-31,2020-04-27,EATING PLACE - MOBILE,No,1 HARBOR RD,ROCKLAND,ME,4841,207-620-1120,REGULAR,FREE HERD CORP,Knox,0,44.115731,-69.10211
26566,QUIERO CAFE,2,3,2022-02-16,2022-04-18,EATING PLACE TIER 1,No,8 PEPPERELL SQ,SACO,ME,4072,207-523-9646,REGULAR,QUIERO CAFE LLC,York,0.1216216216,43.4966494,-70.4464884
26566,QUIERO CAFE,1,4,2019-11-26,2020-04-18,EATING PLACE TIER 1,No,8 PEPPERELL SQ,SACO,ME,4072,207-494-7267,REGULAR,QUIERO CAFE LLC,York,0.09459459459,43.4966494,-70.4464884
26566,QUIERO CAFE,0,4,2024-03-12,2024-04-18,EATING PLACE TIER 1,No,8 PEPPERELL SQ,SACO,ME,4072,207-523-9646,REGULAR,QUIERO CAFE LLC,York,0.05405405405,43.4966494,-70.4464884
26565,ITALI-AH,2,8,2018-01-26,2018-01-20,EATING PLACE TIER 2,No,74 MAIN ST,WATERVILLE,ME,4901,207-660-4584,REGULAR,ITALI-AH,Kennebec,0.1891891892,44.5496176,-69.630233
26565,LIONS DEN TAVERN,1,10,2023-11-02,2024-06-23,EATING PLACE TIER 3,No,74 MAIN ST,WATERVILLE,ME,4901,207-649-4368,REGULAR,ITALI-AH,Kennebec,0.1756756757,44.5496176,-69.630233
26565,LIONS DEN TAVERN,1,6,2019-09-12,2019-09-27,EATING PLACE TIER 3,No,74 MAIN ST,WATERVILLE,ME,4901,207-692-3285,REGULAR,ITALI-AH,Kennebec,0.1216216216,44.5496176,-69.630233
26561,MELT,1,2,2019-05-23,2020-05-12,EATING PLACE - MOBILE,No,55 GILBERT FARM RD,BAR HARBOR,ME,4609,207-266-9909,REGULAR,MELT LLC,Hancock,0.06756756757,44.408375,-68.3223741
26561,MELT,0,1,2018-08-31,2019-05-12,EATING PLACE - MOBILE,No,55 GILBERT FARM RD,BAR HARBOR,ME,4609,207-266-9909,REGULAR,MELT LLC,Hancock,0.01351351351,44.408375,-68.3223741
26561,MELT,0,1,2018-10-04,2019-05-12,EATING PLACE - MOBILE,No,55 GILBERT FARM RD,BAR HARBOR,ME,4609,207-266-9909,REGULAR,MELT LLC,Hancock,0.01351351351,44.408375,-68.3223741
26561,MELT,0,0,2018-05-19,2019-05-12,EATING PLACE - MOBILE,No,55 GILBERT FARM RD,BAR HARBOR,ME,4609,207-266-9909,REGULAR,MELT LLC,Hancock,0,44.408375,-68.3223741
26561,MELT,0,0,2020-10-02,2021-05-12,EATING PLACE - MOBILE,No,55 GILBERT FARM RD,BAR HARBOR,ME,4609,207-266-9909,REGULAR,MELT LLC,Hancock,0,44.408375,-68.3223741
26559,THE GARAGE BBQ,1,3,2019-06-06,2020-05-17,EATING PLACE TIER 3,No,3 E GRAND,SCARBOROUGH,ME,4074,207-671-2475,REGULAR,TOGELLO,Cumberland,0.08108108108,43.5411966,-70.345245
26559,THE GARAGE BBQ,1,2,2023-09-21,2024-05-17,EATING PLACE TIER 3,No,3 E GRAND,SCARBOROUGH,ME,4074,207-671-2475,REGULAR,TOGELLO,Cumberland,0.06756756757,43.5411966,-70.345245
26558,CIA CAFE,0,1,2019-01-24,2019-06-29,EATING PLACE TIER 2,No,9 BEACH ST,SACO,ME,4072,778-360-1099,REGULAR,CIA CAFE SACO LLC,York,0.01351351351,43.5002919,-70.4425491
26558,CIA CAFE,0,1,2022-03-16,2022-06-29,EATING PLACE TIER 2,No,9 BEACH ST,SACO,ME,4072,978-360-1099,REGULAR,CIA CAFE SACO LLC,York,0.01351351351,43.5002919,-70.4425491
26558,SOCIAL HOUSE KITCHEN,0,1,2024-02-15,2024-06-21,EATING PLACE TIER 2,No,9 BEACH ST,SACO,ME,4072,207-4194-7426,REGULAR,T & B VENTURES LLC,York,0.01351351351,43.5002919,-70.4425491
26554,MCGREEVYS CORNER STORE,1,4,2025-01-28,2025-03-13,EATING PLACE TIER 1,No,4 BREMEN RD,WALDOBORO,ME,4572,207-832-7992,REGULAR,"ELLIOTT, SHAWN",Lincoln,0.09459459459,44.0954217,-69.3843189
26554,MCGREEVYS CORNER STORE,0,2,2022-06-09,2023-03-13,EATING PLACE TIER 1,No,4 BREMEN RD,WALDOBORO,ME,4572,207-832-7992,REGULAR,"ELLIOTT, SHAWN",Lincoln,0.02702702703,44.0954217,-69.3843189
26554,MCGREEVYS CORNER STORE,3,0,2019-04-09,2019-09-15,EATING PLACE TIER 2,No,4 BREMEN RD,WALDOBORO,ME,4572,207-832-7992,REGULAR,"ELLIOTT, SHAWN",Lincoln,0.1216216216,44.0954217,-69.3843189
26554,MCGREEVYS CORNER STORE,0,0,2020-03-13,,EATING PLACE TIER 2,No,4 BREMEN RD,WALDOBORO,ME,4572,207-832-7992,REGULAR,"ELLIOTT, SHAWN",Lincoln,0,44.0954217,-69.3843189
26552,REGION 9 SCHOOL OF APPLIED TECHNOLOGY,0,0,2019-11-21,2020-03-17,EATING AND CATERING,No,377 RIVER RD,MEXICO,ME,4257,207-357-3470,REGULAR,REGION 9 SCHOOL OF APPLIED TECHNOLOGY,Oxford,0,44.5357249,-70.5067284
26552,REGION 9 SCHOOL OF APPLIED TECHNOLOGY,0,0,2022-01-31,2022-03-17,EATING AND CATERING,No,377 RIVER RD,MEXICO,ME,4257,207-357-3470,REGULAR,REGION 9 SCHOOL OF APPLIED TECHNOLOGY,Oxford,0,44.5357249,-70.5067284
26546,THE BAIT BAG,2,4,2025-07-16,2026-05-20,EATING PLACE - MOBILE,No,1 BOODY LN,MONHEGAN,ME,4852,207-542-3619,REGULAR,MONHEGAN BREWING CO LLC,Lincoln,0.1351351351,43.758828,-69.320989
26544,MACS BBQ AND CATERING,0,1,2024-03-27,2025-03-29,CATERING,No,3 VICTORY LN,BIDDEFORD,ME,4005,207-229-6996,REGULAR,"CARRIER, MICHAEL A",York,0.01351351351,43.4895131,-70.4708791
26544,MACS BBQ AND CATERING,0,1,2024-03-27,2025-03-29,CATERING,No,3 VICTORY LN,BIDDEFORD,ME,4005,207-229-6996,REGULAR,"CARRIER, MICHAEL A",York,0.01351351351,43.4895131,-70.4708791
26544,MACS BBQ AND CATERING,0,0,2022-04-13,2023-03-29,CATERING,No,3 VICTORY LN,BIDDEFORD,ME,4005,207-229-6996,REGULAR,"CARRIER, MICHAEL A",York,0,43.4895131,-70.4708791
26543,MORANOS AUTHENTIC PIZZA,1,2,2018-01-17,2018-07-31,EATING PLACE TIER 1,No,53 PLEASANT ST,LUBEC,ME,4652,207-733-2340,REGULAR,MORANOS AUTHENTIC PIZZA INC,Washington,0.06756756757,44.8584158,-66.9836437
26543,MORANOS AUTHENTIC PIZZA,0,0,2020-09-18,2021-07-31,EATING PLACE TIER 1,No,53 PLEASANT ST,LUBEC,ME,4652,207-733-0137,REGULAR,MORANOS AUTHENTIC PIZZA INC,Washington,0,44.8584158,-66.9836437
26543,MORANOS AUTHENTIC PIZZA,0,0,2024-09-13,2025-07-31,EATING PLACE TIER 1,No,53 PLEASANT ST,LUBEC,ME,4652,207-733-0137,REGULAR,MORANOS AUTHENTIC PIZZA INC,Washington,0,44.8584158,-66.9836437
26540,MACDADDYS MOBILE CUISINE,0,1,2023-09-26,2024-04-03,EATING PLACE - MOBILE,No,238 HOLMES RD,SCARBOROUGH,ME,4074,207-467-5662,REGULAR,MACDONALD MOBILE CUISINE,Cumberland,0.01351351351,43.6015384,-70.4224166
26540,MACDADDYS MOBILE CUISINE,1,2,2018-09-24,2019-04-03,EATING PLACE - MOBILE,No,876 RIVER RD,WINDHAM,ME,4062,207-467-5662,REGULAR,MACDONALD MOBILE CUISINE,Cumberland,0.06756756757,43.8055688,-70.4412049
26540,MACDADDYS MOBILE CUISINE,0,3,2019-07-13,2020-04-03,EATING PLACE - MOBILE,No,876 RIVER RD,WINDHAM,ME,4062,207-467-5662,REGULAR,MACDONALD MOBILE CUISINE,Cumberland,0.04054054054,43.8055688,-70.4412049
26540,MACDADDYS MOBILE CUISINE,0,0,2018-05-19,2019-04-03,EATING PLACE - MOBILE,No,876 RIVER RD,WINDHAM,ME,4062,207-467-5662,REGULAR,MACDONALD MOBILE CUISINE,Cumberland,0,43.8055688,-70.4412049
26540,MACDADDYS MOBILE CUISINE,0,0,2020-05-29,2021-04-03,EATING PLACE - MOBILE,No,876 RIVER RD,WINDHAM,ME,4062,207-467-5662,REGULAR,MACDONALD MOBILE CUISINE,Cumberland,0,43.8055688,-70.4412049
26540,MACDADDYS MOBILE CUISINE,0,0,2022-09-26,2023-04-03,EATING PLACE - MOBILE,No,876 RIVER RD,WINDHAM,ME,4062,207-467-5662,REGULAR,MACDONALD MOBILE CUISINE,Cumberland,0,43.8055688,-70.4412049
26537,FIVE GUYS,1,0,2023-11-07,2024-10-03,EATING PLACE TIER 2,No,580 ALFRED ST,BIDDEFORD,ME,4005,315-292-8283,REGULAR,HYDE PARK BURGERS LLC,York,0.04054054054,43.4758487,-70.5115767
26537,FIVE GUYS,0,1,2021-08-03,2021-10-03,EATING PLACE TIER 2,No,580 ALFRED ST,BIDDEFORD,ME,4005,315-292-8283,REGULAR,HYDE PARK BURGERS LLC,York,0.01351351351,43.4758487,-70.5115767
26537,FIVE GUYS BURGERS,0,0,2018-10-03,2019-08-02,EATING PLACE TIER 2,No,580 ALFRED ST,BIDDEFORD,ME,4005,207-517-1101,NEWOWNER,PINE TREE STATE FIVE VI LLC,York,0,43.4758487,-70.5115767
26536,SOUTHERN MAINE WOMENS RE-ENTRY,7,5,2019-05-29,2019-12-30,CORRECTIONAL FACILITY,Yes,230 RIVER RD,WINDHAM,ME,4062,207-893-7132,REGULAR,MAINE DEPARTMENT OF CORRECTIONS,Cumberland,0.3513513514,43.7285291,-70.4093647
26536,SOUTHERN MAINE WOMENS RE-ENTRY,3,2,2019-06-11,2019-12-30,CORRECTIONAL FACILITY,No,230 RIVER RD,WINDHAM,ME,4062,207-893-7132,FOLLOW_UP_FULL,MAINE DEPARTMENT OF CORRECTIONS,Cumberland,0.1486486486,43.7285291,-70.4093647
26536,SOUTHERN MAINE WOMENS RE-ENTRY,0,3,2023-04-12,2023-12-30,EATING AND CATERING,No,230 RIVER RD,WINDHAM,ME,4062,207-893-7132,REGULAR,MAINE DEPARTMENT OF CORRECTIONS,Cumberland,0.04054054054,43.7285291,-70.4093647
26536,SOUTHERN MAINE WOMENS RE-ENTRY,0,1,2025-04-24,2025-12-30,EATING AND CATERING,No,230 RIVER RD,WINDHAM,ME,4062,207-893-7030,REGULAR,MAINE DEPARTMENT OF CORRECTIONS,Cumberland,0.01351351351,43.7285291,-70.4093647
26531,MARTINIS ON MAIN,4,4,2019-05-08,2020-03-29,EATING PLACE TIER 2,Yes,137 MAIN ST,BIDDEFORD,ME,4005,207-450-8391,REGULAR,COWBELL HOSPITALITY LLC,York,0.2162162162,43.4927557,-70.4542489
26531,MARTINIS ON MAIN,3,7,2024-05-01,2025-03-29,EATING PLACE TIER 2,No,137 MAIN ST,BIDDEFORD,ME,4005,207-450-8391,REGULAR,COWBELL HOSPITALITY LLC,York,0.2162162162,43.4927557,-70.4542489
26531,MARTINIS ON MAIN,2,4,2024-12-04,2025-03-29,EATING PLACE TIER 2,No,137 MAIN ST,BIDDEFORD,ME,4005,207-450-8391,REGULAR,COWBELL HOSPITALITY LLC,York,0.1351351351,43.4927557,-70.4542489
26531,MARTINIS ON MAIN,1,3,2025-02-24,2025-03-29,EATING PLACE TIER 2,No,137 MAIN ST,BIDDEFORD,ME,4005,207-450-8391,REGULAR,COWBELL HOSPITALITY LLC,York,0.08108108108,43.4927557,-70.4542489
26531,MARTINIS ON MAIN,1,1,2022-03-24,2023-03-29,EATING PLACE TIER 2,No,137 MAIN ST,BIDDEFORD,ME,4005,207-450-8391,REGULAR,COWBELL HOSPITALITY LLC,York,0.05405405405,43.4927557,-70.4542489
26531,MARTINIS ON MAIN,0,0,2019-05-22,2020-03-29,EATING PLACE TIER 2,No,137 MAIN ST,BIDDEFORD,ME,4005,207-450-8391,FOLLOW_UP_FULL,COWBELL HOSPITALITY LLC,York,0,43.4927557,-70.4542489
26511,REDS PLACE,0,0,2018-07-02,2019-05-16,EATING PLACE - MOBILE,No,548 WINDSOR RD,CHELSEA,ME,4330,207-582-9084,REGULAR,"SIMMONS, VIRGIL",Cumberland,0,44.2673318,-69.6742424
26508,SMILEYS ICE CREAM SHOPPE,2,2,2024-03-27,2024-03-19,EATING PLACE - TAKEOUT,No,590 LISBON ST,LISBON FALLS,ME,4250,207-212-0865,NEWOWNER,"TUPLIN, CARRIE",Androscoggin,0.1081081081,43.9934029,-70.0527324
26508,SMILEY'S ICE CREAM SHOPPE,0,6,2019-04-17,2020-04-07,EATING PLACE TIER 1,No,590 LISBON ST,LISBON FALLS,ME,4250,207-577-6009,REGULAR,"ANGELL, TYLER",Androscoggin,0.08108108108,43.9934029,-70.0527324
26508,SMILEYS ICE CREAM SHOPPE,0,1,2023-03-15,2023-04-07,EATING PLACE TIER 1,No,590 LISBON ST,LISBON FALLS,ME,4250,207-407-4600,NEWOWNER,,Androscoggin,0.01351351351,43.9934029,-70.0527324
26505,UNITY KITCHEN,3,6,2020-02-05,2020-02-04,EATING PLACE TIER 2,No,93 MAIN ST,UNITY,ME,4988,207-464-5060,REGULAR,UNITY KITCHEN LLC,Waldo,0.2027027027,44.6108134,-69.3342596
26501,AROMA JOES,1,3,2024-02-22,2025-02-21,EATING PLACE TIER 1,No,166 CENTER ST,AUBURN,ME,4210,207-210-2181,REGULAR,MR DEAL LLC,Androscoggin,0.08108108108,44.1084008,-70.2260244
26501,AROMA JOES,1,0,2018-02-08,2018-02-21,MUN - EATING PLACE,No,166 CENTER ST,AUBURN,ME,4210,207-210-2181,REGULAR,MR DEAL,Androscoggin,0.04054054054,44.1084008,-70.2260244
26501,AROMA JOES,0,1,2019-01-23,2020-02-21,MUN - EATING PLACE,No,166 CENTER ST,AUBURN,ME,4210,207-210-2181,REGULAR,MR DEAL,Androscoggin,0.01351351351,44.1084008,-70.2260244
26501,AROMA JOES,0,1,2020-02-14,2021-02-21,MUN - EATING PLACE,No,166 CENTER ST,AUBURN,ME,4210,207-210-2181,REGULAR,MR DEAL LLC,Androscoggin,0.01351351351,44.1084008,-70.2260244
26499,JAGER,2,1,2019-02-14,2019-02-21,MUN - EATING PLACE,No,41 WHARF ST,PORTLAND,ME,4101,518-637-8784,REGULAR,THE KINGS HEAD LLC,Cumberland,0.09459459459,43.6557385,-70.2543446
26499,ROOM FOR IMPROVEMENT,0,3,2024-12-04,2025-02-27,MUN - EATING PLACE,No,41 WHARF ST,PORTLAND,ME,4101,207-479-9107,REGULAR,ROOM FOR IMPROVEMENT LLC,Cumberland,0.04054054054,43.6557385,-70.2543446
26499,ROOM FOR IMPROVEMENT,1,0,2023-11-29,2024-02-27,MUN - EATING PLACE,No,41 WHARF ST,PORTLAND,ME,4101,207-479-9107,REGULAR,ROOM FOR IMPROVEMENT LLC,Cumberland,0.04054054054,43.6557385,-70.2543446
26499,ROOM FOR IMPROVEMENT,0,0,2023-02-24,2021-02-21,MUN - EATING PLACE - LIMITED MENU,No,41 WHARF ST,PORTLAND,ME,4101,207-479-9107,NEWOWNER,ROOM FOR IMPROVEMENT LLC,Cumberland,0,43.6557385,-70.2543446
26496,MR TUNA,3,3,2023-08-22,2023-09-24,MUN - EATING PLACE,No,28 MONUMENT SQ,PORTLAND,ME,4101,413-636-9688,REGULAR,RONIN RESTAURANT GROUP LLC,Cumberland,0.1621621622,43.6569245,-70.2590745
26496,MR TUNA,3,1,2022-06-28,2022-09-24,MUN - EATING PLACE,No,28 MONUMENT SQ,PORTLAND,ME,4101,413-636-9688,REGULAR,RONIN RESTAURANT GROUP LLC,Cumberland,0.1351351351,43.6569245,-70.2590745
26496,MR TUNA,3,1,2023-01-25,2022-09-24,MUN - EATING PLACE,No,28 MONUMENT SQ,PORTLAND,ME,4101,413-636-9688,REGULAR,RONIN RESTAURANT GROUP LLC,Cumberland,0.1351351351,43.6569245,-70.2590745
26496,MR TUNA,1,4,2018-12-31,2019-09-24,MUN - EATING PLACE,No,28 MONUMENT SQ,PORTLAND,ME,4101,413-636-9688,REGULAR,RONIN RESTAURANT GROUP LLC,Cumberland,0.09459459459,43.6569245,-70.2590745
26496,MR TUNA,1,1,2019-12-12,2020-09-24,MUN - EATING PLACE,No,28 MONUMENT SQ,PORTLAND,ME,4101,413-636-9688,REGULAR,RONIN RESTAURANT GROUP LLC,Cumberland,0.05405405405,43.6569245,-70.2590745
26496,MR TUNA,0,3,2021-08-03,2021-09-24,MUN - EATING PLACE,No,28 MONUMENT SQ,PORTLAND,ME,4101,413-636-9688,REGULAR,RONIN RESTAURANT GROUP LLC,Cumberland,0.04054054054,43.6569245,-70.2590745
26496,MR TUNA,0,1,2019-06-17,2019-09-24,MUN - EATING PLACE,No,28 MONUMENT SQ,PORTLAND,ME,4101,413-636-9688,REGULAR,RONIN RESTAURANT GROUP LLC,Cumberland,0.01351351351,43.6569245,-70.2590745
26496,CAFE CREPE,0,0,2018-04-24,2019-03-21,MUN - EATING PLACE,No,28 MONUMENT SQ,PORTLAND,ME,4101,970-389-8677,REGULAR,CAFE CREPE LLC,Cumberland,0,43.6569245,-70.2590745
26496,MR TUNA,0,0,2018-09-24,2019-03-21,MUN - EATING PLACE,No,28 MONUMENT SQ,PORTLAND,ME,4101,413-636-9688,NEWOWNER,"RONIN RESTAURANT GROUP, LLC",Cumberland,0,43.6569245,-70.2590745
26495,MMHS SCHOOL LUNCH,0,3,2023-11-20,2024-09-27,EATING - SCHOOL SATELLITE,No,1 BULLDOG LN,MACHIAS,ME,4654,207-255-3812,REGULAR,TOWN OF MACHIAS,Washington,0.04054054054,44.7139981,-67.4696444
26495,MMHS SCHOOL LUNCH,0,1,2019-02-01,2019-09-27,EATING - SCHOOL SATELLITE,No,1 BULLDOG LN,MACHIAS,ME,4654,207-255-3812,REGULAR,TOWN OF MACHIAS,Washington,0.01351351351,44.7139981,-67.4696444
26495,MMHS SCHOOL LUNCH,0,1,2023-01-19,2023-09-27,EATING - SCHOOL SATELLITE,No,1 BULLDOG LN,MACHIAS,ME,4654,207-255-3812,REGULAR,TOWN OF MACHIAS,Washington,0.01351351351,44.7139981,-67.4696444
26495,MMHS SCHOOL LUNCH,0,0,2020-01-14,2020-09-27,EATING - SCHOOL SATELLITE,No,1 BULLDOG LN,MACHIAS,ME,4654,207-255-3812,REGULAR,TOWN OF MACHIAS,Washington,0,44.7139981,-67.4696444
26495,MMHS SCHOOL LUNCH,0,0,2021-04-14,2021-09-27,EATING - SCHOOL SATELLITE,No,1 BULLDOG LN,MACHIAS,ME,4654,207-255-3812,REGULAR,TOWN OF MACHIAS,Washington,0,44.7139981,-67.4696444
26495,MMHS SCHOOL LUNCH,0,0,2022-01-21,2022-09-27,EATING - SCHOOL SATELLITE,No,1 BULLDOG LN,MACHIAS,ME,4654,207-255-3812,REGULAR,TOWN OF MACHIAS,Washington,0,44.7139981,-67.4696444
26495,MMHS SCHOOL LUNCH,0,0,2025-01-30,2025-09-27,EATING - SCHOOL SATELLITE,No,1 BULLDOG LN,MACHIAS,ME,4654,207-255-3812,REGULAR,TOWN OF MACHIAS,Washington,0,44.7139981,-67.4696444
26490,BIGELOW BREWING COMPANY,3,4,2019-11-08,2020-02-02,EATING PLACE TIER 1,No,473 BIGELOW HILL RD,SKOWHEGAN,ME,4976,207-399-6262,REGULAR,BIGELOW BREWING COMPANY,Somerset,0.1756756757,44.7205142,-69.731437
26490,BIGELOW BREWING COMPANY,0,0,2025-03-06,2025-02-02,EATING PLACE TIER 3,No,473 BIGELOW HILL RD,SKOWHEGAN,ME,4976,207-399-9628,REGULAR,BIGELOW BREWING COMPANY,Somerset,0,44.7205142,-69.731437
26489,FARM FRESH CAFE,2,1,2019-01-16,2019-03-31,EATING PLACE TIER 1,No,12 INDUSTRIAL PKWY,BRUNSWICK,ME,4011,207-208-0988,REGULAR,FARM FRESH CAFE LLC,Cumberland,0.09459459459,43.9088227,-70.0020121
26478,SAMMYS SCOOP,1,1,2019-06-25,2020-03-23,MUN - EATING PLACE,No,51 OCEAN AVE,PORTLAND,ME,4103,207-400-9160,REGULAR,"MEDICI, JOHN",Cumberland,0.05405405405,43.6734603,-70.2833566
26478,SAMMYS SCOOP,1,1,2022-07-12,2023-03-23,MUN - EATING PLACE,No,51 OCEAN AVE,PORTLAND,ME,4103,207-400-9160,REGULAR,"MEDICI, JOHN",Cumberland,0.05405405405,43.6734603,-70.2833566
26478,SAMMYS SCOOP,0,4,2021-06-21,2022-03-23,MUN - EATING PLACE,No,51 OCEAN AVE,PORTLAND,ME,4103,207-400-9160,REGULAR,"MEDICI, JOHN",Cumberland,0.05405405405,43.6734603,-70.2833566
26478,SAMMYS SCOOP,0,2,2018-06-13,2019-03-23,MUN - EATING PLACE,No,51 OCEAN AVE,PORTLAND,ME,4103,207-400-9160,REGULAR,"MEDICI, JOHN",Cumberland,0.02702702703,43.6734603,-70.2833566
26478,SAMMYS SCOOP,0,1,2025-06-17,2026-05-31,MUN - EATING PLACE TAKEOUT,No,51 OCEAN AVE,PORTLAND,ME,4103,207-632-7777,REGULAR,PORTLAND ICE CREAM SHOP LLC,Cumberland,0.01351351351,43.6734603,-70.2833566
26478,SAMMYS SCOOPS,0,0,2024-05-30,,MUN - EATING PLACE TAKEOUT,No,51 OCEAN AVE,PORTLAND,ME,4103,207-632-7777,NEWOWNER,PORTLAND ICE CREAM SHOP LLC,Cumberland,0,43.6734603,-70.2833566
26478,SAMMYS SCOOP,0,0,2024-06-27,2025-05-31,MUN - EATING PLACE TAKEOUT,No,51 OCEAN AVE,PORTLAND,ME,4103,207-632-7777,REGULAR,"MEDICI, JOHN;  PORTLAND ICE CREAM SHOP LLC",Cumberland,0,43.6734603,-70.2833566
26471,BUFFALO WILD WINGS,2,4,2024-09-20,2025-06-27,EATING PLACE TIER 3,No,105 TOPSHAM FAIR MALL RD,TOPSHAM,ME,4086,207-888-2314,REGULAR,PICTOR ENTERPRISES IX INC,Sagadahoc,0.1351351351,43.9359261,-69.9843439
26471,BUFFALO WILD WINGS,0,2,2019-05-02,2019-06-27,EATING PLACE TIER 3,No,105 TOPSHAM FAIR MALL RD,TOPSHAM,ME,4086,612-209-3583,REGULAR,PICTOR ENTERPRISES IX INC,Sagadahoc,0.02702702703,43.9359261,-69.9843439
26469,RIVERVIEW MEMORIAL SCHOOL,2,1,2019-02-28,2019-09-27,EATING - SCHOOL,No,201 MERCER RD,NORRIDGEWOCK,ME,4957,207-634-2641,REGULAR,SEVENTH DAY ADVENTIST CHURCH,Somerset,0.09459459459,44.7071901,-69.8144175
26469,RIVERVIEW MEMORIAL SCHOOL,0,3,2018-05-30,2018-09-27,EATING - SCHOOL,No,201 MERCER RD,NORRIDGEWOCK,ME,4957,207-634-2641,REGULAR,SEVENTH DAY ADVENTIST CHURCH,Somerset,0.04054054054,44.7071901,-69.8144175
26469,RIVERVIEW MEMORIAL SCHOOL,0,0,2019-09-11,2019-09-27,EATING - SCHOOL,No,201 MERCER RD,NORRIDGEWOCK,ME,4957,207-634-2641,REGULAR,SEVENTH DAY ADVENTIST CHURCH,Somerset,0,44.7071901,-69.8144175
26458,RODICKS SEASIDE TAKEOUT,1,1,2021-06-24,2022-01-04,EATING PLACE - MOBILE,No,180 SEAL COVE RD,SOUTHWEST HARBOR,ME,4679,207-460-2200,REGULAR,"RODICK, ERIC",Hancock,0.05405405405,44.2844905,-68.351263
26458,RODICKS SEASIDE TAKEOUT,0,2,2019-08-30,2020-01-04,EATING PLACE - MOBILE,No,180 SEAL COVE RD,SOUTHWEST HARBOR,ME,4679,207-460-2200,REGULAR,"RODICK, ERIC",Hancock,0.02702702703,44.2844905,-68.351263
26456,98 WAKE N SHAKE,2,0,2025-03-27,2022-07-01,EATING PLACE TIER 1,No,145 HARLOW ST,BANGOR,ME,4401,207-990-0500,REGULAR,"OVERLOCK, LISA",Penobscot,0.08108108108,44.8044556,-68.7716817
26456,98 WAKE N SHAKE,1,1,2019-03-28,2019-12-12,EATING PLACE TIER 1,No,145 HARLOW ST,BANGOR,ME,4401,207-990-0500,REGULAR,"OVERLOCK, LISA",Penobscot,0.05405405405,44.8044556,-68.7716817
26456,98 WAKE N SHAKE,0,0,2018-12-10,2019-01-05,EATING PLACE TIER 2,No,145 HARLOW ST,BANGOR,ME,4401,207-990-0500,NEWOWNER,FANDOM GROUP,Penobscot,0,44.8044556,-68.7716817
26455,4M PRODUCTIONS II,1,0,2019-09-20,2019-12-29,EATING PLACE - MOBILE,No,323 MAIN ST,THOMASTON,ME,4861,207-354-8781,REGULAR,4M PRODUCTIONS,Kennebec,0.04054054054,44.078178,-69.1899742
26455,4M PRODUCTIONS II,0,2,2018-09-21,2018-12-29,EATING PLACE - MOBILE,No,323 MAIN ST,THOMASTON,ME,4861,207-354-8781,REGULAR,4M PRODUCTIONS,Kennebec,0.02702702703,44.078178,-69.1899742
26452,SAINT DREUXS,1,3,2019-10-09,2020-06-25,EATING PLACE TIER 1,No,12 B VILLAGE GREEN WAY,SOUTHWEST HARBOR,ME,4679,607-280-0369,REGULAR,BURNS DANIEIL & STEWART JESSICA,Hancock,0.08108108108,44.2804155,-68.3270428
26452,SAINT DREUXS,1,1,2022-04-07,2022-06-25,EATING PLACE TIER 1,No,12 B VILLAGE GREEN WAY,SOUTHWEST HARBOR,ME,4679,607-280-0369,REGULAR,BURNS DANIEIL & STEWART JESSICA,Hancock,0.05405405405,44.2804155,-68.3270428
26452,SAINT DREUXS,0,2,2024-05-13,2024-06-25,EATING PLACE TIER 1,No,12 B VILLAGE GREEN WAY,SOUTHWEST HARBOR,ME,4679,607-280-0369,REGULAR,BURNS DANIEIL & STEWART JESSICA,Hancock,0.02702702703,44.2804155,-68.3270428
26448,BLYTH & BURROWS,2,5,2022-01-31,2022-05-24,MUN - EATING PLACE,No,26 EXCHANGE ST,PORTLAND,ME,4101,207-318-7815,REGULAR,THE MIRANDA GROUP LLC,Cumberland,0.1486486486,43.6568494,-70.2538637
26448,BLYTH & BURROWS,1,4,2025-03-20,2025-05-24,MUN - EATING PLACE,No,26 EXCHANGE ST,PORTLAND,ME,4101,207-318-7815,REGULAR,THE MIRANDA GROUP LLC,Cumberland,0.09459459459,43.6568494,-70.2538637
26448,BLYTH & BURROWS,1,0,2019-08-29,2020-05-24,MUN - EATING PLACE,No,26 EXCHANGE ST,PORTLAND,ME,4101,207-318-7815,REGULAR,THE MIRANDA GROUP LLC,Cumberland,0.04054054054,43.6568494,-70.2538637
26448,BLYTH & BURROWS,0,2,2023-03-17,2023-05-24,MUN - EATING PLACE,No,26 EXCHANGE ST,PORTLAND,ME,4101,207-318-7815,REGULAR,THE MIRANDA GROUP LLC,Cumberland,0.02702702703,43.6568494,-70.2538637
26448,BLYTH & BURROWS,0,0,2018-06-15,2019-05-24,MUN - EATING PLACE,No,26 EXCHANGE ST,PORTLAND,ME,4101,207-318-7815,REGULAR,THE MIRANDA GROUP LLC,Cumberland,0,43.6568494,-70.2538637
26447,DUNKIN DONUTS,0,8,2025-03-13,2025-12-16,EATING PLACE TIER 1,No,50 BAY ST,WINSLOW,ME,1901,978-682-2382,REGULAR,CRT LLC,Kennebec,0.1081081081,44.5415127,-69.6263814
26447,DUNKIN DONUTS,1,1,2019-11-15,2019-12-16,EATING PLACE TIER 1,No,50 BAY ST,WINSLOW,ME,1901,978-682-2382,REGULAR,CRT LLC,Kennebec,0.05405405405,44.5415127,-69.6263814
26436,TEXAS GRACE RESTAURANT,7,6,2019-11-26,2019-09-28,EATING PLACE - MOBILE,Yes,21 YORK ST,KENNEBUNK,ME,4043,512-699-5687,REGULAR,TEXAS GRACE RESTAURANT,York,0.3648648649,43.3827122,-70.5462152
26436,TEXAS GRACE RESTAURANT,6,7,2019-05-03,2019-12-20,EATING PLACE - MOBILE,Yes,21 YORK ST,KENNEBUNK,ME,4043,512-699-5687,REGULAR,TEXAS GRACE RESTAURANT,York,0.3378378378,43.3827122,-70.5462152
26436,TEXAS GRACE RESTAURANT,3,4,2020-03-04,2020-03-10,EATING PLACE - MOBILE,No,21 YORK ST,KENNEBUNK,ME,4043,512-699-5687,FOLLOW_UP_FULL,TEXAS GRACE RESTAURANT,York,0.1756756757,43.3827122,-70.5462152
26436,TEXAS GRACE KITCHEN,3,1,2023-12-20,2024-07-01,EATING PLACE - MOBILE,No,21 YORK ST,KENNEBUNK,ME,4043,512-699-5687,REGULAR,TEXAS GRACE KITCHEN LLC,York,0.1351351351,43.3827122,-70.5462152
26436,TEXAS GRACE RESTAURANT,2,2,2020-03-05,2020-03-10,EATING PLACE - MOBILE,No,21 YORK ST,KENNEBUNK,ME,4043,512-699-5687,FOLLOW_UP_FULL,TEXAS GRACE RESTAURANT,York,0.1081081081,43.3827122,-70.5462152
26436,TEXAS GRACE RESTAURANT,0,0,2019-05-15,2019-12-20,EATING PLACE - MOBILE,No,21 YORK ST,KENNEBUNK,ME,4043,512-699-5687,FOLLOW_UP_FULL,TEXAS GRACE RESTAURANT,York,0,43.3827122,-70.5462152
26436,TEXAS GRACE RESTAURANT,0,0,2019-12-10,2019-09-28,EATING PLACE - MOBILE,No,21 YORK ST,KENNEBUNK,ME,4043,512-699-5687,FOLLOW_UP_FULL,TEXAS GRACE RESTAURANT,York,0,43.3827122,-70.5462152
26436,TEXAS GRACE KITCHEN,0,0,2020-09-30,2020-09-06,EATING PLACE - MOBILE,No,21 YORK ST,KENNEBUNK,ME,4043,512-699-5687,REGULAR,TEXAS GRACE KITCHEN LLC,York,0,43.3827122,-70.5462152
26432,CHAMBERLAINS,2,4,2025-03-25,2026-03-21,EATING PLACE TIER 2,No,25 HARTFORD ST,RUMFORD,ME,4276,207-491-7612,REGULAR,JEC LLC,Oxford,0.1351351351,44.5461907,-70.5454326
26432,CHAMBERLAINS,1,4,2019-10-02,2020-03-21,EATING PLACE TIER 2,No,25 HARTFORD ST,RUMFORD,ME,4276,207-491-7612,REGULAR,JEC LLC,Oxford,0.09459459459,44.5461907,-70.5454326
26422,URBAN AIR,0,2,2022-10-21,2022-11-21,MUN - EATING PLACE,No,333 CLARKS POND PKWY,SOUTH PORTLAND,ME,4106,207-229-2655,REGULAR,SOUTH PORTLAND URBAN AIR,Cumberland,0.02702702703,43.6312986,-70.3244985
26418,LOYAL ORDER OF MOOSE # 444,0,3,2022-07-14,2022-11-21,EATING PLACE - LIMITED MENU,No,76 US 1 BYPASS,KITTERY,ME,3904,207-703-0899,REGULAR,LOYAL ORDER OF MOOSE #444,York,0.04054054054,43.0959509,-70.7500948
26418,LOYAL ORDER OF MOOSE # 444,1,0,2023-11-27,2023-11-21,EATING PLACE - LIMITED MENU,No,76 US 1 BYPASS,KITTERY,ME,3904,207-703-0899,REGULAR,LOYAL ORDER OF MOOSE #444,York,0.04054054054,43.0959509,-70.7500948
26418,LOYAL ORDER OF MOOSE # 444,0,0,2019-07-17,2019-11-21,EATING PLACE - LIMITED MENU,No,76 US 1 BYPASS,KITTERY,ME,3904,207-703-0899,REGULAR,LOYAL ORDER OF MOOSE #444,York,0,43.0959509,-70.7500948
26417,APPLE N SPICE DONUTS,1,9,2023-01-25,2023-11-29,EATING PLACE TIER 1,No,670 CIVIC CENTER DR,AUGUSTA,ME,4330,978-682-2382,REGULAR,CFI MANAGEMENT LLC,Kennebec,0.1621621622,44.3746264,-69.7970205
26417,APPLE N SPICE DONUTS,0,6,2018-12-11,2019-11-29,EATING PLACE TIER 1,No,670 CIVIC CENTER DR,AUGUSTA,ME,4330,978-682-2382,REGULAR,CFI MANAGEMENT LLC,Kennebec,0.08108108108,44.3746264,-69.7970205
26417,APPLE N SPICE DONUTS,0,3,2020-12-23,2021-11-29,EATING PLACE TIER 1,No,670 CIVIC CENTER DR,AUGUSTA,ME,4330,978-682-2382,REGULAR,CFI MANAGEMENT LLC,Kennebec,0.04054054054,44.3746264,-69.7970205
26417,APPLE N SPICE DONUTS,0,1,2024-06-14,2024-11-29,EATING PLACE TIER 1,No,670 CIVIC CENTER DR,AUGUSTA,ME,4330,978-682-2382,FOLLOW_UP_FULL,CFI MANAGEMENT LLC,Kennebec,0.01351351351,44.3746264,-69.7970205
26416,EGG ROLL CAFE,8,10,2023-02-22,2023-05-16,EATING PLACE TIER 2,Yes,1299 MAIN ST,SANFORD,ME,4073,207-490-0003,REGULAR,TAKFU,York,0.4594594595,43.4162628,-70.7528464
26416,EGG ROLL CAFE,2,5,2019-04-29,2020-05-16,EATING PLACE TIER 2,No,1299 MAIN ST,SANFORD,ME,4073,207-490-0003,REGULAR,TAKFU,York,0.1486486486,43.4162628,-70.7528464
26416,EGG ROLL CAFE,1,6,2018-07-02,2019-05-16,EATING PLACE TIER 2,No,1299 MAIN ST,SANFORD,ME,4073,207-490-0003,REGULAR,TAKFU,York,0.1216216216,43.4162628,-70.7528464
26407,ROCKLAND TALBOT HOUSE,0,0,2019-01-10,2019-11-29,BED AND BREAKFAST 5 ROOMS OR LESS,No,73 TALBOT AVE,ROCKLAND,ME,4741,207-593-7393,REGULAR,ROCKLAND TALBOT HOUSE INC,Knox,0,44.1083897,-69.1151909
26407,ROCKLAND TALBOT HOUSE,0,0,2019-01-10,2019-11-29,BED AND BREAKFAST 5 ROOMS OR LESS,No,73 TALBOT AVE,ROCKLAND,ME,4741,207-593-7393,REGULAR,ROCKLAND TALBOT HOUSE INC,Knox,0,44.1083897,-69.1151909
26407,ROCKLAND TALBOT HOUSE,0,0,2019-11-20,2020-01-18,BED AND BREAKFAST 6 ROOMS OR MORE,No,73 TALBOT AVE,ROCKLAND,ME,4741,540-538-9931,NEWOWNER,Tammy and John Breymaier,Knox,0,44.1083897,-69.1151909
26407,ROCKLAND TALBOT HOUSE,0,0,2019-11-20,2020-01-18,BED AND BREAKFAST 6 ROOMS OR MORE,No,73 TALBOT AVE,ROCKLAND,ME,4741,540-538-9931,NEWOWNER,Tammy and John Breymaier,Knox,0,44.1083897,-69.1151909
26407,ROCKLAND TALBOT HOUSE,0,0,2025-06-05,2025-01-06,BED AND BREAKFAST 6 ROOMS OR MORE,No,73 TALBOT AVE,ROCKLAND,ME,4741,540-538-9931,REGULAR,TALBOT HOSPITALITY INC,Knox,0,44.1083897,-69.1151909
26407,ROCKLAND TALBOT HOUSE,0,0,2025-06-05,2025-01-06,BED AND BREAKFAST 6 ROOMS OR MORE,No,73 TALBOT AVE,ROCKLAND,ME,4741,540-538-9931,REGULAR,TALBOT HOSPITALITY INC,Knox,0,44.1083897,-69.1151909
26405,DUNKIN DONUTS,0,4,2023-08-09,2024-03-02,EATING PLACE TIER 2,No,2402 RTE 2,HERMON,ME,4401,207-848-5678,REGULAR,HERMON DONUTS LLC,Penobscot,0.05405405405,44.804912,-68.902828
26405,DUNKIN DONUTS,0,0,2019-06-06,2020-03-02,EATING PLACE TIER 2,No,2402 RTE 2,HERMON,ME,4401,207-848-5678,REGULAR,HERMON DONUTS LLC,Penobscot,0,44.804912,-68.902828
26401,MINI MOGADISHU,4,5,2018-12-26,2019-05-09,MUN - EATING PLACE,Yes,683 FOREST AVE,PORTLAND,ME,4103,207-536-0735,REGULAR,"YUSUF, AHMED",Cumberland,0.2297297297,43.6714341,-70.2842198
26401,MINI MOGADISHU,3,2,2019-01-16,2019-05-09,MUN - EATING PLACE,No,683 FOREST AVE,PORTLAND,ME,4103,207-536-0735,FOLLOW_UP_FULL,"YUSUF, AHMED",Cumberland,0.1486486486,43.6714341,-70.2842198
26401,SHAWARMA & KEBAB HOUSE,1,6,2019-05-13,2019-05-09,MUN - EATING PLACE,No,683 FOREST AVE,PORTLAND,ME,4103,207-536-0735,REGULAR,"YUSUF, AHMED",Cumberland,0.1216216216,43.6714341,-70.2842198
26401,SHAWARMA & KEBAB HOUSE,1,0,2019-07-23,2019-05-09,MUN - EATING PLACE,No,683 FOREST AVE,PORTLAND,ME,4103,207-632-9065,NEWOWNER,"ABDULKARIM, AHMED",Cumberland,0.04054054054,43.6714341,-70.2842198
26401,MINI MOGADISHU,0,0,2018-01-10,2017-12-05,MUN - EATING PLACE,No,683 FOREST AVE,PORTLAND,ME,4103,207-536-0735,REGULAR,"YUSUF, AHMED",Cumberland,0,43.6714341,-70.2842198
26401,MINI MOGADISHU,0,0,2018-05-09,2017-12-05,MUN - EATING PLACE,No,683 FOREST AVE,PORTLAND,ME,4103,207-536-0735,NEWOWNER,"YUSUF, AHMED",Cumberland,0,43.6714341,-70.2842198
26401,SHAWARMA & KEBAB HOUSE,0,0,2019-07-18,2019-05-09,MUN - EATING PLACE,No,683 FOREST AVE,PORTLAND,ME,4103,207-632-9065,NEWOWNER,"ABDULKARIM, AHMED",Cumberland,0,43.6714341,-70.2842198
26397,NEST COFFEE LLC,3,10,2019-09-16,2020-10-24,EATING PLACE TIER 1,No,24 MAIN ST,ORONO,ME,4473,207-217-8486,REGULAR,NEST COFFEE LLC,Penobscot,0.2567567568,44.8834042,-68.6720417
26397,NEST COFFEE LLC,0,5,2024-10-02,2025-10-24,EATING PLACE TIER 1,No,24 MAIN ST,ORONO,ME,4473,207-217-8486,REGULAR,NEST COFFEE LLC,Penobscot,0.06756756757,44.8834042,-68.6720417
26396,BAHARAT,3,4,2021-08-25,2022-03-01,MUN - EATING PLACE,No,91 ANDERSON ST,PORTLAND,ME,4101,207-844-0167,REGULAR,BAHARAT LLC,Cumberland,0.1756756757,43.665892,-70.2551784
26396,MAGISSA PORTLAND,3,2,2025-05-22,2026-04-23,MUN - EATING PLACE,No,91 ANDERSON ST,PORTLAND,ME,4101,860-989-1210,REGULAR,NIGHT PEANUTS LLC,Cumberland,0.1486486486,43.665892,-70.2551784
26396,BAHARAT,2,3,2022-05-20,2023-03-01,MUN - EATING PLACE,No,91 ANDERSON ST,PORTLAND,ME,4101,207-844-0167,REGULAR,BAHARAT LLC,Cumberland,0.1216216216,43.665892,-70.2551784
26396,BAHARAT,2,0,2018-06-20,2019-03-01,MUN - EATING PLACE,No,91 ANDERSON ST,PORTLAND,ME,4101,207-844-0167,REGULAR,BAHARAT LLC,Cumberland,0.08108108108,43.665892,-70.2551784
26396,MAGISSA PORTLAND,1,2,2024-09-17,2025-04-23,MUN - EATING PLACE,No,91 ANDERSON ST,PORTLAND,ME,4101,860-989-1210,REGULAR,NIGHT PEANUTS LLC,Cumberland,0.06756756757,43.665892,-70.2551784
26396,BAHARAT,1,0,2019-01-04,2019-03-01,MUN - EATING PLACE,No,91 ANDERSON ST,PORTLAND,ME,4101,207-844-0167,REGULAR,BAHARAT LLC,Cumberland,0.04054054054,43.665892,-70.2551784
26396,BAHARAT,0,1,2019-09-26,2020-03-01,MUN - EATING PLACE,No,91 ANDERSON ST,PORTLAND,ME,4101,207-844-0167,REGULAR,BAHARAT LLC,Cumberland,0.01351351351,43.665892,-70.2551784
26392,SWAMP YANKEE BBQ,0,0,2019-01-14,2019-11-21,EATING PLACE TIER 1,No,749 US RTE 1,JONESBORO,ME,4648,401-338-4951,REGULAR,SWAMP YANKEE BBQ LLC,Washington,0,44.6619743,-67.5729987
26392,SWAMP YANKEE BBQ,0,0,2022-10-25,2022-11-21,EATING PLACE TIER 1,No,749 US RTE 1,JONESBORO,ME,4648,401-338-4951,REGULAR,SWAMP YANKEE BBQ LLC,Washington,0,44.6619743,-67.5729987
26387,THE THISTLE INN,5,15,2019-08-07,2020-06-19,EATING AND LODGING,Yes,55 OAK ST,BOOTHBAY HARBOR,ME,4538,207-633-3541,REGULAR,RDR ENTERPIRSES INC,Kennebec,0.4054054054,43.8551808,-69.6265354
26387,THISTLE INN RESTAURANT,1,3,2023-03-10,2022-06-19,EATING AND LODGING,No,55 OAK ST,BOOTHBAY HARBOR,ME,4538,207-303-8218,NEWOWNER,CHEN INC,Kennebec,0.08108108108,43.8551808,-69.6265354
26387,THE THISTLE INN,0,6,2019-08-21,2020-06-19,EATING AND LODGING,No,55 OAK ST,BOOTHBAY HARBOR,ME,4538,207-633-3541,FOLLOW_UP_FULL,RDR ENTERPIRSES INC,Kennebec,0.08108108108,43.8551808,-69.6265354
26387,THE THISTLE INN,1,2,2018-06-19,2018-10-28,EATING PLACE TIER 3,No,55 OAK ST,BOOTHBAY HARBOR,ME,4538,207-633-3541,REGULAR,RDR ENTERPIRSES INC,Kennebec,0.06756756757,43.8551808,-69.6265354
26387,THE THISTLE INN,0,0,2018-06-19,2018-10-28,EATING PLACE TIER 3,No,55 OAK ST,BOOTHBAY HARBOR,ME,4538,207-633-3541,REGULAR,RDR ENTERPIRSES INC,Kennebec,0,43.8551808,-69.6265354
26384,MY WAFFLE,2,2,2023-10-02,2024-08-18,EATING PLACE - MOBILE,No,8 CEDAR BROOK LN,FAIRFIELD,ME,4240,207-509-6110,REGULAR,"BUTTER, HEIDI",Androscoggin,0.1081081081,44.6122231,-69.6775401
26384,MY WAFFLE,0,1,2022-08-12,2023-08-18,EATING PLACE - MOBILE,No,8 CEDAR BROOK LN,FAIRFIELD,ME,4240,207-509-6110,REGULAR,"BUTTER, HEIDI",Androscoggin,0.01351351351,44.6122231,-69.6775401
26384,MY WAFFLE,0,0,2023-08-02,2024-08-18,EATING PLACE - MOBILE,No,8 CEDAR BROOK LN,FAIRFIELD,ME,4240,207-509-6110,REGULAR,"BUTTER, HEIDI",Androscoggin,0,44.6122231,-69.6775401
26384,207 FOODIES,0,0,2024-07-31,2025-08-18,EATING PLACE - MOBILE,No,8 CEDAR BROOK LN,FAIRFIELD,ME,4240,207-509-6110,REGULAR,"BUTTER, HEIDI",Androscoggin,0,44.6122231,-69.6775401
26384,MY WAFFLE,0,1,2019-06-03,2020-05-06,EATING PLACE - MOBILE,No,15 OLD GREENE RD,LEWISTON,ME,4240,617-510-0080,REGULAR,MY WAFFLE,Androscoggin,0.01351351351,44.103733,-70.1732633
26384,MY WAFFLE (MOBILE),0,0,2019-05-24,2019-06-11,EATING PLACE - MOBILE,No,15 OLD GREENE RD,LEWISTON,ME,4240,617-510-0080,REGULAR,FOREVER BEE MINE LLC,Androscoggin,0,44.103733,-70.1732633
26382,IZAKAYA MINATO,1,1,2025-01-29,2026-01-26,MUN - EATING PLACE,No,54 WASHINGTON AVE,PORTLAND,ME,4101,415-867-0960,REGULAR,MINATO LLC,Cumberland,0.05405405405,43.6650456,-70.2521508
26382,IZAKAYA MINATO,0,2,2021-10-19,2022-01-26,MUN - EATING PLACE,No,54 WASHINGTON AVE,PORTLAND,ME,4101,415-867-0960,REGULAR,MINATO LLC,Cumberland,0.02702702703,43.6650456,-70.2521508
26382,IZAKAYA MINATO,0,2,2022-07-19,2023-01-26,MUN - EATING PLACE,No,54 WASHINGTON AVE,PORTLAND,ME,4101,415-867-0960,REGULAR,MINATO LLC,Cumberland,0.02702702703,43.6650456,-70.2521508
26382,IZAKAYA MINATO,0,2,2023-12-13,2024-01-26,MUN - EATING PLACE,No,54 WASHINGTON AVE,PORTLAND,ME,4101,415-867-0960,REGULAR,MINATO LLC,Cumberland,0.02702702703,43.6650456,-70.2521508
26382,MINATO,0,1,2018-06-19,2019-01-26,MUN - EATING PLACE,No,54 WASHINGTON AVE,PORTLAND,ME,4101,415-867-0960,REGULAR,MINATO LLC,Cumberland,0.01351351351,43.6650456,-70.2521508
26382,IZAKAYA MINATO,0,1,2019-09-04,2020-01-26,MUN - EATING PLACE,No,54 WASHINGTON AVE,PORTLAND,ME,4101,415-867-0960,REGULAR,MINATO LLC,Cumberland,0.01351351351,43.6650456,-70.2521508
26380,TACO BELL # 26028,0,1,2020-01-14,2020-02-15,EATING PLACE TIER 2,No,460 ALFRED ST,BIDDEFORD,ME,4005,423-587-0690,REGULAR,CHARTER FOODS NORTH LLC,York,0.01351351351,43.4802171,-70.4868413
26380,TACO BELL # 26028,0,1,2023-02-07,2024-02-15,EATING PLACE TIER 2,No,460 ALFRED ST,BIDDEFORD,ME,4005,423-587-0690,REGULAR,CHARTER FOODS NORTH LLC,York,0.01351351351,43.4802171,-70.4868413
26380,TACO BELL,0,0,2019-02-15,2019-01-24,EATING PLACE TIER 2,No,460 ALFRED ST,BIDDEFORD,ME,4005,214-872-4000,NEWOWNER,,York,0,43.4802171,-70.4868413
26380,TACO BELL # 26028,0,0,2025-03-03,2026-02-15,EATING PLACE TIER 2,No,460 ALFRED ST,BIDDEFORD,ME,4005,423-587-0690,REGULAR,CHARTER FOODS NORTH LLC,York,0,43.4802171,-70.4868413
26376,AROMA JOES,1,4,2022-05-09,2022-12-09,EATING PLACE TIER 1,No,89 RTE 236,KITTERY,ME,3104,207-781-1595,REGULAR,PINE TREE COFFEE LLC,York,0.09459459459,43.1186062,-70.7579827
26376,AROMA JOES,1,1,2024-03-07,2024-12-09,EATING PLACE TIER 1,No,89 RTE 236,KITTERY,ME,3104,207-781-1595,REGULAR,PINE TREE COFFEE LLC,York,0.05405405405,43.1186062,-70.7579827
26376,AROMA JOES,0,0,2019-03-14,2019-12-09,EATING PLACE TIER 1,No,89 RTE 236,KITTERY,ME,3104,207-781-1595,REGULAR,PINE TREE COFFEE LLC,York,0,43.1186062,-70.7579827
26375,COLETTIS PIZZA FACTORY,3,1,2022-03-10,2022-10-06,EATING PLACE TIER 1,No,497 ELM ST,BIDDEFORD,ME,4005,207-571-4476,REGULAR,"COLLETI, FRANCESCO",Cumberland,0.1351351351,43.4753457,-70.4781579
26375,COLETTIS PIZZA FACTORY,1,2,2019-01-24,2019-10-06,EATING PLACE TIER 1,No,497 ELM ST,BIDDEFORD,ME,4005,207-571-4476,REGULAR,"COLLETI, FRANCESCO",Cumberland,0.06756756757,43.4753457,-70.4781579
26375,COLETTIS PIZZA FACTORY,0,0,2024-03-12,2024-10-06,EATING PLACE TIER 1,No,497 ELM ST,BIDDEFORD,ME,4005,207-571-4476,REGULAR,"COLLETI, FRANCESCO",Cumberland,0,43.4753457,-70.4781579
26368,SARGENT FAMILY COMMUNITY CENTER,2,3,2021-05-24,2021-10-31,EATING PLACE TIER 1,No,24 CHAPMAN RD,PRESQUE ISLE,ME,4769,207-764-2545,REGULAR,CITY OF PRESQUE ISLE,Aroostook,0.1216216216,46.6787291,-68.0186699
26368,SARGENT FAMILY COMMUNITY CENTER,2,3,2024-11-14,2025-10-31,EATING PLACE TIER 1,No,24 CHAPMAN RD,PRESQUE ISLE,ME,4769,207-764-2545,REGULAR,CITY OF PRESQUE ISLE,Aroostook,0.1216216216,46.6787291,-68.0186699
26368,SARGENT FAMILY COMMUNITY CENTER,1,2,2019-03-26,2019-10-31,EATING PLACE TIER 1,No,24 CHAPMAN RD,PRESQUE ISLE,ME,4769,207-764-2545,REGULAR,CITY OF PRESQUE ISLE,Aroostook,0.06756756757,46.6787291,-68.0186699
26367,PERRYS LOBSTER SHACK,2,3,2023-07-18,2023-05-24,EATING PLACE TIER 2,No,1076 NEWBURY NECK RD,SURRY,ME,4684,207-667-1955,REGULAR,COTE ENTERPRISES INC,Hancock,0.1216216216,44.4376469,-68.4705051
26363,THE QUARRY TAP ROOM,3,5,2022-06-14,2022-09-30,EATING PLACE TIER 3,No,122 WATER ST,HALLOWELL,ME,4347,207-458-0529,REGULAR,THE QUARRY TAP ROOM,Kennebec,0.1891891892,44.2863385,-69.7899288
26363,THE QUARRY TAP ROOM,3,3,2019-02-22,2019-09-30,EATING PLACE TIER 3,No,122 WATER ST,HALLOWELL,ME,4347,207-213-6173,REGULAR,THE QUARRY TAP ROOM,Kennebec,0.1621621622,44.2863385,-69.7899288
26363,THE QUARRY TAP ROOM,0,0,2023-05-05,2023-09-30,EATING PLACE TIER 3,No,122 WATER ST,HALLOWELL,ME,4347,207-458-0529,FOLLOW_UP_FULL,THE QUARRY TAP ROOM,Kennebec,0,44.2863385,-69.7899288
26357,SICHUAN KITCHEN,4,6,2019-10-24,2019-12-19,MUN - EATING PLACE,Yes,612 CONGRESS ST,PORTLAND,ME,4101,207-536-7226,REGULAR,SHANGRI-LA SICHUAN CUISINE LLC,Cumberland,0.2432432432,43.6535579,-70.2636455
26357,SICHUAN KITCHEN,3,7,2023-09-29,2023-12-19,MUN - EATING PLACE,No,612 CONGRESS ST,PORTLAND,ME,4101,415-871-3157,REGULAR,SHANGRI-LA SICHUAN CUISINE LLC,Cumberland,0.2162162162,43.6535579,-70.2636455
26357,SICHUAN KITCHEN,3,4,2018-07-31,2018-12-19,MUN - EATING PLACE,No,612 CONGRESS ST,PORTLAND,ME,4101,207-536-7226,REGULAR,SHANGRI-LA SICHUAN CUISINE LLC,Cumberland,0.1756756757,43.6535579,-70.2636455
26357,SICHUAN KITCHEN,3,4,2020-01-07,2019-12-19,MUN - EATING PLACE,No,612 CONGRESS ST,PORTLAND,ME,4101,207-536-7226,REGULAR,SHANGRI-LA SICHUAN CUISINE LLC,Cumberland,0.1756756757,43.6535579,-70.2636455
26357,SICHUAN KITCHEN,3,4,2021-04-20,2021-12-19,MUN - EATING PLACE,No,612 CONGRESS ST,PORTLAND,ME,4101,415-871-3157,REGULAR,SHANGRI-LA SICHUAN CUISINE LLC,Cumberland,0.1756756757,43.6535579,-70.2636455
26357,SICHUAN KITCHEN,3,3,2019-11-19,2019-12-19,MUN - EATING PLACE,No,612 CONGRESS ST,PORTLAND,ME,4101,207-536-7226,FOLLOW_UP_FULL,SHANGRI-LA SICHUAN CUISINE LLC,Cumberland,0.1621621622,43.6535579,-70.2636455
26357,SHANGRI LA SICHUAN CUISINE,2,4,2018-01-16,2017-12-19,MUN - EATING PLACE,No,612 CONGRESS ST,PORTLAND,ME,4101,207-536-7226,REGULAR,SHANGRI-LA SICHUAN CUISINE LLC,Cumberland,0.1351351351,43.6535579,-70.2636455
26357,SICHUAN KITCHEN,2,3,2019-02-21,2019-12-19,MUN - EATING PLACE,No,612 CONGRESS ST,PORTLAND,ME,4101,207-536-7226,REGULAR,SHANGRI-LA SICHUAN CUISINE LLC,Cumberland,0.1216216216,43.6535579,-70.2636455
26357,SICHUAN KITCHEN,0,7,2024-09-09,2024-12-19,MUN - EATING PLACE,No,612 CONGRESS ST,PORTLAND,ME,4101,415-871-3157,REGULAR,SHANGRI-LA SICHUAN CUISINE LLC,Cumberland,0.09459459459,43.6535579,-70.2636455
26357,SICHUAN KITCHEN,0,4,2022-03-14,2022-12-19,MUN - EATING PLACE,No,612 CONGRESS ST,PORTLAND,ME,4101,415-871-3157,REGULAR,SHANGRI-LA SICHUAN CUISINE LLC,Cumberland,0.05405405405,43.6535579,-70.2636455
26353,BRIDGTON HOUSE OF PIZZA (TEMP),0,1,2024-09-28,2024-09-28,EATING PLACE - TEMPORARY 1-4 DAYS,No,40 BRAG WAY,BRIDGTON,ME,4009,207-647-3266,REGULAR,BHOP PIZZA LLC,Cumberland,0.01351351351,44.025175,-70.6951693
26353,BRIDGTON HOUSE OF PIZZA,2,2,2021-09-25,2021-09-25,EATING PLACE - TEMPORARY 1-4 DAYS,No,,CASCO,ME,4015,207-647-3266,REGULAR,BHOP PIZZA LLC,Cumberland,0.1081081081,44.0060823,-70.5225313
26353,BRIDGTON HOUSE OF PIZZA,1,2,2018-09-29,2018-09-29,EATING PLACE - TEMPORARY 1-4 DAYS,No,,CASCO,ME,4015,207-647-3266,REGULAR,BHOP PIZZA LLC,Cumberland,0.06756756757,44.0060823,-70.5225313
26353,BRIDGTON HOUSE OF PIZZA,0,5,2019-09-28,2018-09-29,EATING PLACE - TEMPORARY 1-4 DAYS,No,,CASCO,ME,4015,207-647-3266,REGULAR,BHOP PIZZA LLC,Cumberland,0.06756756757,44.0060823,-70.5225313
26353,BRIDGTON HOUSE OF PIZZA,0,1,2022-09-24,2022-09-24,EATING PLACE - TEMPORARY 1-4 DAYS,No,,CASCO,ME,4015,207-647-3266,REGULAR,BHOP PIZZA LLC,Cumberland,0.01351351351,44.0060823,-70.5225313
26353,BRIDGTON HOUSE OF PIZZA,0,0,2023-09-30,2022-09-24,EATING PLACE - TEMPORARY 1-4 DAYS,No,,CASCO,ME,4015,207-647-3266,REGULAR,BHOP PIZZA LLC,Cumberland,0,44.0060823,-70.5225313
26352,RIVALRIES,2,7,2019-01-14,2019-12-16,EATING PLACE TIER 3,No,2 HAT TRICK DR,FALMOUTH,ME,4105,207-747-4020,REGULAR,RIVALRIES FALMOUTH LLC,Cumberland,0.1756756757,43.7189875,-70.2359907
26352,RIVALRIES,3,4,2023-03-28,2023-12-16,EATING PLACE TIER 3,No,2 HAT TRICK DR,FALMOUTH,ME,4105,207-747-4020,REGULAR,RIVALRIES FALMOUTH LLC,Cumberland,0.1756756757,43.7189875,-70.2359907
26352,RIVALRIES,0,4,2025-03-12,2025-12-16,EATING PLACE TIER 3,No,2 HAT TRICK DR,FALMOUTH,ME,4105,207-747-4020,REGULAR,RIVALRIES FALMOUTH LLC,Cumberland,0.05405405405,43.7189875,-70.2359907
26351,COFFEE ME UP,2,2,2022-02-16,2022-12-16,MUN - EATING PLACE,No,221 CUMBERLAND AVE,PORTLAND,ME,4101,207-536-1279,REGULAR,COFFEE ME UP LLC,Cumberland,0.1081081081,43.6611566,-70.2564756
26351,COFFEE ME UP,1,3,2020-02-10,2020-12-16,MUN - EATING PLACE,No,223 CUMBERLAND AVE,PORTLAND,ME,4101,207-518-0517,REGULAR,COFFEE ME UP LLC,Cumberland,0.08108108108,43.6611566,-70.2564756
26351,COFFEE ME UP,0,2,2018-02-20,2018-12-16,MUN - EATING PLACE,No,223 CUMBERLAND AVE,PORTLAND,ME,4101,207-518-0512,REGULAR,COFFEE ME UP LLC,Cumberland,0.02702702703,43.6611566,-70.2564756
26351,COFFEE ME UP,0,1,2019-02-01,2019-12-16,MUN - EATING PLACE,No,223 CUMBERLAND AVE,PORTLAND,ME,4101,207-518-0512,REGULAR,COFFEE ME UP LLC,Cumberland,0.01351351351,43.6611566,-70.2564756
26351,COFFEE ME UP,0,1,2023-03-29,2023-12-16,MUN - EATING PLACE,No,221 CUMBERLAND AVE,PORTLAND,ME,4101,207-536-1279,REGULAR,COFFEE ME UP LLC,Cumberland,0.01351351351,43.6611566,-70.2564756
26351,COFFEE ME UP,0,1,2025-03-19,2025-12-16,MUN - EATING PLACE,No,221 CUMBERLAND AVE,PORTLAND,ME,4101,207-536-1279,REGULAR,COFFEE ME UP LLC,Cumberland,0.01351351351,43.6611566,-70.2564756
26351,COFFEE ME UP,0,0,2024-03-21,2024-12-16,MUN - EATING PLACE,No,221 CUMBERLAND AVE,PORTLAND,ME,4101,207-536-1279,REGULAR,COFFEE ME UP LLC,Cumberland,0,43.6611566,-70.2564756
26341,MARSH ISLAND BREWING,0,2,2024-09-10,2025-09-29,EATING PLACE TIER 1,No,2 MAIN ST,ORONO,ME,4473,207-942-7678,REGULAR,MARSH ISLAND BREWING LLC,Penobscot,0.02702702703,44.8843754,-68.6712126
26336,RITAS CATERING,0,3,2019-12-12,2020-11-08,EATING AND CATERING,No,38 COLLEGE AVE,WATERVILLE,ME,4901,207-861-8000,REGULAR,RITAS CATERING LLC,Kennebec,0.04054054054,44.5560048,-69.6298726
26334,MOLLY OCKETT SCHOOL,1,2,2019-12-10,2020-09-27,EATING - SCHOOL,No,25 MOLLY OCKETT DR,FRYEBURG,ME,4037,207-935-2401,REGULAR,MSAD #72,Oxford,0.06756756757,44.0214326,-70.9671495
26334,MOLLY OCKETT SCHOOL,1,1,2023-02-09,2023-09-27,EATING - SCHOOL,No,25 MOLLY OCKETT DR,FRYEBURG,ME,4037,207-935-2401,REGULAR,MSAD #72,Oxford,0.05405405405,44.0214326,-70.9671495
26334,MOLLY OCKETT SCHOOL,1,0,2022-02-01,2022-09-27,EATING - SCHOOL,No,25 MOLLY OCKETT DR,FRYEBURG,ME,4037,207-935-2401,REGULAR,MSAD #72,Oxford,0.04054054054,44.0214326,-70.9671495
26334,MOLLY OCKETT SCHOOL,0,2,2018-01-12,2018-09-27,EATING - SCHOOL,No,25 MOLLY OCKETT DR,FRYEBURG,ME,4037,207-935-2401,REGULAR,MSAD #72,Oxford,0.02702702703,44.0214326,-70.9671495
26334,MOLLY OCKETT SCHOOL,0,1,2023-11-20,2024-09-27,EATING - SCHOOL,No,25 MOLLY OCKETT DR,FRYEBURG,ME,4037,207-935-2401,REGULAR,MSAD #72,Oxford,0.01351351351,44.0214326,-70.9671495
26334,MOLLY OCKETT SCHOOL,0,0,2018-11-05,2019-09-27,EATING - SCHOOL,No,25 MOLLY OCKETT DR,FRYEBURG,ME,4037,207-935-2401,REGULAR,MSAD #72,Oxford,0,44.0214326,-70.9671495
26334,MOLLY OCKETT SCHOOL,0,0,2024-10-09,2025-09-27,EATING - SCHOOL,No,25 MOLLY OCKETT DR,FRYEBURG,ME,4037,207-935-2401,REGULAR,MSAD #72,Oxford,0,44.0214326,-70.9671495
26323,MIGHTY MINIS,0,0,2023-10-04,2023-10-08,EATING PLACE - TEMPORARY 5-14 DAYS,No,1154 MAIN ST,FRYEBURG,ME,4037,603-986-3359,REGULAR,GARDEN STATE PORK ROLL INC,Oxford,0,44.0327324,-70.9678946
26320,CHICK FIL A,0,6,2023-04-24,2023-10-19,EATING AND CATERING,No,605 STILLWATER AVE,BANGOR,ME,4011,207-262-3725,REGULAR,SCHULTZ ENTERPRISES LLC,Penobscot,0.08108108108,44.8298941,-68.7531596
26320,CHICK FIL A,0,1,2018-10-22,2019-10-19,EATING AND CATERING,No,605 STILLWATER AVE,BANGOR,ME,4011,207-745-4402,REGULAR,SCHULTZ ENTERPRISES LLC,Penobscot,0.01351351351,44.8298941,-68.7531596
26320,CHICK FIL A,0,1,2019-09-26,2020-10-19,EATING AND CATERING,No,605 STILLWATER AVE,BANGOR,ME,4011,207-745-4402,REGULAR,SCHULTZ ENTERPRISES LLC,Penobscot,0.01351351351,44.8298941,-68.7531596
26311,AROMA JOES,1,3,2022-11-30,2023-09-28,EATING PLACE TIER 1,No,76 PORTLAND RD,KENNEBUNK,ME,4043,207-651-6016,REGULAR,SARLO ENTERPRISES LLC,York,0.08108108108,43.3998302,-70.5286052
26311,AROMA JOES,0,1,2024-12-09,2025-09-28,EATING PLACE TIER 1,No,76 PORTLAND RD,KENNEBUNK,ME,4043,207-651-6016,REGULAR,SARLO ENTERPRISES LLC,York,0.01351351351,43.3998302,-70.5286052
26311,AROMA JOES,0,0,2018-11-01,2019-09-28,EATING PLACE TIER 1,No,76 PORTLAND RD,KENNEBUNK,ME,4043,207-651-6016,REGULAR,SARLO ENTERPRISES LLC,York,0,43.3998302,-70.5286052
26305,2 FEET BREWING,2,5,2019-10-16,2020-09-01,EATING PLACE TIER 2,No,80 COLUMBIA ST,BANGOR,ME,4401,207-573-1979,REGULAR,2 FEET BREWING INC,Penobscot,0.1486486486,44.8002394,-68.772793
26302,OREILLYS CURE,3,5,2018-10-25,2019-09-21,EATING PLACE TIER 3,No,264 US RTE 1,SCARBOROUGH,ME,4094,207-420-7515,REGULAR,OREILLYS CURE INC,Cumberland,0.1891891892,43.5555407,-70.4036774
26302,OREILLYS CURE,3,5,2020-02-27,2020-09-21,EATING PLACE TIER 3,No,264 US RTE 1,SCARBOROUGH,ME,4094,207-420-7515,REGULAR,OREILLYS CURE INC,Cumberland,0.1891891892,43.5555407,-70.4036774
26302,OREILLYS CURE,2,0,2024-01-29,2024-09-21,EATING PLACE TIER 3,No,264 US RTE 1,SCARBOROUGH,ME,4094,207-420-7515,REGULAR,OREILLYS CURE INC,Cumberland,0.08108108108,43.5555407,-70.4036774
26299,CROCKER HOUSE COUNTRY INN,0,1,2018-08-28,2018-10-04,CATERING,No,967 POINT RD,HANCOCK,ME,4640,207-422-6806,REGULAR,CROCKER HOUSE COUNTRY INN INC,Hancock,0.01351351351,44.4683654,-68.2307718
26289,ORONO BREWING CO,3,1,2025-05-07,2025-08-19,EATING PLACE TIER 2,No,26 STATE ST,BANGOR,ME,4401,207-991-7440,REGULAR,WOODMANS BREWING COMPANY LLC,Penobscot,0.1351351351,44.802402,-68.7695602
26286,THE TILLER,1,6,2018-04-25,2018-08-17,EATING AND CATERING,No,591 SHORE RD,CAPE NEDDICK,ME,3902,207-361-1000,REGULAR,RBDD CLIFF HOUSE ACQUISITIONS LLC,York,0.1216216216,43.1863456,-70.6066502
26286,THE TILLER,1,5,2022-05-02,2022-08-17,EATING AND CATERING,No,591 SHORE RD,CAPE NEDDICK,ME,3902,207-361-1000,REGULAR,RBDD CLIFF HOUSE ACQUISITIONS LLC,York,0.1081081081,43.1863456,-70.6066502
26286,THE TILLER,0,6,2025-01-03,2025-08-17,EATING AND CATERING,No,591 SHORE RD,CAPE NEDDICK,ME,3902,207-361-1000,REGULAR,RBDD CLIFF HOUSE ACQUISITIONS LLC,York,0.08108108108,43.1863456,-70.6066502
26285,OCEAN SCAPE BANQUET KITCHEN,1,2,2023-06-13,2023-08-17,EATING AND CATERING,No,591 SHORE RD,CAPE NEDDICK,ME,3902,207-361-6225,REGULAR,RBDD CLIFF HOUSE ACQUISITIONS LLC,York,0.06756756757,43.1863456,-70.6066502
26285,OCEAN SCAPE BANQUET KITCHEN,0,2,2019-03-19,2019-08-17,EATING AND CATERING,No,591 SHORE RD,CAPE NEDDICK,ME,3902,207-361-1000,REGULAR,RBDD CLIFF HOUSE ACQUISITIONS LLC,York,0.02702702703,43.1863456,-70.6066502
26285,OCEAN SCAPE BANQUET KITCHEN,0,0,2025-06-12,2025-08-17,EATING AND CATERING,No,591 SHORE RD,CAPE NEDDICK,ME,3902,207-361-6225,REGULAR,RBDD CLIFF HOUSE ACQUISITIONS LLC,York,0,43.1863456,-70.6066502
26281,THE WAREHOUSE BAR & GRILL,4,7,2020-01-09,2020-10-31,EATING AND CATERING,Yes,14 EVERGREEN PKWY,CARIBOU,ME,4736,207-949-4336,REGULAR,A AND W PROPERTIES,Aroostook,0.2567567568,46.86852,-68.0030483
26281,THE WAREHOUSE BAR & GRILL,2,4,2020-01-29,2020-10-31,EATING AND CATERING,No,14 EVERGREEN PKWY,CARIBOU,ME,4736,207-949-4336,FOLLOW_UP_FULL,A AND W PROPERTIES,Aroostook,0.1351351351,46.86852,-68.0030483
26280,THE SANCTUARY B & B,0,1,2019-08-15,2020-08-15,BED AND BREAKFAST 6 ROOMS OR MORE,No,33 BIRCH AVE,ELLSWORTH,ME,4605,207-664-6005,REGULAR,SILVER SAINTS SANCTUARY INC,Hancock,0.01351351351,44.5461639,-68.4236357
26280,THE SANCTUARY B & B,0,0,2019-08-15,2020-08-15,BED AND BREAKFAST 6 ROOMS OR MORE,No,33 BIRCH AVE,ELLSWORTH,ME,4605,207-664-6005,REGULAR,SILVER SAINTS SANCTUARY INC,Hancock,0,44.5461639,-68.4236357
26278,HAPPY ENDINGS MARTINI & DESSERT BAR,1,4,2020-10-27,2019-10-25,EATING AND CATERING,No,32 MAIN ST,BANGOR,ME,4401,207-922-8373,REGULAR,HAPPY ENDINGS INC,Penobscot,0.09459459459,44.8008937,-68.7713933
26270,AROMA JOES COFFEE- HEFFERMAN CENTER,1,0,2024-10-25,2025-08-19,EATING PLACE TIER 1,No,278 WHITES BRIDGE RD,STANDISH,ME,4084,207-310-0790,REGULAR,J & K CAFFAH-NATION INC,Cumberland,0.04054054054,43.8263951,-70.4820689
26270,BAGGOT STREET CAFE,1,0,2023-02-17,2023-10-07,EATING PLACE TIER 3,No,278 WHITES BRIDGE RD,STANDISH,ME,4084,207-893-6683,REGULAR,TRUSTEES OF ST JOSEPHS COLLEGE,Cumberland,0.04054054054,43.8263951,-70.4820689
26268,YORK COUNTY SHELTER PROGRAM,2,2,2024-10-23,2025-08-18,EATING AND CATERING,No,125 SHAKER HILL RD,ALFRED,ME,4002,207-324-6953,REGULAR,YORK COUNTY SHELTER PROGRAMS INC,York,0.1081081081,43.5003009,-70.7148292
26268,YORK COUNTY SHELTER PROGRAM,2,1,2022-06-29,2022-08-18,EATING AND CATERING,No,125 SHAKER HILL RD,ALFRED,ME,4002,207-324-6953,REGULAR,YORK COUNTY SHELTER PROGRAMS INC,York,0.09459459459,43.5003009,-70.7148292
26268,YORK COUNTY SHELTER PROGRAM,0,0,2018-04-18,2018-08-18,EATING AND CATERING,No,125 SHAKER HILL RD,ALFRED,ME,4002,207-324-5290,REGULAR,YORK COUNTY SHELTER PROGRAMS INC,York,0,43.5003009,-70.7148292
26266,JEWEL OF INDIA,1,0,2018-08-08,2018-08-08,EATING PLACE - TEMPORARY 1-4 DAYS,No,104 MAIN ST,WATERVILLE,ME,4901,207-872-0331,REGULAR,"SHARMA, PREM",Kennebec,0.04054054054,44.5500622,-69.6303586
26266,JEWEL OF INDIA,0,2,2019-08-07,2019-08-07,EATING PLACE - TEMPORARY 1-4 DAYS,No,104 MAIN ST,WATERVILLE,ME,4901,207-872-0331,REGULAR,"SHARMA, PREM",Kennebec,0.02702702703,44.5500622,-69.6303586
26265,OLD TEXAS SODA,0,0,2019-07-31,2018-08-05,EATING PLACE - TEMPORARY 1-4 DAYS,No,,ROCKLAND,ME,4841,732-718-2777,REGULAR,MAJESTIC SODA COPR,Knox,0,44.1048327,-69.1091823
26261,CENTRAL COMMUNITY ELEMENTARY SCHOOL,1,2,2025-01-24,2025-09-27,EATING - SCHOOL,No,118 MAIN ST,CORINTH,ME,4427,207-285-3334,REGULAR,RSU # 64,Penobscot,0.06756756757,45.0180041,-69.0223582
26261,CENTRAL COMMUNITY ELEMENTARY SCHOOL,1,0,2024-01-30,2024-09-27,EATING - SCHOOL,No,118 MAIN ST,CORINTH,ME,4427,207-285-3334,REGULAR,RSU # 64,Penobscot,0.04054054054,45.0180041,-69.0223582
26261,CENTRAL COMMUNITY ELEMENTARY SCHOOL,0,2,2021-12-14,2022-09-27,EATING - SCHOOL,No,118 MAIN ST,CORINTH,ME,4427,207-285-3334,REGULAR,RSU # 64,Penobscot,0.02702702703,45.0180041,-69.0223582
26261,CENTRAL COMMUNITY ELEMENTARY SCHOOL,0,2,2022-10-18,2023-09-27,EATING - SCHOOL,No,118 MAIN ST,CORINTH,ME,4427,207-285-3334,REGULAR,RSU # 64,Penobscot,0.02702702703,45.0180041,-69.0223582
26261,CENTRAL COMMUNITY ELEMENTARY SCHOOL,0,1,2019-10-02,2020-09-27,EATING - SCHOOL,No,118 MAIN ST,CORINTH,ME,4427,207-285-3334,REGULAR,RSU # 64,Penobscot,0.01351351351,45.0180041,-69.0223582
26261,CENTRAL COMMUNITY ELEMENTARY SCHOOL,0,1,2021-01-28,2021-09-27,EATING - SCHOOL,No,118 MAIN ST,CORINTH,ME,4427,207-285-3334,REGULAR,RSU # 64,Penobscot,0.01351351351,45.0180041,-69.0223582
26261,CENTRAL COMMUNITY ELEMENTARY SCHOOL,0,0,2018-11-15,2019-09-27,EATING - SCHOOL,No,118 MAIN ST,CORINTH,ME,4427,207-285-3334,REGULAR,RSU # 64,Penobscot,0,45.0180041,-69.0223582
26249,FIVE GUYS,1,5,2018-10-02,2018-12-01,EATING PLACE TIER 2,No,5 SENATOR WAY,AUGUSTA,ME,4330,315-292-8283,NEWOWNER,FIVE PINE TREE STATE V LLC,Kennebec,0.1081081081,44.3143549,-69.8055511
26249,FIVE GUYS,0,3,2022-12-06,2023-10-02,EATING PLACE TIER 2,No,5 SENATOR WAY,AUGUSTA,ME,4330,315-292-8283,REGULAR,HYDE PARK BURGERS LLC,Kennebec,0.04054054054,44.3143549,-69.8055511
26249,FIVE GUYS,1,0,2020-12-21,2021-10-02,EATING PLACE TIER 2,No,5 SENATOR WAY,AUGUSTA,ME,4330,315-292-8283,REGULAR,HYDE PARK BURGERS LLC,Kennebec,0.04054054054,44.3143549,-69.8055511
26249,FIVE GUYS,0,1,2024-12-31,2025-10-02,EATING PLACE TIER 2,No,5 SENATOR WAY,AUGUSTA,ME,4330,315-292-8283,REGULAR,HYDE PARK BURGERS LLC,Kennebec,0.01351351351,44.3143549,-69.8055511
26246,BRED IN THE BONE,6,8,2025-04-10,2026-04-04,EATING PLACE TIER 2,Yes,133 MAIN ST,DAMARISCOTTA,ME,4543,207-975-8522,REGULAR,SOLE MATES INC,Lincoln,0.3513513514,44.0326687,-69.5316638
26246,CUPACITY,2,1,2019-11-22,2020-04-24,EATING PLACE TIER 2,No,133 MAIN ST,DAMARISCOTTA,ME,4543,207-593-6127,REGULAR,CUPACITY DAMARISCOTTA GOOD COFFEE LLC,Lincoln,0.09459459459,44.0326687,-69.5316638
26246,CUPACITY,0,6,2022-01-19,2022-04-24,EATING PLACE TIER 2,No,133 MAIN ST,DAMARISCOTTA,ME,4543,207-563-6127,REGULAR,CUPACITY DAMARISCOTTA GOOD COFFEE LLC,Lincoln,0.08108108108,44.0326687,-69.5316638
26246,BRED IN THE BONE,2,0,2025-04-25,2026-04-04,EATING PLACE TIER 2,No,133 MAIN ST,DAMARISCOTTA,ME,4543,207-975-8522,FOLLOW_UP_FULL,SOLE MATES INC,Lincoln,0.08108108108,44.0326687,-69.5316638
26246,CUPACITY DAMARISCOTTA GOOD COFFEE,0,0,2019-04-24,2017-10-31,EATING PLACE TIER 2,No,133 MAIN ST,DAMARISCOTTA,ME,4543,207-593-6127,NEWOWNER,CUPACITY DAMARISCOTTA GOOD COFFEE LLC,Lincoln,0,44.0326687,-69.5316638
26236,THE HAMBURGER STAND,0,1,2024-06-04,2024-11-09,EATING PLACE TIER 1,No,138 ELM ST,BIDDEFORD,ME,4005,207-281-2649,REGULAR,THE HAMBURGER STAND INC,York,0.01351351351,43.4948588,-70.4590874
26236,THE HAMBURGER STAND,0,0,2018-12-06,2019-11-09,EATING PLACE TIER 1,No,138 ELM ST,BIDDEFORD,ME,4005,207-339-3044,REGULAR,THE HAMBURGER STAND,York,0,43.4948588,-70.4590874
26236,THE HAMBURGER STAND,0,0,2022-04-20,2022-11-09,EATING PLACE TIER 1,No,138 ELM ST,BIDDEFORD,ME,4005,207-281-2649,REGULAR,THE HAMBURGER STAND INC,York,0,43.4948588,-70.4590874
26232,BOGS BAKERY,0,0,2019-08-08,2019-10-10,EATING PLACE - MOBILE,No,40 ROBERTS ST,PORTLAND,ME,4102,808-2310,NEWOWNER,KELLY FOLEY,Waldo,0,43.6582598,-70.2811167
26232,THE DAILY GRIND,1,4,2019-05-17,2019-10-10,EATING PLACE - MOBILE,No,820 MAIN ST,WESTBROOK,ME,4092,207-591-0594,REGULAR,J & S SALISBURY LLC,Waldo,0.09459459459,43.6760459,-70.3649911
26231,FIREHOUSE SUBS,0,7,2023-11-08,2023-10-20,EATING AND CATERING,No,8 WATERVILLE COMMONS DR,WATERVILLE,ME,4901,207-751-8953,REGULAR,S & L WATERBILLE LLC,Kennebec,0.09459459459,44.570658,-69.6425493
26231,FIREHOUSE SUBS,1,1,2019-02-28,2019-10-20,EATING AND CATERING,No,8 WATERVILLE COMMONS DR,WATERVILLE,ME,4901,207-751-8953,REGULAR,S & L WATERBILLE LLC,Kennebec,0.05405405405,44.570658,-69.6425493
26214,GRAMMY ANNAS TAKEOUT,1,4,2022-07-13,2022-07-22,EATING PLACE - TAKEOUT,No,7 PARK ST,SPRINGFIELD,ME,4487,207-738-2015,NEWOWNER,AUSTINS PLACE LLC,Penobscot,0.09459459459,45.3965699,-68.1331393
26214,GRAMMY ANNAS TAKEOUT,1,0,2024-06-14,2023-07-18,EATING PLACE - TAKEOUT,No,7 PARK ST,SPRINGFIELD,ME,4487,207-738-2015,REGULAR,GRAMMY ANNAS TAKEOUT LLC,Penobscot,0.04054054054,45.3965699,-68.1331393
26214,DUMNAUNIES PIZZA & SUBS,1,2,2018-07-13,2018-08-02,EATING PLACE TIER 1,No,7 PARK ST,SPRINGFIELD,ME,4487,207-738-2517,REGULAR,DUMNAUNIES PIZZA & SUBS LLC,Penobscot,0.06756756757,45.3965699,-68.1331393
26214,AUSTIN'S PLACE,0,1,2020-07-21,2019-08-02,EATING PLACE TIER 1,No,7 PARK ST,SPRINGFIELD,ME,4487,207-794-5391,NEWOWNER,AUSTIN'S PLACE LLC,Penobscot,0.01351351351,45.3965699,-68.1331393
26208,FLIPPIN GOOD,0,0,2020-03-04,2020-10-11,EATING PLACE TIER 2,No,236 MAIN ST,WATERBORO,ME,4030,207-499-7715,REGULAR,FLIPPIN GOOD LLC,York,0,43.5716819,-70.6813842
26206,MISO HUNGRY,1,0,2018-07-27,2017-07-31,EATING PLACE - TEMPORARY 1-4 DAYS,No,191 HIRAM RD,SOUTH HIRAM,ME,4041,518-605-4474,REGULAR,MISO HUNGRY,Oxford,0.04054054054,43.8107597,-70.8642178
26206,MISO HUNGRY,0,0,2019-07-26,2019-07-28,EATING PLACE - TEMPORARY 1-4 DAYS,No,191 HIRAM RD,SOUTH HIRAM,ME,4041,518-605-4474,REGULAR,MISO HUNGRY,Oxford,0,43.8107597,-70.8642178
26200,CORSETTIS,2,7,2023-02-27,2023-08-12,EATING PLACE TIER 2,No,125 BRIDGTON RD,WESTBROOK,ME,4092,207-797-0614,REGULAR,EAT MANAGEMENT LLC,Cumberland,0.1756756757,43.7070077,-70.3272032
26200,CORSETTIS,1,6,2025-02-05,2025-08-12,EATING PLACE TIER 2,No,125 BRIDGTON RD,WESTBROOK,ME,4092,207-797-0614,REGULAR,EAT MANAGEMENT LLC,Cumberland,0.1216216216,43.7070077,-70.3272032
26200,CORSETTIS,2,3,2018-11-29,2019-07-29,EATING PLACE TIER 2,No,125 BRIDGTON RD,WESTBROOK,ME,4092,207-797-0614,REGULAR,C & K PROPERTIES,Cumberland,0.1216216216,43.7070077,-70.3272032
26200,CORSETTIS,0,3,2019-02-14,2019-11-30,EATING PLACE TIER 2,No,125 BRIDGTON RD,WESTBROOK,ME,4092,207-797-0614,REGULAR,EAT MANAGEMENT LLC,Cumberland,0.04054054054,43.7070077,-70.3272032
26193,FORK FOOD LAB,1,2,2021-07-09,2021-11-06,MUN - EATING AND CATERING,No,72 PARRIS ST,PORTLAND,ME,4101,207-538-0881,REGULAR,THE SUSTAINABILITY LAB,Cumberland,0.06756756757,43.658959,-70.2653576
26193,FORK FOOD LAB,0,3,2019-11-25,2020-11-06,MUN - EATING AND CATERING,No,72 PARRIS ST,PORTLAND,ME,4101,207-538-0881,REGULAR,THE SUSTAINABILITY LAB,Cumberland,0.04054054054,43.658959,-70.2653576
26193,FORK FOOD LAB,0,2,2018-02-07,2018-08-03,MUN - EATING AND CATERING,No,72 PARRIS ST,PORTLAND,ME,4101,207-538-0881,REGULAR,FOODWORKS MAINE LLC,Cumberland,0.02702702703,43.658959,-70.2653576
26193,FORK FOOD LAB,0,1,2018-09-14,2019-08-03,MUN - EATING AND CATERING,No,72 PARRIS ST,PORTLAND,ME,4101,207-538-0881,REGULAR,FOODWORKS MAINE LLC,Cumberland,0.01351351351,43.658959,-70.2653576
26193,FORK FOOD LAB,0,0,2018-11-05,2019-08-03,MUN - EATING AND CATERING,No,72 PARRIS ST,PORTLAND,ME,4101,207-538-0881,NEWOWNER,FOODWORKS MAINE LLC,Cumberland,0,43.658959,-70.2653576
26190,PARSONAGE HOUSE,0,1,2021-08-04,2021-08-04,EATING PLACE - TEMPORARY 1-4 DAYS,No,,WATERVILLE,ME,4901,207-446-7721,REGULAR,"DUMONT, LORILEE",Kennebec,0.01351351351,44.5451496,-69.6376721
26190,PARSONAGE HOUSE,0,0,2018-08-08,2018-08-08,EATING PLACE - TEMPORARY 1-4 DAYS,No,,WATERVILLE,ME,4901,207-446-7721,REGULAR,"DUMONT, LORILEE",Kennebec,0,44.5451496,-69.6376721
26187,STEEL HOUSE OVEN,0,0,2021-05-03,2021-07-14,EATING PLACE - MOBILE,No,491 NASH RD,PITTSTON,ME,4345,207-629-8374,REGULAR,"BOUDREAU, ANASTACIA",Kennebec,0,44.152774,-69.6645209
26185,WEBHANNET GOLF CLUB SNACK SHACK,0,0,2024-06-24,2024-09-09,EATING PLACE TIER 1,No,26 GOLF CLUB DR,KENNEBUNK,ME,4043,207-967-2061,REGULAR,WEBHANNET GOLF CLUB,York,0,43.3497113,-70.499594
26162,EL RAYO TAQUERIA,2,2,2022-10-13,2023-07-11,MUN - EATING PLACE,No,26 FREE ST,PORTLAND,ME,4401,207-780-8226,REGULAR,SOL FOOD GROUP LLC,Cumberland,0.1081081081,43.6566043,-70.257778
26162,EL RAYO TAQUERIA,2,1,2019-06-28,2020-07-11,MUN - EATING PLACE,No,26 FREE ST,PORTLAND,ME,4401,207-780-8226,REGULAR,SOL FOOD GROUP LLC,Cumberland,0.09459459459,43.6566043,-70.257778
26162,EL RAYO TAQUERIA,0,4,2021-08-16,2022-07-11,MUN - EATING PLACE,No,26 FREE ST,PORTLAND,ME,4401,207-780-8226,REGULAR,SOL FOOD GROUP LLC,Cumberland,0.05405405405,43.6566043,-70.257778
26162,SOL FOOD GROUP LLC,0,3,2018-12-17,2019-07-11,MUN - EATING PLACE,No,26 FREE ST,PORTLAND,ME,4401,207-780-8226,REGULAR,SOL FOOD GROUP LLC,Cumberland,0.04054054054,43.6566043,-70.257778
26162,EL RAYO TAQUERIA,0,3,2019-12-11,2020-07-11,MUN - EATING PLACE,No,26 FREE ST,PORTLAND,ME,4401,207-780-8226,REGULAR,SOL FOOD GROUP LLC,Cumberland,0.04054054054,43.6566043,-70.257778
26162,EL RAYO TAQUERIA,0,3,2024-08-28,2025-07-11,MUN - EATING PLACE,No,26 FREE ST,PORTLAND,ME,4401,207-780-8226,REGULAR,SOL FOOD GROUP LLC,Cumberland,0.04054054054,43.6566043,-70.257778
26162,EL RAYO TAQUERIA,0,2,2023-04-05,2023-07-11,MUN - EATING PLACE,No,26 FREE ST,PORTLAND,ME,4401,207-780-8226,REGULAR,SOL FOOD GROUP LLC,Cumberland,0.02702702703,43.6566043,-70.257778
26162,EL RAYO TAQUERIA,0,1,2018-06-04,2018-07-11,MUN - EATING PLACE,No,26 FREE ST,PORTLAND,ME,4401,207-780-8226,REGULAR,SOL FOOD GROUP LLC,Cumberland,0.01351351351,43.6566043,-70.257778
26159,SODEXO @ USM - GORHAM - BAILEY HALL,0,0,2018-05-01,2018-08-26,EATING PLACE TIER 1,No,37 GORHAM AVE,GORHAM,ME,4038,207-649-7810,REGULAR,SODEXO AMERICA LLC,Cumberland,0,43.6814689,-70.448941
26159,SODEXO @ USM - GORHAM - BAILEY HALL,0,0,2023-11-28,2024-08-26,EATING PLACE TIER 1,No,37 GORHAM AVE,GORHAM,ME,4038,207-649-7810,REGULAR,"LLC, SODEXO AMERICA",Cumberland,0,43.6814689,-70.448941
26158,SMOKIN PHILS BELLY BUSTIN BBQ,0,0,2018-05-19,2019-06-27,EATING PLACE - MOBILE,No,27 BONIN RD,MONMOUTH,ME,4259,207-242-8797,REGULAR,SMOKIN PHILS BELLY BUSTIN BBQ LLC,Kennebec,0,44.1863297,-69.9978807
26158,SMOKIN PHILS BELLY BUSTIN BBQ,0,0,2019-06-01,2019-06-27,EATING PLACE - MOBILE,No,27 BONIN RD,MONMOUTH,ME,4259,207-242-8797,REGULAR,SMOKIN PHILS BELLY BUSTIN BBQ LLC,Kennebec,0,44.1863297,-69.9978807
26158,SMOKIN PHILS BELLY BUSTIN BBQ,0,0,2022-09-02,2023-06-27,EATING PLACE - MOBILE,No,27 BONIN RD,MONMOUTH,ME,4259,207-242-8797,REGULAR,SMOKIN PHILS BELLY BUSTIN BBQ LLC,Kennebec,0,44.1863297,-69.9978807
26156,SODEXO @ USM - LUTHER BONNEY CAFE,1,0,2024-04-23,2024-07-01,MUN - EATING PLACE,No,96 FALMOUTH ST,PORTLAND,ME,4101,207-649-7810,REGULAR,"LLC, SODEXO AMERICA",Cumberland,0.04054054054,43.6624827,-70.2759264
26156,SODEXO @ USM - LUTHER BONNEY CAFE,1,0,2025-03-06,2025-07-01,MUN - EATING PLACE,No,96 FALMOUTH ST,PORTLAND,ME,4101,207-649-7810,REGULAR,SODEXO AMERICA LLC,Cumberland,0.04054054054,43.6624827,-70.2759264
26156,SODEXO @ USM - LUTHER BONNEY CAFE,0,1,2018-01-23,2018-07-01,MUN - EATING PLACE,No,96 FALMOUTH ST,PORTLAND,ME,4101,207-649-7810,REGULAR,SODEXO AMERICA LLC,Cumberland,0.01351351351,43.6624827,-70.2759264
26156,SODEXO @ USM - LUTHER BONNEY CAFE,0,0,2019-01-31,2019-07-01,MUN - EATING PLACE,No,96 FALMOUTH ST,PORTLAND,ME,4101,207-649-7810,REGULAR,SODEXO AMERICA LLC,Cumberland,0,43.6624827,-70.2759264
26156,SODEXO @ USM - LUTHER BONNEY CAFE,0,0,2020-01-08,2020-07-01,MUN - EATING PLACE,No,96 FALMOUTH ST,PORTLAND,ME,4101,207-649-7810,REGULAR,SODEXO AMERICA LLC,Cumberland,0,43.6624827,-70.2759264
26156,SODEXO @ USM - LUTHER BONNEY CAFE,0,0,2022-02-24,2022-07-01,MUN - EATING PLACE,No,96 FALMOUTH ST,PORTLAND,ME,4101,207-649-7810,REGULAR,SODEXO AMERICA LLC,Cumberland,0,43.6624827,-70.2759264
26156,SODEXO @ USM - LUTHER BONNEY CAFE,0,0,2023-04-12,2023-07-01,MUN - EATING PLACE,No,96 FALMOUTH ST,PORTLAND,ME,4101,207-649-7810,REGULAR,SODEXO AMERICA LLC,Cumberland,0,43.6624827,-70.2759264
26154,LIE-NIELSEN TOOLWORKS,0,0,2018-07-13,2018-07-14,EATING PLACE - TEMPORARY 1-4 DAYS,No,264 STIRLING RD,WARREN,ME,4864,800-327-2520,REGULAR,"NIELSEN-LIE, THOMAS",Kennebec,0,44.1198425,-69.2828119
26152,The Rusty Crab,1,1,2021-07-17,2017-07-08,EATING PLACE - MOBILE,No,Ridge Road,Mars Hill,ME,4740,207-488-2350,NEWOWNER,Rusty Johnston,Aroostook,0.05405405405,46.5691546,-67.787531
26152,THE RUSTY CRAB,0,2,2022-07-15,2022-07-09,EATING PLACE - MOBILE,No,84 BENJAMIN ST,MARS HILL,ME,4758,207-540-4343,REGULAR,"JOHNSTON, RUSTY",Aroostook,0.02702702703,46.5220223,-67.8740729
26152,The Rusty Crab,0,0,2021-07-08,2017-07-08,EATING PLACE - MOBILE,No,490 East Ridge Road,Mars Hill,ME,4758,207-540-4343,NEWOWNER,Rusty Johnston,Aroostook,0,46.5690612,-67.8082992
26146,TIQA CAFE & BAKERY,3,3,2018-06-15,2019-06-17,MUN - EATING PLACE,No,356 STATE ST,PORTLAND,ME,4101,207-808-8840,REGULAR,TIQA CAFE,Cumberland,0.1621621622,43.6594961,-70.2695847
26146,TIQA CAFE & BAKERY,0,2,2019-08-03,2020-06-17,MUN - EATING PLACE,No,356 STATE ST,PORTLAND,ME,4101,207-808-8840,REGULAR,TIQA CAFE,Cumberland,0.02702702703,43.6594961,-70.2695847
26139,CODS HEAD FISH HOUSE,2,3,2018-08-02,2019-06-13,EATING AND LODGING,No,63 ATLANTIC AVE,BOOTHBAY HARBOR,ME,4538,207-315-6369,REGULAR,BISTRO INC,Lincoln,0.1216216216,43.8480014,-69.6239861
26135,SODEXO @ UMPI - PRESQUE ISLE- OWLS NEST,3,7,2022-11-10,2023-09-06,EATING PLACE TIER 2,No,181 MAIN ST,PRESQUE ISLE,ME,4769,207-764-9774,REGULAR,SODEXO AMERICA LLC,Androscoggin,0.2162162162,46.6688605,-68.0179082
26135,SODEXO @ UMPI - PRESQUE ISLE- OWLS NEST,3,2,2025-02-18,2025-09-06,EATING PLACE TIER 2,No,181 MAIN ST,PRESQUE ISLE,ME,4769,207-764-9774,REGULAR,SODEXO AMERICA LLC,Androscoggin,0.1486486486,46.6688605,-68.0179082
26135,SODEXO @ UMPI - PRESQUE ISLE- OWLS NEST,0,3,2019-03-13,2019-09-06,EATING PLACE TIER 2,No,181 MAIN ST,PRESQUE ISLE,ME,4769,207-764-9774,REGULAR,SODEXO AMERICA LLC,Androscoggin,0.04054054054,46.6688605,-68.0179082
26130,ROUND POND COFFEE,2,7,2019-06-19,2020-06-24,EATING PLACE TIER 1,No,1440 RTE 32,ROUND POND,ME,4564,207-350-6244,REGULAR,ROUND POUND COFFEE LLC,Lincoln,0.1756756757,43.947806,-69.460836
26130,ROUND POND COFFEE,0,0,2023-11-08,2024-06-24,EATING PLACE TIER 1,No,1440 RTE 32,ROUND POND,ME,4564,207-350-6244,REGULAR,ROUND POUND COFFEE LLC,Lincoln,0,43.947806,-69.460836
26123,THE HIGHROLLER LOBSTER / LOW STAKES LODGE,3,3,2025-05-12,2025-11-22,MUN - EATING PLACE,No,104 EXCHANGE ST,PORTLAND,ME,4101,207-423-3622,REGULAR,HIGHROLLER LOBSTER LLC,Cumberland,0.1621621622,43.6582858,-70.2558935
26123,THE HIGHROLLER LOBSTER CO,3,1,2019-02-14,2019-11-22,MUN - EATING PLACE,No,104 EXCHANGE ST,PORTLAND,ME,4101,207-712-7553,REGULAR,HIGHROLLER LOBSTER LLC,Cumberland,0.1351351351,43.6582858,-70.2558935
26123,THE HIGHROLLER LOBSTER CO,2,2,2018-08-24,2018-11-22,MUN - EATING PLACE,No,104 EXCHANGE ST,PORTLAND,ME,4101,207-712-7553,REGULAR,HIGHROLLER LOBSTER LLC,Cumberland,0.1081081081,43.6582858,-70.2558935
26123,THE HIGHROLLER LOBSTER CO,2,1,2023-03-30,2023-11-22,MUN - EATING PLACE,No,104 EXCHANGE ST,PORTLAND,ME,4101,207-712-7553,REGULAR,HIGHROLLER LOBSTER LLC,Cumberland,0.09459459459,43.6582858,-70.2558935
26123,THE HIGHROLLER LOBSTER CO,1,2,2018-01-17,2018-11-22,MUN - EATING PLACE,No,104 EXCHANGE ST,PORTLAND,ME,4101,207-712-7553,REGULAR,HIGHROLLER LOBSTER LLC,Cumberland,0.06756756757,43.6582858,-70.2558935
26123,THE HIGHROLLER LOBSTER CO,1,2,2019-08-28,2019-11-22,MUN - EATING PLACE,No,104 EXCHANGE ST,PORTLAND,ME,4101,207-712-7553,REGULAR,HIGHROLLER LOBSTER LLC,Cumberland,0.06756756757,43.6582858,-70.2558935
26123,THE HIGHROLLER LOBSTER CO,0,5,2024-03-27,2024-11-22,MUN - EATING PLACE,No,104 EXCHANGE ST,PORTLAND,ME,4101,207-712-7553,REGULAR,HIGHROLLER LOBSTER LLC,Cumberland,0.06756756757,43.6582858,-70.2558935
26123,THE HIGHROLLER LOBSTER CO,1,1,2020-02-19,2020-11-22,MUN - EATING PLACE,No,104 EXCHANGE ST,PORTLAND,ME,4101,207-712-7553,REGULAR,HIGHROLLER LOBSTER LLC,Cumberland,0.05405405405,43.6582858,-70.2558935
26123,THE HIGHROLLER LOBSTER CO,0,2,2022-02-22,2022-11-22,MUN - EATING PLACE,No,104 EXCHANGE ST,PORTLAND,ME,4101,207-712-7553,REGULAR,HIGHROLLER LOBSTER LLC,Cumberland,0.02702702703,43.6582858,-70.2558935
26121,BUMPAS LUNCH,0,0,2018-10-13,2019-05-12,EATING PLACE - MOBILE,No,159 ALBION RD,WINDHAM,ME,4262,207-450-8112,REGULAR,"WARCHOL, PHYLLIS & DAVID",Cumberland,0,43.7903288,-70.371435
26117,EL CAMINO FRESH MEXICAN GRILL,3,2,2019-09-24,2020-06-09,EATING PLACE - MOBILE,No,80 MCLUCAS RD,WATERBORO,ME,4030,207-459-4318,REGULAR,EL CAMINO FRESH MEXICAN GRILL,York,0.1486486486,43.5900335,-70.7169528
26117,EL CAMINO FRESH MEXICAN GRILL,2,1,2018-09-24,2019-06-09,EATING PLACE - MOBILE,No,80 MCLUCAS RD,WATERBORO,ME,4030,207-459-4318,REGULAR,EL CAMINO FRESH MEXICAN GRILL,York,0.09459459459,43.5900335,-70.7169528
26117,EL CAMINO FRESH MEXICAN GRILL,0,2,2019-08-22,2020-06-09,EATING PLACE - MOBILE,No,80 MCLUCAS RD,WATERBORO,ME,4030,207-459-4318,REGULAR,EL CAMINO FRESH MEXICAN GRILL,York,0.02702702703,43.5900335,-70.7169528
26106,SODEXO @ UMF SNACK BAR,0,1,2019-01-23,2019-07-01,EATING PLACE TIER 3,No,111 SOUTH ST,FARMINGTON,ME,4938,207-649-7810,REGULAR,SODEXO AMERICA LLC,Franklin,0.01351351351,44.666977,-70.1471411
26106,SODEXO @ UMF SNACK BAR,0,1,2023-10-03,2024-07-01,EATING PLACE TIER 3,No,111 SOUTH ST,FARMINGTON,ME,4938,207-649-7810,REGULAR,"LLC, SODEXO AMERICA",Franklin,0.01351351351,44.666977,-70.1471411
26100,MILLYS SKILLET SEASIDE KITCHEN,4,5,2021-08-02,2021-08-28,MUN - EATING PLACE - MOBILE,Yes,3 WELCH ST,PEAKS ISLAND,ME,4801,207-340-0026,REGULAR,MILLYS SKILLET LLC,Cumberland,0.2297297297,43.6556277,-70.1987298
26100,MILLYS SKILLET,3,5,2019-08-15,2018-06-28,MUN - EATING PLACE - MOBILE,No,1 WELCH ST,PEAKS ISLAND,ME,4801,207-340-0026,REGULAR,,Cumberland,0.1891891892,43.6555725,-70.1993418
26100,MILLYS SKILLET,2,5,2018-08-06,2018-06-28,MUN - EATING PLACE - MOBILE,No,1 WELCH ST,PEAKS ISLAND,ME,4801,207-340-0026,REGULAR,MILLYS SKILLET LLC,Cumberland,0.1486486486,43.6555725,-70.1993418
26088,MAINELY PIG ROAST,1,1,2018-08-01,2019-06-01,EATING PLACE - MOBILE,No,25 ANNE TER,WESTBROOK,ME,4092,207-485-2673,REGULAR,MAINELY PIG ROAST,Cumberland,0.05405405405,43.6753859,-70.3830305
26088,MAINELY PIG ROAST,0,2,2024-09-18,2025-06-01,EATING PLACE - MOBILE,No,25 ANNE TER,WESTBROOK,ME,4092,207-485-2673,REGULAR,MAINELY PIG ROAST,Cumberland,0.02702702703,43.6753859,-70.3830305
26086,AMORE BREAKFAST,0,0,2018-03-26,2018-06-15,EATING PLACE TIER 3,No,87 MAIN ST,OGUNQUIT,ME,3907,207-646-6667,NEWOWNER,Leanne Cusimano,York,0,43.2436634,-70.6022246
26079,GRIFFINS FOOD FOR THE SOUL,0,2,2023-11-08,2024-10-03,EATING PLACE - TAKEOUT,No,472 ELM ST,BIDDEFORD,ME,4005,207-602-6012,REGULAR,GRIFFINS RESTAURANT GROUP,York,0.02702702703,43.4779715,-70.4770225
26079,DOCKS BOATHOUSE,0,1,2018-10-24,2019-06-03,EATING PLACE TIER 2,No,472 ELM ST,BIDDEFORD,ME,4005,207-286-1600,REGULAR,P & B LLC,York,0.01351351351,43.4779715,-70.4770225
26073,HOMEWOOD SUITES BY HILTON,2,2,2020-09-25,2021-08-12,EATING AND LODGING,No,377 WESTERN AVE,AUGUSTA,ME,4330,207-480-2050,REGULAR,AUGUSTRES LLC,Kennebec,0.1081081081,44.311757,-69.7870964
26073,HOMEWOOD SUITES BY HILTON,1,2,2018-09-12,2019-08-12,EATING AND LODGING,No,377 WESTERN AVE,AUGUSTA,ME,4330,207-480-2050,REGULAR,AUGUSTRES LLC,Kennebec,0.06756756757,44.311757,-69.7870964
26073,HOMEWOOD SUITES BY HILTON,0,2,2024-02-07,2024-08-12,EATING AND LODGING,No,377 WESTERN AVE,AUGUSTA,ME,4330,207-480-2050,REGULAR,AUGUSTRES LLC,Kennebec,0.02702702703,44.311757,-69.7870964
26073,HOMEWOOD SUITES BY HILTON,0,1,2018-09-12,2019-08-12,EATING AND LODGING,No,377 WESTERN AVE,AUGUSTA,ME,4330,207-480-2050,REGULAR,AUGUSTRES LLC,Kennebec,0.01351351351,44.311757,-69.7870964
26073,HOMEWOOD SUITES BY HILTON,0,1,2018-09-12,2019-08-12,EATING AND LODGING,No,377 WESTERN AVE,AUGUSTA,ME,4330,207-480-2050,REGULAR,AUGUSTRES LLC,Kennebec,0.01351351351,44.311757,-69.7870964
26073,HOMEWOOD SUITES BY HILTON,0,0,2021-01-13,2021-08-12,EATING AND LODGING,No,377 WESTERN AVE,AUGUSTA,ME,4330,207-480-2050,REGULAR,AUGUSTRES LLC,Kennebec,0,44.311757,-69.7870964
26073,HOMEWOOD SUITES BY HILTON,0,0,2024-09-23,2025-08-12,EATING AND LODGING,No,377 WESTERN AVE,AUGUSTA,ME,4330,207-480-2050,REGULAR,AUGUSTRES LLC,Kennebec,0,44.311757,-69.7870964
26066,DELILAHS ICE CREAM SHOPPE,0,3,2018-07-27,2018-08-01,EATING PLACE - MOBILE,No,99 MAIN ST,PRINCETON,ME,4668,207-796-2314,REGULAR,DELILAHS ICE CREAM SHOPPE,Washington,0.04054054054,45.2216038,-67.5684751
26064,EL GRAND RODEO,1,3,2019-06-01,2020-01-29,MUN - EATING PLACE - MOBILE,No,147 WESTERN AVE,SOUTH PORTLAND,ME,4106,207-773-8851,REGULAR,EL GRAND RODEO,Cumberland,0.08108108108,43.6356685,-70.319515
26064,EL GRAND RODEO,0,1,2018-06-10,2019-01-29,MUN - EATING PLACE - MOBILE,No,147 WESTERN AVE,SOUTH PORTLAND,ME,4106,207-773-8851,REGULAR,EL GRAND RODEO,Cumberland,0.01351351351,43.6356685,-70.319515
26063,SOPHEM CORP CATERING,0,2,2019-03-13,2019-04-20,CATERING,No,457 MAIN ST,SPRINGVALE,ME,4083,207-636-2530,REGULAR,SOPHEM,York,0.02702702703,43.4660666,-70.7978948
26062,AROMA JOES,1,4,2024-04-30,2024-05-27,EATING PLACE TIER 1,No,6 BROWN ST,GRAY,ME,4039,207-432-7080,REGULAR,GILLIES BREWING LLC,Cumberland,0.09459459459,43.8859671,-70.330033
26062,AROMA JOES,0,2,2022-06-27,2023-05-27,EATING PLACE TIER 1,No,6 BROWN ST,GRAY,ME,4039,207-432-7080,REGULAR,GILLIES BREWING LLC,Cumberland,0.02702702703,43.8859671,-70.330033
26062,AROMA JOES,0,1,2018-12-11,2019-05-27,EATING PLACE TIER 1,No,6 BROWN ST,GRAY,ME,4039,203-451-4977,REGULAR,GILLIES BREWING LLC,Cumberland,0.01351351351,43.8859671,-70.330033
26060,ROADSIDE BBQ,1,2,2023-07-07,2024-06-15,EATING AND CATERING,No,73 LISBON ST,LISBON,ME,4250,207-841-1512,REGULAR,ROAD SIDE BBQ,Androscoggin,0.06756756757,44.0472584,-70.1186346
26060,ROADSIDE BBQ,1,1,2024-07-12,2025-06-15,EATING AND CATERING,No,73 LISBON ST,LISBON,ME,4250,207-841-1512,REGULAR,ROAD SIDE BBQ,Androscoggin,0.05405405405,44.0472584,-70.1186346
26060,ROADSIDE BBQ,0,0,2021-05-04,2021-06-15,EATING AND CATERING,No,73 LISBON ST,LISBON,ME,4250,207-841-1512,REGULAR,ROAD SIDE BBQ,Androscoggin,0,44.0472584,-70.1186346
26059,FORAGE MARKET,4,7,2018-12-12,2019-05-17,MUN - EATING PLACE,Yes,180 LISBON ST,LEWISTON,ME,4240,207-333-6840,REGULAR,FORAGE MARKET INC,Androscoggin,0.2567567568,44.0958676,-70.2164268
26059,FORAGE MARKET,4,6,2018-12-28,2019-05-17,MUN - EATING PLACE,Yes,180 LISBON ST,LEWISTON,ME,4240,207-333-6840,FOLLOW_UP_FULL,FORAGE MARKET INC,Androscoggin,0.2432432432,44.0958676,-70.2164268
26059,FORAGE MARKET,4,5,2023-07-20,2024-05-17,MUN - EATING PLACE,Yes,180 LISBON ST,LEWISTON,ME,4240,207-333-6840,REGULAR,FORAGE MARKET INC,Androscoggin,0.2297297297,44.0958676,-70.2164268
26059,FORAGE MARKET,3,3,2021-08-26,2022-05-17,MUN - EATING PLACE,No,180 LISBON ST,LEWISTON,ME,4240,207-333-6840,REGULAR,FORAGE MARKET INC,Androscoggin,0.1621621622,44.0958676,-70.2164268
26059,FORAGE MARKET,2,4,2019-01-31,2019-05-17,MUN - EATING PLACE,No,180 LISBON ST,LEWISTON,ME,4240,207-333-6840,FOLLOW_UP_FULL,FORAGE MARKET INC,Androscoggin,0.1351351351,44.0958676,-70.2164268
26059,FORAGE MARKET,1,4,2023-08-04,2024-05-17,MUN - EATING PLACE,No,180 LISBON ST,LEWISTON,ME,4240,207-333-6840,FOLLOW_UP_FULL,FORAGE MARKET INC,Androscoggin,0.09459459459,44.0958676,-70.2164268
26057,BALD MOUNTAIN CAMPS,1,0,2022-06-03,2023-05-24,CATERING,No,125 BALD MTN RD,RANGELEY,ME,4967,207-864-3671,REGULAR,PHILBRICK ENTERPRISE INC,Franklin,0.04054054054,44.954764,-70.7925357
26051,VINEGAR HILL MUSIC THEATRE,0,1,2024-09-28,2024-12-02,EATING PLACE - LIMITED MENU,No,53 OLD POST RD,ARUNDEL,ME,4046,617-480-1554,REGULAR,VINEGAR HILL LLC,York,0.01351351351,43.4054077,-70.5205452
26050,THE PROPER PIG,0,6,2023-12-28,2024-06-07,EATING AND CATERING,No,14 COMMON ST,WATERVILLE,ME,4901,207-692-3141,REGULAR,F & B LLC,Kennebec,0.08108108108,44.5491842,-69.6289133
26050,THE PROPER PIG,0,3,2019-07-30,2019-06-07,EATING PLACE TIER 3,No,14 COMMON ST,WATERVILLE,ME,4901,207-692-3141,REGULAR,F & B LLC,Kennebec,0.04054054054,44.5491842,-69.6289133
26048,RWANDA BEAN COMPANY,1,4,2022-02-14,2023-01-06,MUN - EATING PLACE,No,4 THOMPSONS PT,PORTLAND,ME,4102,207-651-0150,REGULAR,RWANDA BEAN COMPANY LLC,Cumberland,0.09459459459,43.6515769,-70.2905341
26048,RWANDA BEAN COMPANY,0,2,2023-01-31,2024-01-06,MUN - EATING PLACE,No,4 THOMPSONS PT,PORTLAND,ME,4102,207-651-0150,REGULAR,RWANDA BEAN COMPANY LLC,Cumberland,0.02702702703,43.6515769,-70.2905341
26048,CELLAR DOOR WINERY,0,0,2018-11-21,2019-05-19,MUN - EATING PLACE,No,4 THOMPSONS PT,PORTLAND,ME,4102,207-763-4478,REGULAR,CELLAR DOOR WINERY INC,Cumberland,0,43.6515769,-70.2905341
26045,BLAKE ORCHARD,2,2,2019-08-28,2020-06-19,MUN - EATING PLACE,No,19 EXCHANGE ST,PORTLAND,ME,4101,207-536-7980,REGULAR,BLAKE ORCHARD LLC,Cumberland,0.1081081081,43.6569307,-70.2536005
26045,BLAKE ORCHARD,1,1,2018-08-16,2019-06-10,MUN - EATING PLACE,No,19 EXCHANGE ST,PORTLAND,ME,4101,413-433-6061,REGULAR,BLAKE ORCHARD,Cumberland,0.05405405405,43.6569307,-70.2536005
26045,BUZZ COFFEE,0,1,2023-03-09,2023-12-22,MUN - EATING PLACE TAKEOUT,No,19 EXCHANGE ST,PORTLAND,ME,4101,443-912-9705,REGULAR,BUZZ COFFEE LLC,Cumberland,0.01351351351,43.6569307,-70.2536005
26045,BUZZ COFFEE,0,0,2022-03-02,2022-12-22,MUN - EATING PLACE TAKEOUT,No,19 EXCHANGE ST,PORTLAND,ME,4101,443-912-9705,REGULAR,BUZZ COFFEE LLC,Cumberland,0,43.6569307,-70.2536005
26045,BUZZ COFFEE,0,0,2024-06-03,2019-06-10,MUN - EATING PLACE TAKEOUT,No,19 EXCHANGE ST,PORTLAND,ME,4101,617-620-3255,NEWOWNER,"HENRYJAMES, LLC",Cumberland,0,43.6569307,-70.2536005
26044,DOMINOS PIZZA,2,0,2018-06-11,2018-07-05,EATING PLACE TIER 2,No,8 SCHOOL ST,FREEPORT,ME,4032,207-869-6000,REGULAR,HF ENTERPRISES INC,Cumberland,0.08108108108,43.8582332,-70.1016863
26044,DOMINOS PIZZA,2,0,2023-03-28,2023-07-05,EATING PLACE TIER 2,No,8 SCHOOL ST,FREEPORT,ME,4032,207-869-6000,REGULAR,HF ENTERPRISES INC,Cumberland,0.08108108108,43.8582332,-70.1016863
26043,FIRST BAPTIST CHURCH,0,0,2024-10-23,2025-05-02,EATING PLACE - MOBILE,No,47 CHURCH ST,GARDINER,ME,4345,207-582-4747,REGULAR,FIRST BAPTIST CHURCH,Kennebec,0,44.2286234,-69.7737133
26043,FIRST BAPTIST CHURCH,0,0,2024-10-23,2025-05-02,EATING PLACE - MOBILE,No,47 CHURCH ST,GARDINER,ME,4345,207-582-4747,REGULAR,FIRST BAPTIST CHURCH,Kennebec,0,44.2286234,-69.7737133
26040,WALKERS PUB,3,2,2018-05-23,2019-05-13,EATING PLACE TIER 2,No,258 W MAIN ST,FORT KENT,ME,4743,207-745-6016,REGULAR,WALKERS PUB LLC,Aroostook,0.1486486486,47.2492011,-68.6001004
26040,47 NORTH,0,4,2022-08-30,2022-05-13,EATING PLACE TIER 2,No,258 W MAIN ST,FORT KENT,ME,4743,207-670-8816,NEWOWNER,HELAIRE CATERING LLC,Aroostook,0.05405405405,47.2492011,-68.6001004
26037,BITE THIS,0,3,2024-09-04,2025-06-02,EATING PLACE - MOBILE,No,27 REACH RD,PRESQUE ISLE,ME,4769,207-768-1577,NEWOWNER,"GUERRETTE, SANDRA & RICKIE",Aroostook,0.04054054054,46.7025421,-68.0017398
26037,BITE THIS,0,2,2021-09-21,2022-06-02,EATING PLACE - MOBILE,No,27 REACH RD,PRESQUE ISLE,ME,4769,207-768-1577,REGULAR,"GUERRETTE, SANDRA & RICKIE",Aroostook,0.02702702703,46.7025421,-68.0017398
26031,FLYING FOX JUICE BAR,1,0,2019-08-02,2020-06-01,MUN - EATING PLACE,No,98 WASHINGTON AVE,PORTLAND,ME,4101,860-670-9895,REGULAR,FLYING FOX JUICE BAR LLC,Cumberland,0.04054054054,43.6665586,-70.2529451
26031,FLYING FOX JUICE BAR,0,2,2018-08-14,2019-06-01,MUN - EATING PLACE,No,98 WASHINGTON AVE,PORTLAND,ME,4101,860-670-9895,REGULAR,FLYING FOX JUICE BAR LLC,Cumberland,0.02702702703,43.6665586,-70.2529451
26019,SOAP BAR,0,1,2019-05-22,2019-06-20,MUN - EATING PLACE,No,33 A ST,SOUTH PORTLAND,ME,4106,973-820-3573,REGULAR,FOULMOUTHED BREWING LLC,Cumberland,0.01351351351,43.6404767,-70.2547585
26019,SOAP BAR,0,1,2022-11-18,2023-06-20,MUN - EATING PLACE,No,33 A ST,SOUTH PORTLAND,ME,4106,973-820-3573,REGULAR,FOULMOUTHED BREWING LLC,Cumberland,0.01351351351,43.6404767,-70.2547585
26017,UNCLE KIPPYS KORNER,0,1,2018-11-29,2019-06-29,EATING PLACE TIER 1,No,96 MAIN ST,LUBEC,ME,4652,207-733-2400,REGULAR,"OLSON, GEORGE & SONIA",Washington,0.01351351351,44.8499407,-66.9969915
26015,MANE CATERING & EVENT SERVICES,1,0,2019-04-09,2019-06-15,CATERING,No,65 LEWISTON RD,GRAY,ME,4039,207-228-5466,REGULAR,MANE CATERING & EVENT SERVICES LLC,Cumberland,0.04054054054,43.9003651,-70.3269411
26011,TWIST N DIP,0,0,2019-07-25,2017-03-22,EATING PLACE - MOBILE,No,107 PLEASANT ST,BRUNSWICK,ME,4011,207-751-0518,REGULAR,"GOAN,TERRY A",Cumberland,0,43.9124231,-69.9794709
26008,MR SWEET TOOTH,0,0,2018-10-15,2019-04-25,EATING PLACE TIER 1,No,2512 MAIN ST,RANGELEY,ME,4970,207-864-2335,REGULAR,JANNACE ENT INC,Franklin,0,44.9653105,-70.643465
26004,DUNKIN DONUTS,1,1,2023-01-10,2023-08-02,EATING PLACE TIER 1,No,580 ALFRED ST,BIDDEFORD,ME,4005,207-229-8600,NEWOWNER,ORACLE MANAGEMENT XV INC,York,0.05405405405,43.4758487,-70.5115767
26004,DUNKIN DONUTS,0,3,2021-11-03,2022-08-02,EATING PLACE TIER 1,No,580 ALFRED ST,BIDDEFORD,ME,4005,207-229-8600,REGULAR,ORACLE MANAGEMENT XV INC,York,0.04054054054,43.4758487,-70.5115767
26004,DUNKIN DONUTS,0,3,2025-01-23,2025-08-02,EATING PLACE TIER 1,No,580 ALFRED ST,BIDDEFORD,ME,4005,207-229-8600,REGULAR,ORACLE MANAGEMENT XV INC,York,0.04054054054,43.4758487,-70.5115767
26004,DUNKIN DONUTS,0,1,2019-02-12,2019-08-02,EATING PLACE TIER 1,No,580 ALFRED ST,BIDDEFORD,ME,4005,207-229-8600,REGULAR,ORACLE MANAGEMENT XV INC,York,0.01351351351,43.4758487,-70.5115767
26000,QUE RICO,0,6,2022-01-19,2022-05-08,EATING PLACE TIER 1,No,115 MAIN ST,DAMARISCOTTA,ME,4543,207-210-2846,REGULAR,QUE RICO LLC,Lincoln,0.08108108108,44.03277,-69.5319116
26000,OSTERIA BUCCI,1,0,2019-01-16,2019-09-15,EATING PLACE TIER 1,No,115 MAIN ST,DAMARISCOTTA,ME,4543,207-592-3768,REGULAR,"DELISLE, BERNARD",Lincoln,0.04054054054,44.03277,-69.5319116
26000,QUE RICO,0,0,2019-05-08,2019-04-03,EATING PLACE TIER 1,No,115 MAIN ST,DAMARISCOTTA,ME,4543,207-210-2846,NEWOWNER,QUE RICO LLC,Lincoln,0,44.03277,-69.5319116
25999,FAHRENHEIT 225,0,1,2021-09-10,2022-05-06,EATING PLACE - MOBILE,No,183 WEBBER AVE,LEWISTON,ME,4240,207-577-7273,REGULAR,FAHRENHEIT 225 LLC,Androscoggin,0.01351351351,44.0829796,-70.1976905
25999,FAHRENHEIT 225,0,1,2023-04-13,2023-05-06,EATING PLACE - MOBILE,No,183 WEBBER AVE,LEWISTON,ME,4240,207-577-7273,REGULAR,FAHRENHEIT 225 LLC,Androscoggin,0.01351351351,44.0829796,-70.1976905
25999,FAHRENHEIT 225,0,0,2018-05-16,2019-05-06,EATING PLACE - MOBILE,No,183 WEBBER AVE,LEWISTON,ME,4240,207-577-7273,REGULAR,FAHRENHEIT 225 LLC,Androscoggin,0,44.0829796,-70.1976905
25999,FAHRENHEIT 225,0,0,2023-09-30,2024-05-06,EATING PLACE - MOBILE,No,183 WEBBER AVE,LEWISTON,ME,4240,207-577-7273,REGULAR,FAHRENHEIT 225 LLC,Androscoggin,0,44.0829796,-70.1976905
25993,THE BARN AT SMITH FARM,3,4,2021-05-20,2021-07-18,EATING PLACE TIER 2,No,226 GRAY RD,FALMOUTH,ME,4105,207-340-0026,REGULAR,MILLYS SKILLET LLC,Cumberland,0.1756756757,43.7551468,-70.3005816
25993,THE BARN AT SMITH FARM,2,0,2021-06-02,2021-07-18,EATING PLACE TIER 2,No,226 GRAY RD,FALMOUTH,ME,4105,207-340-0026,FOLLOW_UP_FULL,MILLYS SKILLET LLC,Cumberland,0.08108108108,43.7551468,-70.3005816
25993,THE BARN AT SMITH FARM,0,2,2024-05-15,2024-07-18,EATING PLACE TIER 2,No,226 GRAY RD,FALMOUTH,ME,4105,207-340-0026,REGULAR,MILLYS SKILLET LLC,Cumberland,0.02702702703,43.7551468,-70.3005816
25987,LAURIE WOODLEY,1,1,2019-02-14,2019-05-24,EATING AND CATERING,No,15 LEWISTON RD,GRAY,ME,4039,207-318-0819,REGULAR,"WOODLEY, LAURIE",Cumberland,0.05405405405,43.8915512,-70.328136
25982,SLATES RESTAURANT,2,7,2019-02-22,2019-05-06,EATING PLACE TIER 3,No,165 WATER ST,HALLOWELL,ME,4347,207-622-9575,REGULAR,SLATES INC,Kennebec,0.1756756757,44.2850175,-69.7905017
25982,SLATES RESTAURANT,2,6,2025-03-12,2025-05-06,EATING PLACE TIER 3,No,165 WATER ST,HALLOWELL,ME,4347,207-622-9575,REGULAR,SLATES INC,Kennebec,0.1621621622,44.2850175,-69.7905017
25981,NORTHEAST WHITEWATER,0,4,2025-04-15,2025-05-10,CATERING,No,155 GREENVILLE RD,SHIRLEY,ME,4485,207-695-0151,REGULAR,NORTHEAST GUIDE SERVICE LLC,Piscataquis,0.05405405405,45.3715079,-69.5938368
25973,112TH OPEN MESS,1,1,2019-08-07,2020-04-15,EATING PLACE - LIMITED MENU,No,1356 HAMMOND ST,BANGOR,ME,4401,207-279-0405,REGULAR,112TH OPEN MESS,Penobscot,0.05405405405,44.7905767,-68.8234297
25952,SEACOAST BROTHERS CAFE,1,5,2019-06-24,2020-05-16,EATING PLACE TIER 2,No,27 RAILROAD AVE,YORK,ME,3909,207-351-8748,REGULAR,SEACOST BROTHERS BUTCHER SHOP LLC,York,0.1081081081,43.1691741,-70.6150274
25951,TACO BELL #36230,0,2,2023-10-25,2024-06-27,EATING PLACE TIER 2,No,345 MAIN ST,WATERVILLE,ME,4901,423-587-0690,REGULAR,CHARTER FOODS NORTH LLC,Kennebec,0.02702702703,44.5681053,-69.6380703
25951,TACO BELL #36230,0,0,2019-07-29,2019-08-26,EATING PLACE TIER 2,No,345 MAIN ST,WATERVILLE,ME,4901,909-528-5406,REGULAR,CHARTER FOODS NORTH LLC,Kennebec,0,44.5681053,-69.6380703
25950,TWO MAINE GUYS,1,3,2019-05-01,2020-04-08,EATING PLACE - MOBILE,No,STATE ST,AUGUSTA,ME,4330,207-350-5231,REGULAR,"LEMAR, DEVAN",Kennebec,0.08108108108,44.3162633,-69.777014
25950,TWO MAINE GUYS,1,3,2019-06-14,2020-04-08,EATING PLACE - MOBILE,No,STATE ST,AUGUSTA,ME,4330,207-350-5231,REGULAR,"LEMAR, DEVAN",Kennebec,0.08108108108,44.3162633,-69.777014
25947,YMCA CAMP MUSCATAWA,0,0,2025-07-11,,,No,224 BROCK RD,LYMAN,ME,4002,207-324-4942,REGULAR,SANFORD-SPRINGVALE YMCA,York,0,43.5176492,-70.6980405
25946,NOVIOS,3,2,2024-06-21,2024-11-16,EATING PLACE TIER 2,No,130 HAMMOND ST,BANGOR,ME,4401,207-889-7404,REGULAR,CUTLER LLC,Penobscot,0.1486486486,44.8013125,-68.7737245
25945,LOGICAL SIP,1,1,2019-05-01,2020-04-09,EATING PLACE TIER 1,No,103 CENTER ST,BREWER,ME,4412,904-339-5744,NEWOWNER,LOGICAL SIP LLC;  LOGICAL SIP LLC,Penobscot,0.05405405405,44.7967527,-68.7625593
25945,LOGICAL SIP,0,2,2018-11-06,2019-04-15,EATING PLACE TIER 1,No,103 CENTER ST,BREWER,ME,4412,207-356-1360,REGULAR,LOGICAL SIP LLC,Penobscot,0.02702702703,44.7967527,-68.7625593
25945,Jersey's Subs and Sweets,0,0,2020-09-11,2021-04-09,EATING PLACE TIER 1,No,103 CENTER ST,BREWER,ME,4412,207-659-9476,NEWOWNER,Jason Coleman,Penobscot,0,44.7967527,-68.7625593
25939,THE PURPLE HOUSE,3,1,2018-10-11,2019-04-13,EATING PLACE TIER 1,No,378 WALNUT HILL RD,NORTH YARMOUTH,ME,4097,207-808-3148,REGULAR,BRESCA LLC,Cumberland,0.1351351351,43.8238287,-70.2467228
25939,THE PURPLE HOUSE,0,0,2024-04-03,2025-04-13,EATING PLACE TIER 1,No,378 WALNUT HILL RD,NORTH YARMOUTH,ME,4097,207-808-3148,REGULAR,BRESCA LLC,Cumberland,0,43.8238287,-70.2467228
25916,DUNKIN DONUTS,2,5,2025-06-23,2024-06-01,EATING PLACE - TAKEOUT,No,386 MAINE ST,POLAND,ME,4274,207-998-9353,REGULAR,ORACLE MANAGEMENT XXIII INC,Androscoggin,0.1486486486,44.0145494,-70.3623767
25916,DUNKIN DONUTS,1,1,2022-12-06,2023-06-01,EATING PLACE TIER 1,No,386 MAINE ST,POLAND,ME,4274,207-998-9353,NEWOWNER,ORACLE MANAGEMENT XXIII INC,Androscoggin,0.05405405405,44.0145494,-70.3623767
25908,SHORE PATH COTTAGE,0,0,2019-08-08,2020-05-06,BED AND BREAKFAST 6 ROOMS OR MORE,No,24 ATLANTIC AVE,BAR HARBOR,ME,4609,207-288-0643,REGULAR,"CHESTER, ROBERTA",Hancock,0,44.3875465,-68.2012425
25908,SHORE PATH COTTAGE,0,0,2019-08-08,2020-05-06,BED AND BREAKFAST 6 ROOMS OR MORE,No,24 ATLANTIC AVE,BAR HARBOR,ME,4609,207-288-0643,REGULAR,"CHESTER, ROBERTA",Hancock,0,44.3875465,-68.2012425
25906,MAINE STREET CREAMERY,6,6,2023-06-22,2023-05-03,EATING PLACE - TAKEOUT,Yes,187 MAIN ST,BRIDGTON,ME,4009,207-959-8058,NEWOWNER,"BALABANIS, CHERYL & ED",Cumberland,0.3243243243,44.0541636,-70.7062782
25904,MAINE MARITIME MUSEUM,2,1,2025-03-21,2025-06-20,EATING PLACE TIER 1,No,243 WASHINGTON ST,BATH,ME,4530,207-443-1316,REGULAR,MAINE MARITIME MUSEUM,Sagadahoc,0.09459459459,43.8938384,-69.8159294
25898,OLIVIAS CAFE,1,6,2021-11-09,2022-10-15,EATING PLACE TIER 1,No,6 E CHESTNUT ST,AUGUSTA,ME,4330,207-557-1516,REGULAR,"FOLSOM, MELINDA",Kennebec,0.1216216216,44.313043,-69.7663003
25898,OLIVIAS CAFE,2,3,2025-01-02,2025-10-15,EATING PLACE TIER 1,No,6 E CHESTNUT ST,AUGUSTA,ME,4330,207-557-1516,REGULAR,"FOLSOM, MELINDA",Kennebec,0.1216216216,44.313043,-69.7663003
25898,BALLARD CAFE,1,2,2019-01-07,2019-03-04,EATING PLACE TIER 1,No,69 CHESTNUT ST,AUGUSTA,ME,4330,207-441-6277,REGULAR,BALLARD CAFE,Kennebec,0.06756756757,44.3129804,-69.7652369
25898,OLIVIAS CAFE,0,0,2019-10-15,2019-03-04,EATING PLACE TIER 1,No,69 CHESTNUT ST,AUGUSTA,ME,4330,207-557-1516,NEWOWNER,"FOLSOM, MELINDA",Kennebec,0,44.3129804,-69.7652369
25895,MASONS BREWING COMPANY,5,5,2025-06-10,2026-04-29,EATING PLACE TIER 3,Yes,15 HARDY ST,BREWER,ME,4412,207-659-2300,REGULAR,MASONS BREWING COMPANY LLC,Penobscot,0.2702702703,44.7920944,-68.7693484
25895,MASONS BREWING COMPANY,2,8,2023-02-03,2023-04-29,EATING PLACE TIER 3,No,15 HARDY ST,BREWER,ME,4412,207-659-2300,REGULAR,MASONS BREWING COMPANY LLC,Penobscot,0.1891891892,44.7920944,-68.7693484
25895,MASONS BREWING COMPANY,1,3,2021-11-10,2022-04-29,EATING PLACE TIER 3,No,15 HARDY ST,BREWER,ME,4412,207-659-2300,REGULAR,MASONS BREWING COMPANY LLC,Penobscot,0.08108108108,44.7920944,-68.7693484
25895,MASONS BREWING COMPANY,1,3,2025-06-30,2026-04-29,EATING PLACE TIER 3,No,15 HARDY ST,BREWER,ME,4412,207-659-2300,FOLLOW_UP_FULL,MASONS BREWING COMPANY LLC,Penobscot,0.08108108108,44.7920944,-68.7693484
25895,MASONS BREWING COMPANY,0,3,2018-07-02,2019-04-29,EATING PLACE TIER 3,No,15 HARDY ST,BREWER,ME,4412,207-659-2300,REGULAR,MASONS BREWING COMPANY LLC,Penobscot,0.04054054054,44.7920944,-68.7693484
25895,MASONS BREWING COMPANY,0,3,2019-12-06,2020-04-29,EATING PLACE TIER 3,No,15 HARDY ST,BREWER,ME,4412,207-659-2300,REGULAR,MASONS BREWING COMPANY LLC,Penobscot,0.04054054054,44.7920944,-68.7693484
25894,KENTS HILL SCHOOL - BIBBY AND HAROLD ALFOND DINING,3,1,2019-03-25,2019-09-27,EATING - SCHOOL,No,1614 MAIN ST,KENTS HILL,ME,4349,207-685-4914,REGULAR,KENTS HILL SCHOOL,Kennebec,0.1351351351,44.401197,-70.0051137
25894,KENTS HILL SCHOOL - BIBBY AND HAROLD ALFOND DINING,2,2,2025-03-05,2025-09-27,EATING - SCHOOL,No,1614 MAIN ST,KENTS HILL,ME,4349,207-685-1626,REGULAR,KENTS HILL SCHOOL,Kennebec,0.1081081081,44.401197,-70.0051137
25894,KENTS HILL SCHOOL - BIBBY AND HAROLD ALFOND DINING,1,0,2023-03-02,2023-09-27,EATING - SCHOOL,No,1614 MAIN ST,KENTS HILL,ME,4349,207-685-1626,REGULAR,KENTS HILL SCHOOL,Kennebec,0.04054054054,44.401197,-70.0051137
25894,KENTS HILL SCHOOL - BIBBY AND HAROLD ALFOND DINING,0,2,2024-01-24,2024-09-27,EATING - SCHOOL,No,1614 MAIN ST,KENTS HILL,ME,4349,207-685-1626,REGULAR,KENTS HILL SCHOOL,Kennebec,0.02702702703,44.401197,-70.0051137
25894,KENTS HILL SCHOOL - BIBBY AND HAROLD ALFOND DINING,0,0,2020-03-11,2020-09-27,EATING - SCHOOL,No,1614 MAIN ST,KENTS HILL,ME,4349,207-685-1626,REGULAR,KENTS HILL SCHOOL,Kennebec,0,44.401197,-70.0051137
25893,SWEETCREAM DAIRY,0,3,2022-12-02,2023-08-16,EATING PLACE TIER 1,No,128 MAIN ST,BIDDEFORD,ME,4005,207-520-2386,REGULAR,SWEETCREAM LLC,York,0.04054054054,43.4929272,-70.4538635
25893,ENGINE,0,0,2018-11-09,2019-02-23,EATING PLACE TIER 1,No,128 MAIN ST,BIDDEFORD,ME,4005,207-370-9130,REGULAR,ENGINE INC,York,0,43.4929272,-70.4538635
25893,SWEETCREAM DAIRY,0,0,2024-12-20,2025-08-16,EATING PLACE TIER 1,No,128 MAIN ST,BIDDEFORD,ME,4005,207-520-2386,REGULAR,SWEETCREAM LLC,York,0,43.4929272,-70.4538635
25892,PUGNUTS,0,2,2020-02-20,2020-06-01,EATING AND CATERING,No,1276 SURRY RD,SURRY,ME,4684,207-412-0086,REGULAR,PUGNUTS,Hancock,0.02702702703,44.4952329,-68.5021505
25892,PUGNUTS,0,0,2025-07-25,2026-06-01,EATING AND CATERING,No,1276 SURRY RD,SURRY,ME,4684,207-412-0086,REGULAR,PUGNUTS,Hancock,0,44.4952329,-68.5021505
25891,HOMEPORT FAMILY RESTAURANT,2,1,2025-07-24,2026-03-01,EATING PLACE TIER 1,No,62 W MAIN ST,VINALHAVEN,ME,4863,207-863-2318,REGULAR,"ELICKER, JOSHUA A",Knox,0.09459459459,44.0473233,-68.8357257
25891,HOMEPORT FAMILY RESTAURANT,0,0,2019-07-23,2020-03-01,EATING PLACE TIER 1,No,62 W MAIN ST,VINALHAVEN,ME,4863,207-863-2318,REGULAR,"ELICKER, JOSHUA A",Knox,0,44.0473233,-68.8357257
25890,HEIDIS BROOKLYN DELI,1,2,2019-03-12,2019-03-23,MUN - EATING PLACE,No,415 PHILBROOK AVE S,SOUTH PORTLAND,ME,4106,207-773-4800,REGULAR,TRIMEN ENTERPRISES INC,Cumberland,0.06756756757,43.6339742,-70.3309122
25890,HEIDIS BROOKLYN DELI,0,4,2022-07-20,2023-03-23,MUN - EATING PLACE,No,415 PHILBROOK AVE S,SOUTH PORTLAND,ME,4106,207-773-4800,REGULAR,TRIMEN ENTERPRISES INC,Cumberland,0.05405405405,43.6339742,-70.3309122
25890,HEIDIS BROOKLYN DELI,0,1,2024-06-26,2025-03-23,MUN - EATING PLACE,No,415 PHILBROOK AVE S,SOUTH PORTLAND,ME,4106,207-773-4800,NEWOWNER,TRIMEN ENTERPRISES INC,Cumberland,0.01351351351,43.6339742,-70.3309122
25886,ELEVATION BURGER,1,4,2019-09-24,2020-03-21,EATING PLACE TIER 2,No,461 STILLWATER AVE,BANGOR,ME,4401,207-671-6420,REGULAR,BETTER BURGER BANGOR LLC,Penobscot,0.09459459459,44.825703,-68.7563717
25883,NORTHERN MAINE BREWING COMPANY,3,12,2022-07-08,2023-06-10,EATING AND CATERING,Yes,22 MAIN ST,CARIBOU,ME,4736,207-492-2185,FOLLOW_UP_FULL,NORTHERN MAINE BREWING COMPANY LLC,Aroostook,0.2837837838,46.8149791,-67.9985861
25883,NORTHERN MAINE BREWING COMPANY,2,6,2020-02-05,2020-06-10,EATING AND CATERING,No,22 MAIN ST,CARIBOU,ME,4736,207-551-9295,REGULAR,NORTHERN MAINE BREWING COMPANY LLC,Aroostook,0.1621621622,46.8149791,-67.9985861
25883,NORTHERN MAINE BREWING COMPANY,1,4,2022-07-28,2023-06-10,EATING AND CATERING,No,22 MAIN ST,CARIBOU,ME,4736,207-492-2185,FOLLOW_UP_FULL,NORTHERN MAINE BREWING COMPANY LLC,Aroostook,0.09459459459,46.8149791,-67.9985861
25881,RACK CITY,3,4,2019-08-07,2020-03-21,EATING PLACE TIER 3,No,1215 BROADWAY,BANGOR,ME,4401,207-735-4358,REGULAR,RACK CITY LLC,Penobscot,0.1756756757,44.8389567,-68.7935973
25881,RACK CITY,0,3,2022-04-13,2022-03-21,EATING PLACE TIER 3,No,1215 BROADWAY,BANGOR,ME,4401,207-573-1899,NEWOWNER,"BROADWAY BILLIARDS, LLC",Penobscot,0.04054054054,44.8389567,-68.7935973
25878,SALT PINE SOCIAL,2,1,2018-11-28,2019-09-27,EATING PLACE TIER 3,No,244 FRONT ST,BATH,ME,4011,207-442-8345,REGULAR,SALT PINE SOCIAL,Sagadahoc,0.09459459459,43.9168128,-69.8146363
25878,LINDEN AND FRONT,0,1,2024-01-31,2020-09-27,EATING PLACE TIER 3,No,244 FRONT ST,BATH,ME,4011,651-231-0630,NEWOWNER,SUNDRENCHED HOLDINGS LLC,Sagadahoc,0.01351351351,43.9168128,-69.8146363
25872,MONICAS MUNCHIES,1,1,2019-07-03,2020-01-22,EATING PLACE TIER 1,No,3 MAIN ST,ANSON,ME,4911,207-696-8829,REGULAR,"FRITH, MONICA",Somerset,0.05405405405,44.8015543,-69.8880296
25872,MONICAS MUNCHIES,1,1,2023-08-23,2024-02-13,EATING PLACE TIER 1,No,3 MAIN ST,ANSON,ME,4911,207-696-8829,REGULAR,"FRITH, MONICA",Somerset,0.05405405405,44.8015543,-69.8880296
25865,FIREHOUSE SUBS,1,0,2018-10-16,2019-07-11,EATING PLACE TIER 2,No,574 ALFRED ST,BIDDEFORD,ME,4005,803-466-6383,REGULAR,MMK FAMILY INVESTMENTS INC,York,0.04054054054,43.4762227,-70.5119924
25865,FIREHOUSE SUBS,0,2,2024-01-08,2024-07-11,EATING PLACE TIER 2,No,574 ALFRED ST,BIDDEFORD,ME,4005,803-466-6383,REGULAR,MMK FAMILY INVESTMENTS INC,York,0.02702702703,43.4762227,-70.5119924
25865,FIREHOUSE SUBS,0,1,2021-11-03,2022-07-11,EATING PLACE TIER 2,No,574 ALFRED ST,BIDDEFORD,ME,4005,803-466-6383,REGULAR,MMK FAMILY INVESTMENTS INC,York,0.01351351351,43.4762227,-70.5119924
25861,OAK & MAPLE CAFE,2,1,2018-03-19,2018-02-19,EATING AND CATERING,No,25 BURBANK AVE,BRUNSWICK,ME,4011,207-841-3416,NEWOWNER,NEW BEET MARKET,Cumberland,0.09459459459,43.8958338,-69.9247476
25855,DIRTY DOVE,2,2,2022-06-08,2022-12-07,MUN - EATING PLACE,No,229 CONGRESS ST,PORTLAND,ME,4101,207-807-3569,REGULAR,DIRTY DOVE LLC,Cumberland,0.1081081081,43.6631149,-70.2515757
25855,SIP OF EUROPE,0,0,2018-10-02,2019-05-12,MUN - EATING PLACE,No,229 CONGRESS ST,PORTLAND,ME,4101,207-590-6147,REGULAR,"STOLKNER, IULIIA",Cumberland,0,43.6631149,-70.2515757
25855,SIP OF EUROPE,0,0,2019-10-04,2020-05-12,MUN - EATING PLACE,No,229 CONGRESS ST,PORTLAND,ME,4101,207-590-6147,REGULAR,"STOLKNER, IULIIA",Cumberland,0,43.6631149,-70.2515757
25855,THE END,0,0,2023-11-08,2024-04-14,MUN - EATING PLACE,No,229 CONGRESS ST,PORTLAND,ME,4101,207-210-2415,REGULAR,YAM TAMBLIN LLC,Cumberland,0,43.6631149,-70.2515757
25855,THE END,0,1,2025-01-29,2025-03-14,MUN - EATING PLACE - LIMITED MENU,No,229 CONGRESS ST,PORTLAND,ME,4101,310-909-6867,REGULAR,ROCKET SKATES LLC,Cumberland,0.01351351351,43.6631149,-70.2515757
25855,THE END,0,0,2024-03-13,2025-03-14,MUN - EATING PLACE - LIMITED MENU,No,229 CONGRESS ST,PORTLAND,ME,4101,310-909-6867,NEWOWNER,ROCKET SKATES LLC,Cumberland,0,43.6631149,-70.2515757
25848,TAN TURTLE TAVERN,1,5,2019-10-01,2020-08-29,EATING PLACE TIER 3,No,10 HUNTINGTON RD,MOUNT DESERT,ME,33043,207-276-4000,REGULAR,MOFO LLC,Hancock,0.1081081081,44.2898345,-68.2832243
25848,THE NOREASTER POUND & MARKET,0,2,2020-07-07,2020-07-13,EATING PLACE TIER 3,No,10 HUNTINGTON RD,MOUNT DESERT,ME,33043,207-610-3760,REGULAR,NORTHEAST LOBSTER COMPANY LLC,Hancock,0.02702702703,44.2898345,-68.2832243
25848,THE NOREASTER POUND & MARKET,0,2,2024-04-03,2024-07-13,EATING PLACE TIER 3,No,10 HUNTINGTON RD,MOUNT DESERT,ME,33043,207-610-3760,REGULAR,NORTHEAST LOBSTER COMPANY LLC,Hancock,0.02702702703,44.2898345,-68.2832243
25847,PIZZIOLO,2,5,2018-09-10,2019-01-15,MUN - EATING PLACE,No,360 CUMBERLAND AVE,PORTLAND,ME,4101,207-536-7210,REGULAR,PERFECT PIES,Cumberland,0.1486486486,43.657472,-70.2620945
25847,PIZZAIOLO,3,1,2019-09-09,2020-01-15,MUN - EATING PLACE,No,360 CUMBERLAND AVE,PORTLAND,ME,4101,207-536-7210,REGULAR,PERFECT PIES,Cumberland,0.1351351351,43.657472,-70.2620945
25847,PIZZAIOLO,1,1,2022-09-26,2023-01-15,MUN - EATING PLACE,No,360 CUMBERLAND AVE,PORTLAND,ME,4101,207-536-7210,REGULAR,PERFECT PIES,Cumberland,0.05405405405,43.657472,-70.2620945
25847,PIZZAIOLO,0,4,2021-09-23,2022-01-15,MUN - EATING PLACE,No,360 CUMBERLAND AVE,PORTLAND,ME,4101,207-536-7210,REGULAR,PERFECT PIES,Cumberland,0.05405405405,43.657472,-70.2620945
25847,PIZZIOLO,0,3,2019-03-11,2020-01-15,MUN - EATING PLACE,No,360 CUMBERLAND AVE,PORTLAND,ME,4101,207-536-7210,REGULAR,PERFECT PIES,Cumberland,0.04054054054,43.657472,-70.2620945
25847,PIZZAIOLO,0,2,2023-09-27,2024-01-15,MUN - EATING PLACE,No,360 CUMBERLAND AVE,PORTLAND,ME,4101,207-536-7210,REGULAR,PERFECT PIES,Cumberland,0.02702702703,43.657472,-70.2620945
25844,TIM HORTONS,2,9,2022-12-27,2023-06-15,EATING PLACE TIER 1,No,153 HINCKLEY RD,CLINTON,ME,4927,207-426-2066,REGULAR,MILO PETROLEUM LLC,Somerset,0.2027027027,44.6547319,-69.5736076
25844,TIM HORTONS,0,5,2020-06-15,,EATING PLACE TIER 1,No,153 HINCKLEY RD,CLINTON,ME,4927,207-426-2066,REGULAR,MILO PETROLEUM LLC,Somerset,0.06756756757,44.6547319,-69.5736076
25844,DUNKIN DONUTS,0,1,2024-05-07,2025-04-16,EATING PLACE TIER 1,No,153 HINCKLEY RD,CLINTON,ME,4927,207-229-8600,REGULAR,ORACLE MANAGEMENT XXV INC,Somerset,0.01351351351,44.6547319,-69.5736076
25843,DOMINOS PIZZA,0,3,2019-05-06,2020-01-04,MUN - EATING PLACE,No,1095 BROADWAY,SOUTH PORTLAND,ME,4106,207-799-8131,REGULAR,BOSTON PIE INC,Cumberland,0.04054054054,43.6285079,-70.2768255
25843,DOMINOS PIZZA,0,1,2021-07-02,2022-01-04,MUN - EATING PLACE,No,1095 BROADWAY,SOUTH PORTLAND,ME,4106,207-799-8131,REGULAR,BOSTON PIE INC,Cumberland,0.01351351351,43.6285079,-70.2768255
25843,DOMINOS PIZZA,0,1,2023-10-23,2024-01-04,MUN - EATING PLACE,No,1095 BROADWAY,SOUTH PORTLAND,ME,4106,978-777-8044,REGULAR,BOSTON PIE INC,Cumberland,0.01351351351,43.6285079,-70.2768255
25832,THE SALTBOX CAFE,0,0,2018-05-19,2019-02-20,EATING PLACE - MOBILE,No,SUNDAY RIVER,NEWRY,ME,4261,207-242-3387,REGULAR,MLG FOODWORKS LLC,Oxford,0,44.4764466,-70.8334105
25832,THE SALTBOX CAFE,0,0,2019-07-04,2020-02-20,EATING PLACE - MOBILE,No,SUNDAY RIVER,NEWRY,ME,4261,207-242-3387,REGULAR,MLG FOODWORKS LLC,Oxford,0,44.4764466,-70.8334105
25832,THE SALTBOX CAFE,1,1,2018-02-23,2018-01-07,MUN - EATING PLACE - MOBILE,No,39 ROBERTS ST,PORTLAND,ME,4102,207-242-3387,REGULAR,MLG FOODWORKS LLC,Oxford,0.05405405405,43.6585029,-70.2807126
25829,BRUNSWICK PORTLAND PIE,6,13,2023-10-31,2024-05-28,EATING PLACE TIER 3,Yes,92 MAINE ST,BRUNSWICK,ME,4011,207-844-2777,REGULAR,BRUNSWICK PPC LLC,Cumberland,0.4189189189,43.9164922,-69.9662758
25829,PORTLAND PIE COMPANY,3,3,2018-01-05,2018-01-20,EATING PLACE TIER 3,No,92 MAINE ST,BRUNSWICK,ME,4011,207-252-4755,REGULAR,BRUNSWICK PIE LLC,Cumberland,0.1621621622,43.9164922,-69.9662758
25829,BRUNSWICK PORTLAND PIE,2,5,2023-11-16,2024-05-28,EATING PLACE TIER 3,No,92 MAINE ST,BRUNSWICK,ME,4011,207-844-2777,FOLLOW_UP_FULL,BRUNSWICK PPC LLC,Cumberland,0.1486486486,43.9164922,-69.9662758
25827,TOUGH NICKEL BISTRO,2,4,2018-10-23,2018-11-21,EATING PLACE TIER 2,No,75 RAILROAD AVE,BROWNVILLE,ME,4415,207-965-7800,REGULAR,"CASTELLANO, LAURA",Piscataquis,0.1351351351,45.3504771,-69.0553886
25827,NORTH AND SOUTHEATS,1,6,2024-05-14,2024-06-23,EATING PLACE TIER 2,No,75 RAILROAD AVE,BROWNVILLE,ME,4415,207-965-7800,REGULAR,"DRAKE, ROBERT",Piscataquis,0.1216216216,45.3504771,-69.0553886
25827,TOUGH NICKEL BISTRO,1,1,2021-06-22,2021-08-23,EATING PLACE TIER 2,No,75 RAILROAD AVE,BROWNVILLE,ME,4415,207-965-7800,NEWOWNER,HAPPY BOY ENTERPRISES LLC,Piscataquis,0.05405405405,45.3504771,-69.0553886
25827,TOUGH NICKEL BISTRO,0,4,2018-08-22,2018-08-17,EATING PLACE TIER 2,No,75 RAILROAD AVE,BROWNVILLE,ME,4415,207-965-7800,NEWOWNER,"CASTELLANO, LAURA",Piscataquis,0.05405405405,45.3504771,-69.0553886
25826,WOODFORD F & B,6,2,2025-05-29,2026-01-11,MUN - EATING AND CATERING,Yes,660 FOREST AVE,PORTLAND,ME,4103,207-200-8503,REGULAR,WOODFORD F & B LLC,Cumberland,0.2702702703,43.6710308,-70.2847318
25826,WOODFORD F & B,3,5,2023-08-04,2024-01-11,MUN - EATING AND CATERING,No,660 FOREST AVE,PORTLAND,ME,4103,207-200-8503,REGULAR,WOODFORD F & B LLC,Cumberland,0.1891891892,43.6710308,-70.2847318
25826,WOODFORD F & B,2,4,2022-03-10,2023-01-11,MUN - EATING AND CATERING,No,660 FOREST AVE,PORTLAND,ME,4103,207-200-8503,REGULAR,WOODFORD F & B LLC,Cumberland,0.1351351351,43.6710308,-70.2847318
25826,WOODFORD F & B,1,1,2024-02-22,2025-01-11,MUN - EATING AND CATERING,No,660 FOREST AVE,PORTLAND,ME,4103,207-200-8503,REGULAR,WOODFORD F & B LLC,Cumberland,0.05405405405,43.6710308,-70.2847318
25826,WOODFORD F & B,2,4,2018-11-14,2019-01-11,MUN - EATING PLACE,No,660 FOREST AVE,PORTLAND,ME,4103,207-200-8503,REGULAR,WOODFORD F & B LLC,Cumberland,0.1351351351,43.6710308,-70.2847318
25826,WOODFORD F & B,2,2,2019-05-29,2020-01-11,MUN - EATING PLACE,No,660 FOREST AVE,PORTLAND,ME,4103,207-200-8503,REGULAR,WOODFORD F & B LLC,Cumberland,0.1081081081,43.6710308,-70.2847318
25826,WOODFORD F & B,1,2,2018-05-24,2019-01-11,MUN - EATING PLACE,No,660 FOREST AVE,PORTLAND,ME,4103,207-200-8503,REGULAR,WOODFORD F & B LLC,Cumberland,0.06756756757,43.6710308,-70.2847318
25826,WOODFORD F & B,0,4,2019-11-21,2020-01-11,MUN - EATING PLACE,No,660 FOREST AVE,PORTLAND,ME,4103,207-200-8503,REGULAR,WOODFORD F & B LLC,Cumberland,0.05405405405,43.6710308,-70.2847318
25810,DUNKIN DONUTS,0,2,2019-12-09,2020-12-18,EATING PLACE TIER 1,No,11 HANNAFORD DR,BUXTON,ME,4093,207-929-9000,REGULAR,OLD PORT FOODSERVICE GROUP IV LLC,York,0.02702702703,43.6148741,-70.5232266
25810,DUNKIN DONUTS,0,1,2021-12-16,2022-12-18,EATING PLACE TIER 1,No,11 HANNAFORD DR,BUXTON,ME,4093,207-929-9000,REGULAR,OLD PORT FOODSERVICE GROUP IV LLC,York,0.01351351351,43.6148741,-70.5232266
25810,DUNKIN DONUTS,0,0,2018-02-01,2018-12-18,EATING PLACE TIER 1,No,11 HANNAFORD DR,BUXTON,ME,4093,207-929-9000,REGULAR,OLD PORT FOODSERVICE GROUP IV LLC,York,0,43.6148741,-70.5232266
25810,DUNKIN DONUTS,0,0,2024-01-31,2024-12-18,EATING PLACE TIER 1,No,11 HANNAFORD DR,BUXTON,ME,4093,207-929-9000,REGULAR,OLD PORT FOODSERVICE GROUP IV LLC,York,0,43.6148741,-70.5232266
25809,COUNTRY VIEW GOLF CLUB,1,0,2025-05-01,2026-03-29,EATING PLACE TIER 1,No,178 MOOSEHEAD TRL,BROOKS,ME,4921,207-722-3161,REGULAR,FRIENDS OF COUNTRY VIEW INC,Waldo,0.04054054054,44.5640778,-69.1298189
25808,WENDYS RESTAURANT,3,11,2025-03-10,2025-12-21,EATING PLACE TIER 2,Yes,1049 UNION ST,BANGOR,ME,4401,207-622-6253,REGULAR,LEGACY CP MAINE LLC,Penobscot,0.2702702703,44.8170671,-68.8091982
25808,WENDYS RESTAURANT,3,9,2023-10-25,2023-12-21,EATING PLACE TIER 2,No,1049 UNION ST,BANGOR,ME,4401,207-622-6253,REGULAR,LEGACY CP MAINE LLC,Penobscot,0.2432432432,44.8170671,-68.8091982
25808,WENDYS RESTAURANT,2,3,2025-04-10,2025-12-21,EATING PLACE TIER 2,No,1049 UNION ST,BANGOR,ME,4401,207-622-6253,FOLLOW_UP_FULL,LEGACY CP MAINE LLC,Penobscot,0.1216216216,44.8170671,-68.8091982
25808,WENDYS RESTAURANT,0,4,2021-02-10,2021-02-19,EATING PLACE TIER 2,No,1049 UNION ST,BANGOR,ME,4401,207-622-6253,REGULAR,RESTWEND LLC,Penobscot,0.05405405405,44.8170671,-68.8091982
25807,DOWNEAST CORRECTIONAL FACILITY,0,1,2024-02-12,2024-11-04,CORRECTIONAL FACILITY,No,64 BASE RD,MACHIASPORT,ME,4655,207-285-0809,REGULAR,DOWNEAST CORRECTIONAL FACILITY - MEN'S REENTRY CEN,Hancock,0.01351351351,44.6283289,-67.397016
25807,DOWNEAST CORRECTIONAL FACILITY,0,0,2022-01-28,2022-01-09,CORRECTIONAL FACILITY,No,64 BASE RD,MACHIASPORT,ME,4655,207-707-2104,REGULAR,DOWNEAST CORRECTIONAL FACILITY - MEN'S REENTRY CEN,Hancock,0,44.6283289,-67.397016
25804,KAMASOUPTRA,1,1,2022-01-24,2022-11-13,MUN - EATING PLACE,No,28 MONUMENT SQ,PORTLAND,ME,4101,207-939-0980,REGULAR,DSM LLC,Cumberland,0.05405405405,43.6569245,-70.2590745
25804,KAMASOUPTRA,0,0,2018-12-31,2019-11-13,MUN - EATING PLACE,No,28 MONUMENT SQ,PORTLAND,ME,4101,207-939-0980,REGULAR,DSM LLC,Cumberland,0,43.6569245,-70.2590745
25804,KAMASOUPTRA,0,0,2019-12-13,2019-11-13,MUN - EATING PLACE,No,28 MONUMENT SQ,PORTLAND,ME,4101,207-939-0980,REGULAR,DSM LLC,Cumberland,0,43.6569245,-70.2590745
25801,ELEVATION SUSHI AND TACOS,3,7,2021-12-02,2022-06-22,EATING PLACE TIER 2,No,103 MAIN ST,BRIDGTON,ME,4409,562-688-9119,REGULAR,ELEVATION SUSHI AND TACOS LLC,Oxford,0.2162162162,44.0545191,-70.7101959
25799,PEARL TAP HOUSE,1,0,2019-10-25,2020-11-10,MUN - EATING PLACE,No,446 FORE ST,PORTLAND,ME,4101,207-523-9600,REGULAR,PEARL TAP HOUSE,Cumberland,0.04054054054,43.6556091,-70.2548241
25799,PEARL TAB HOUSE,0,1,2018-11-30,2019-11-10,MUN - EATING PLACE,No,446 FORE ST,PORTLAND,ME,4101,207-523-9600,REGULAR,PEARL TAP HOUSE,Cumberland,0.01351351351,43.6556091,-70.2548241
25794,PEACHYS SMOOTHIE CAFE,4,10,2018-11-02,2018-11-13,EATING PLACE TIER 1,Yes,301 MAIN ST,YARMOUTH,ME,4096,207-450-6337,REGULAR,PEACHYS SMOOTHIE CAFE LLC,Cumberland,0.2972972973,43.8024901,-70.190844
25794,PEACHYS SMOOTHIE CAFE,2,3,2024-12-09,2025-11-13,EATING PLACE TIER 1,No,301 MAIN ST,YARMOUTH,ME,4096,207-450-6337,REGULAR,PEACHYS SMOOTHIE CAFE LLC,Cumberland,0.1216216216,43.8024901,-70.190844
25794,PEACHYS SMOOTHIE CAFE,1,5,2022-12-13,2023-11-13,EATING PLACE TIER 1,No,301 MAIN ST,YARMOUTH,ME,4096,207-450-6337,REGULAR,PEACHYS SMOOTHIE CAFE LLC,Cumberland,0.1081081081,43.8024901,-70.190844
25794,PEACHYS SMOOTHIE CAFE,0,1,2018-11-21,2018-11-13,EATING PLACE TIER 1,No,301 MAIN ST,YARMOUTH,ME,4096,207-450-6337,FOLLOW_UP_FULL,PEACHYS SMOOTHIE CAFE LLC,Cumberland,0.01351351351,43.8024901,-70.190844
25792,HAVE CHEF WILL TRAVEL,0,0,2019-08-14,2019-10-26,MUN - CATERING,No,310 BROADWAY ST,SOUTH PORTLAND,ME,4106,207-767-6063,REGULAR,MORRISON BRADFORD,Cumberland,0,43.6343855,-70.2522145
25792,HAVE CHEF WILL TRAVEL,0,0,2022-11-28,2023-10-26,MUN - CATERING,No,310 BROADWAY ST,SOUTH PORTLAND,ME,4106,207-767-6063,REGULAR,MORRISON BRADFORD,Cumberland,0,43.6343855,-70.2522145
25789,NORRIDGEWOCK DONUTS,0,2,2022-03-01,2023-02-23,EATING PLACE TIER 1,No,11 WATERVILLE RD,NORRIDGEWOCK,ME,4957,207-653-4073,REGULAR,NORRIDGEWOCK DONUTS LLC,Somerset,0.02702702703,44.7125711,-69.7880418
25789,NORRIDGEWOCK DONUTS,0,0,2019-03-07,2020-02-23,EATING PLACE TIER 1,No,11 WATERVILLE RD,NORRIDGEWOCK,ME,4957,207-653-4073,REGULAR,NORRIDGEWOCK DONUTS LLC,Somerset,0,44.7125711,-69.7880418
25788,BLUEBERRY PINES BED & BREAKFAST,0,0,2019-07-11,2019-11-16,BED AND BREAKFAST 5 ROOMS OR LESS,No,43 MONTGOMERY RD,BOOTHBAY HARBOR,ME,4538,207-522-6321,REGULAR,"KEEGAN, PEGGY",Lincoln,0,43.8631865,-69.6204691
25786,FAIRGROUNDS PIZZA & PUB,3,9,2022-09-23,2023-10-22,EATING PLACE TIER 3,No,156 MAPLE ST,CORNISH,ME,4020,207-625-9253,REGULAR,FAIRGROUND PIZZA & PUB LLC,York,0.2432432432,43.8042404,-70.8186594
25786,FAIRGROUNDS PIZZA & PUB,3,5,2024-12-17,2025-10-22,EATING PLACE TIER 3,No,156 MAPLE ST,CORNISH,ME,4020,207-625-9253,REGULAR,FAIRGROUND PIZZA & PUB LLC,York,0.1891891892,43.8042404,-70.8186594
25786,FAIRGROUNDS PIZZA & PUB,0,3,2022-12-21,2023-10-22,EATING PLACE TIER 3,No,156 MAPLE ST,CORNISH,ME,4020,207-625-9253,FOLLOW_UP_FULL,FAIRGROUND PIZZA & PUB LLC,York,0.04054054054,43.8042404,-70.8186594
25781,COLBY COLLEGE MUSEUM CAFE,1,2,2018-02-13,2018-10-13,EATING PLACE - LIMITED MENU,No,5460 MAYFLOWER HILL,WATERVILLE,ME,4904,207-859-5460,REGULAR,PRES & TRUSTEES COLBY COLLEGE,Kennebec,0.06756756757,44.5667064,-69.6576979
25781,COLBY COLLEGE MUSEUM CAFE,0,0,2025-05-20,2025-10-13,EATING PLACE - LIMITED MENU,No,5460 MAYFLOWER HILL,WATERVILLE,ME,4904,207-689-4732,REGULAR,PRES & TRUSTEES COLBY COLLEGE,Kennebec,0,44.5667064,-69.6576979
25781,COLBY COLLEGE MUSEUM CAFE,0,0,2025-06-26,2025-10-13,EATING PLACE - LIMITED MENU,No,5460 MAYFLOWER HILL,WATERVILLE,ME,4904,207-689-4732,NEWOWNER,PRES & TRUSTEES COLBY COLLEGE,Kennebec,0,44.5667064,-69.6576979
25780,HILTON GARDEN INN RIVERWATCH,3,2,2023-04-26,2023-10-13,EATING AND CATERING,No,14 GREAT FALLS PLZ,AUBURN,ME,4210,207-784-4433,REGULAR,RIVERWATCH LLC,Androscoggin,0.1486486486,44.0988484,-70.2246248
25780,HILTON GARDEN INN RIVERWATCH,2,8,2018-10-02,2018-10-13,MUN - EATING AND CATERING,No,14 GREAT FALLS PLZ,AUBURN,ME,4210,207-784-4433,REGULAR,RIVERWATCH LLC,Androscoggin,0.1891891892,44.0988484,-70.2246248
25780,HILTON GARDEN INN RIVERWATCH,0,0,2020-02-19,2020-10-13,MUN - EATING AND CATERING,No,14 GREAT FALLS PLZ,AUBURN,ME,4210,207-784-4433,FOLLOW_UP_FULL,RIVERWATCH LLC,Androscoggin,0,44.0988484,-70.2246248
25776,AROMA JOES COFFEE,2,4,2021-03-16,2021-11-25,EATING PLACE TIER 1,No,109 MAIN ST,GORHAM,ME,4038,207-878-1595,REGULAR,PINE TREE COFFEE LLC,Cumberland,0.1351351351,43.6808449,-70.4385157
25776,AROMA JOES COFFEE,0,2,2024-02-05,2024-11-25,EATING PLACE TIER 1,No,109 MAIN ST,GORHAM,ME,4038,207-878-1595,REGULAR,PINE TREE COFFEE LLC,Cumberland,0.02702702703,43.6808449,-70.4385157
25775,TREE CENTER @ CAMP WABAN,0,0,2023-03-07,2023-05-11,EATING AND LODGING,No,5 DUNAWAY DR,SANFORD,ME,4073,207-324-7955,REGULAR,WABAN PROJECTS INC,York,0,43.3604279,-70.7300939
25775,TREE CENTER @ CAMP WABAN,0,0,2023-03-08,2023-05-11,EATING AND LODGING,No,5 DUNAWAY DR,SANFORD,ME,4073,207-324-7955,REGULAR,WABAN PROJECTS INC,York,0,43.3604279,-70.7300939
25775,WAYPOINT MAINE INC,0,0,2025-01-07,2025-05-11,EATING AND LODGING,No,5 DUNAWAY DR,SANFORD,ME,4073,207-324-7955,REGULAR,"WAYPOINT MAINE, INC.",York,0,43.3604279,-70.7300939
25775,WAYPOINT MAINE INC,0,0,2025-01-07,2025-05-11,EATING AND LODGING,No,5 DUNAWAY DR,SANFORD,ME,4073,207-324-7955,REGULAR,"WAYPOINT MAINE, INC.",York,0,43.3604279,-70.7300939
25774,SUBWAY,5,5,2022-11-15,2023-11-25,EATING PLACE TIER 2,Yes,109 MAIN ST,GORHAM,ME,4103,207-878-1595,REGULAR,SUB BUILDERS INC,Cumberland,0.2702702703,43.6808449,-70.4385157
25773,WANDER PIZZA COMPANY,0,3,2021-11-23,2022-06-26,EATING AND CATERING,No,265 WESTERN AVE,AUGUSTA,ME,4330,678-438-0295,REGULAR,WANDER PIZZA COMPANY,Kennebec,0.04054054054,44.3155718,-69.8040516
25773,WANDER PIZZA COMPANY,0,0,2019-06-26,2019-01-02,EATING PLACE TIER 2,No,265 WESTERN AVE,AUGUSTA,ME,4330,678-438-0295,NEWOWNER,WANDER PIZZA COMPANY,Kennebec,0,44.3155718,-69.8040516
25762,MR. PEABODY'S PRETZEL,0,1,2023-09-25,2020-09-24,EATING PLACE - MOBILE,No,197 BLANCHARD RD,CUMBERLAND,ME,4101,207-929-4689,REGULAR,"PEABODY, NICOLE AND EDWARD",Cumberland,0.01351351351,43.8114472,-70.2892019
25756,CHIPOTLE MEXICAN GRILL,3,5,2022-09-14,2023-03-31,MUN - EATING PLACE,No,195 KENNEBEC ST,PORTLAND,ME,4101,380-222-7066,REGULAR,CHIPOTLE MEXICAN GRILL OF COLORADO LLC,Cumberland,0.1891891892,43.6598048,-70.2669165
25756,CHIPOTLE MEXICAN GRILL,3,2,2021-10-04,2022-03-31,MUN - EATING PLACE,No,195 KENNEBEC ST,PORTLAND,ME,4101,614-318-7413,REGULAR,CHIPOTLE MEXICAN GRILL OF COLORADO LLC,Cumberland,0.1486486486,43.6598048,-70.2669165
25756,CHIPOTLE MEXICAN GRILL,3,2,2023-03-28,2024-03-31,MUN - EATING PLACE,No,195 KENNEBEC ST,PORTLAND,ME,4101,380-222-7066,REGULAR,CHIPOTLE MEXICAN GRILL OF COLORADO LLC,Cumberland,0.1486486486,43.6598048,-70.2669165
25756,CHIPOTLE MEXICAN GRILL,2,2,2023-09-25,2024-03-31,MUN - EATING PLACE,No,195 KENNEBEC ST,PORTLAND,ME,4101,380-222-7066,REGULAR,CHIPOTLE MEXICAN GRILL OF COLORADO LLC,Cumberland,0.1081081081,43.6598048,-70.2669165
25756,CHIPOTLE MEXICAN GRILL,1,4,2022-04-27,2023-03-31,MUN - EATING PLACE,No,195 KENNEBEC ST,PORTLAND,ME,4101,380-222-7066,REGULAR,CHIPOTLE MEXICAN GRILL OF COLORADO LLC,Cumberland,0.09459459459,43.6598048,-70.2669165
25756,CHIPOTLE MEXICAN GRILL,1,4,2024-05-23,2025-03-31,MUN - EATING PLACE,No,195 KENNEBEC ST,PORTLAND,ME,4101,614-318-2482,REGULAR,CHIPOTLE MEXICAN GRILL OF COLORADO LLC,Cumberland,0.09459459459,43.6598048,-70.2669165
25756,CHIPOTLE MEXICAN GRILL,1,2,2019-10-16,2020-03-31,MUN - EATING PLACE,No,195 KENNEBEC ST,PORTLAND,ME,4101,614-318-7413,REGULAR,CHIPOTLE MEXICAN GRILL OF COLORADO LLC,Cumberland,0.06756756757,43.6598048,-70.2669165
25756,CHIPOTLE MEXICAN GRILL,1,0,2018-08-21,2019-03-31,MUN - EATING PLACE,No,195 KENNEBEC ST,PORTLAND,ME,4101,303-222-2524,REGULAR,CHIPOTLE MEXICAN GRILL OF COLORADO LLC,Cumberland,0.04054054054,43.6598048,-70.2669165
25756,CHIPOTLE MEXICAN GRILL,0,1,2018-02-23,2018-03-31,MUN - EATING PLACE,No,195 KENNEBEC ST,PORTLAND,ME,4101,303-222-2524,REGULAR,CHIPOTLE MEXICAN GRILL OF COLORADO LLC,Cumberland,0.01351351351,43.6598048,-70.2669165
25756,CHIPOTLE MEXICAN GRILL,0,1,2019-02-07,2019-03-31,MUN - EATING PLACE,No,195 KENNEBEC ST,PORTLAND,ME,4101,303-222-2524,REGULAR,CHIPOTLE MEXICAN GRILL OF COLORADO LLC,Cumberland,0.01351351351,43.6598048,-70.2669165
25753,AGORA GRAND EVENT CENTER,0,2,2018-09-27,2019-01-19,MUN - EATING PLACE,No,220 BATES ST,LEWISTON,ME,4240,844-552-4672,NEWOWNER,AGORA PROPERTIES INC.,Androscoggin,0.02702702703,44.0948552,-70.2123007
25753,AGORA GRAND EVENT CENTER,0,0,2023-06-08,2023-09-27,MUN - EATING PLACE,No,220 BATES ST,LEWISTON,ME,4240,844-552-4672,REGULAR,AGORA PROPERTIES INC,Androscoggin,0,44.0948552,-70.2123007
25752,SKOW TOWN SLICE BAR,2,4,2018-09-26,2018-10-08,EATING PLACE TIER 1,No,213 NORTH AVE,SKOWHEGAN,ME,4976,207-474-6500,REGULAR,"CATES, SEAN M",Somerset,0.1351351351,44.7815947,-69.7181458
25752,SKOW TOWN SLICE BAR,0,8,2023-07-20,2023-10-08,EATING PLACE TIER 1,No,213 NORTH AVE,SKOWHEGAN,ME,4976,207-474-6500,REGULAR,"CATES, SEAN M",Somerset,0.1081081081,44.7815947,-69.7181458
25738,LI'S PLACE,2,7,2023-03-30,2023-11-25,EATING PLACE TIER 1,No,51 WEST ST,FREEPORT,ME,4032,347-323-5341,REGULAR,"JIN, LI",Cumberland,0.1756756757,43.8550633,-70.1081481
25734,LEMONCYCLE,0,1,2018-06-10,2018-05-23,EATING PLACE - MOBILE,No,COMMERCIAL ST,PORTLAND,ME,4011,207-232-7742,REGULAR,LEMONCYCLE,Cumberland,0.01351351351,43.658858,-70.2490389
25724,HARVEST MOON HOLDINGS LLC,1,1,2020-01-09,2020-10-27,EATING PLACE TIER 2,No,258 STATE ST,BREWER,ME,4401,207-866-3354,REGULAR,HARVEST MOON HOLDINGS LLC,Penobscot,0.05405405405,44.7871076,-68.7523532
25724,HARVEST MOON HOLDINGS LLC,0,2,2018-03-06,2018-10-27,EATING PLACE TIER 2,No,258 STATE ST,BREWER,ME,4401,207-866-3354,REGULAR,HARVEST MOON HOLDINGS LLC,Penobscot,0.02702702703,44.7871076,-68.7523532
25724,HARVEST MOON HOLDINGS LLC,0,2,2024-04-17,2024-10-27,EATING PLACE TIER 2,No,258 STATE ST,BREWER,ME,4401,207-866-3354,REGULAR,HARVEST MOON HOLDINGS LLC,Penobscot,0.02702702703,44.7871076,-68.7523532
25722,TINA THAI EXPRESS,1,8,2023-08-23,2024-02-06,MUN - EATING PLACE TAKEOUT,No,64 SABATTUS ST,LEWISTON,ME,4240,978-939-9113,REGULAR,"DANGER, KUNLAYA",Androscoggin,0.1486486486,44.1004008,-70.2121658
25722,TINA THAI EXPRESS,1,4,2021-12-29,2022-02-06,MUN - EATING PLACE TAKEOUT,No,64 SABATTUS ST,LEWISTON,ME,4240,978-939-9113,REGULAR,"DANGER, KUNLAYA",Androscoggin,0.09459459459,44.1004008,-70.2121658
25713,LINCOLN ACADEMY STUDENT UNION,1,0,2018-11-02,2019-09-27,EATING - SCHOOL SATELLITE,No,81 ACADEMY HILL,NEWCASTLE,ME,4553,207-563-3596,REGULAR,LINCOLN ACADEMY TRUSTEES,Lincoln,0.04054054054,44.039039,-69.538311
25713,LINCOLN ACADEMY STUDENT UNION,0,1,2021-04-07,2021-09-27,EATING - SCHOOL SATELLITE,No,81 ACADEMY HILL,NEWCASTLE,ME,4553,207-563-3596,REGULAR,LINCOLN ACADEMY TRUSTEES,Lincoln,0.01351351351,44.039039,-69.538311
25713,LINCOLN ACADEMY STUDENT UNION,0,0,2019-10-16,2020-09-27,EATING - SCHOOL SATELLITE,No,81 ACADEMY HILL,NEWCASTLE,ME,4553,207-563-3596,REGULAR,LINCOLN ACADEMY TRUSTEES,Lincoln,0,44.039039,-69.538311
25711,EXPRESSO SELF,0,2,2018-08-20,2019-06-25,EATING PLACE TIER 1,No,663 STILLWATER AVE,BANGOR,ME,4401,207-557-9359,REGULAR,ESPRESSO SELF,Penobscot,0.02702702703,44.830565,-68.7491141
25711,EXPRESSO SELF,0,0,2018-06-25,2018-03-06,EATING PLACE TIER 1,No,663 STILLWATER AVE,BANGOR,ME,4401,207-557-9359,NEWOWNER,ESPRESSO SELF,Penobscot,0,44.830565,-68.7491141
25699,RICHIES JERK & BBQ,1,8,2023-01-18,2023-04-04,EATING PLACE TIER 1,No,35 WASHINGTON ST,SANFORD,ME,4073,772-634-2735,REGULAR,"SMITH, RICHARD",York,0.1486486486,43.4399003,-70.7740465
25699,RICHIES JERK & BBQ,1,1,2025-07-03,2026-04-04,EATING PLACE TIER 1,No,35 WASHINGTON ST,SANFORD,ME,4073,772-634-2735,REGULAR,"SMITH, RICHARD",York,0.05405405405,43.4399003,-70.7740465
25699,RICHIES JERK & BBQ,0,2,2018-06-26,2019-04-04,EATING PLACE TIER 1,No,35 WASHINGTON ST,SANFORD,ME,4073,772-634-2735,REGULAR,"SMITH, RICHARD",York,0.02702702703,43.4399003,-70.7740465
25697,RESIDENCE INN BY MARRIOTT,1,3,2019-02-14,2019-11-25,EATING AND LODGING,No,139 RICHARDSON ST,BATH,ME,4530,207-443-9741,REGULAR,BATHERS LLC,Sagadahoc,0.08108108108,43.907667,-69.8267985
25697,RESIDENCE INN BY MARRIOTT,0,2,2024-03-21,2024-11-25,EATING AND LODGING,No,139 RICHARDSON ST,BATH,ME,4530,207-443-9741,REGULAR,BATHRES LLC,Sagadahoc,0.02702702703,43.907667,-69.8267985
25697,RESIDENCE INN BY MARRIOTT,0,1,2024-03-21,2024-11-25,EATING AND LODGING,No,139 RICHARDSON ST,BATH,ME,4530,207-443-9741,REGULAR,BATHRES LLC,Sagadahoc,0.01351351351,43.907667,-69.8267985
25697,RESIDENCE INN BY MARRIOTT,0,0,2019-02-14,2019-11-25,EATING AND LODGING,No,139 RICHARDSON ST,BATH,ME,4530,207-443-9741,REGULAR,BATHERS LLC,Sagadahoc,0,43.907667,-69.8267985
25691,NEW LEWISTON MANDARIN,6,14,2024-04-18,2024-09-30,MUN - EATING PLACE,Yes,750 SABATTUS ST,LEWISTON,ME,4240,207-784-8888,FOLLOW_UP_FULL,M B RESTAURANT INC,Androscoggin,0.4324324324,44.1033508,-70.1762423
25691,NEW LEWISTON MANDARIN,6,5,2023-08-21,2023-09-30,MUN - EATING PLACE,Yes,750 SABATTUS ST,LEWISTON,ME,4240,207-784-8888,REGULAR,M B RESTAURANT INC,Androscoggin,0.3108108108,44.1033508,-70.1762423
25691,MANDARIN BUFFET,4,10,2018-04-05,2018-09-30,MUN - EATING PLACE,Yes,750 SABATTUS ST,LEWISTON,ME,4240,207-784-8888,REGULAR,M B RESTAURANT INC,Androscoggin,0.2972972973,44.1033508,-70.1762423
25691,NEW LEWISTON MANDARIN,4,8,2024-03-13,2024-09-30,MUN - EATING PLACE,Yes,750 SABATTUS ST,LEWISTON,ME,4240,207-784-8888,REGULAR,M B RESTAURANT INC,Androscoggin,0.2702702703,44.1033508,-70.1762423
25691,MANDARIN BUFFET,5,3,2019-11-06,2020-09-30,MUN - EATING PLACE,Yes,750 SABATTUS ST,LEWISTON,ME,4240,207-784-8888,REGULAR,M B RESTAURANT INC,Androscoggin,0.2432432432,44.1033508,-70.1762423
25691,NEW LEWISTON MANDARIN,3,3,2023-09-07,2023-09-30,MUN - EATING PLACE,No,750 SABATTUS ST,LEWISTON,ME,4240,207-784-8888,FOLLOW_UP_FULL,M B RESTAURANT INC,Androscoggin,0.1621621622,44.1033508,-70.1762423
25691,NEW LEWISTON MANDARIN,3,1,2023-01-04,2022-09-30,MUN - EATING PLACE,No,750 SABATTUS ST,LEWISTON,ME,4240,207-784-8888,REGULAR,M B RESTAURANT INC,Androscoggin,0.1351351351,44.1033508,-70.1762423
25691,MANDARIN BUFFET,2,4,2019-12-10,2020-09-30,MUN - EATING PLACE,No,750 SABATTUS ST,LEWISTON,ME,4240,207-784-8888,FOLLOW_UP_FULL,M B RESTAURANT INC,Androscoggin,0.1351351351,44.1033508,-70.1762423
25691,NEW LEWISTON MANDARIN,2,4,2024-05-16,2024-06-29,MUN - EATING PLACE,No,750 SABATTUS ST,LEWISTON,ME,4240,207-784-8888,FOLLOW_UP_FULL,M B RESTAURANT INC,Androscoggin,0.1351351351,44.1033508,-70.1762423
25691,NEW LEWISTON MANDARIN,0,6,2024-08-07,2024-09-30,MUN - EATING PLACE,No,750 SABATTUS ST,LEWISTON,ME,4240,207-784-8888,FOLLOW_UP_FULL,M B RESTAURANT INC,Androscoggin,0.08108108108,44.1033508,-70.1762423
25691,NEW LEWISTON MANDARIN,0,4,2023-01-13,2022-09-30,MUN - EATING PLACE,No,750 SABATTUS ST,LEWISTON,ME,4240,207-784-8888,FOLLOW_UP_FULL,M B RESTAURANT INC,Androscoggin,0.05405405405,44.1033508,-70.1762423
25691,NEW LEWISTON MANDARIN,0,4,2024-06-26,2024-09-30,MUN - EATING PLACE,No,750 SABATTUS ST,LEWISTON,ME,4240,207-784-8888,FOLLOW_UP_FULL,M B RESTAURANT INC,Androscoggin,0.05405405405,44.1033508,-70.1762423
25691,NEW LEWISTON MANDARIN,0,4,2024-09-16,2024-09-30,MUN - EATING PLACE,No,750 SABATTUS ST,LEWISTON,ME,4240,207-784-8888,FOLLOW_UP_FULL,M B RESTAURANT INC,Androscoggin,0.05405405405,44.1033508,-70.1762423
25691,NEW LEWISTON MANDARIN,0,2,2023-04-26,2023-09-30,MUN - EATING PLACE,No,750 SABATTUS ST,LEWISTON,ME,4240,207-784-8888,REGULAR,M B RESTAURANT INC,Androscoggin,0.02702702703,44.1033508,-70.1762423
25691,NEW LEWISTON MANDARIN,0,2,2025-01-22,2025-09-30,MUN - EATING PLACE,No,750 SABATTUS ST,LEWISTON,ME,4240,207-784-8888,REGULAR,M B RESTAURANT INC,Androscoggin,0.02702702703,44.1033508,-70.1762423
25690,SAVAGE OAKES VINEYARD & WINERY,0,1,2018-06-13,2018-09-08,EATING PLACE TIER 1,No,175 BARRETT HILL RD,UNION,ME,4862,207-785-2828,REGULAR,SAVAGE OAKES ENTERPRISES INC,Kennebec,0.01351351351,44.2174653,-69.2617967
25688,NORTH HAVEN COMMUNITY SCHOOL,0,2,2018-06-07,2018-09-27,EATING - SCHOOL,No,93 PULPIT HARBOR RD,NORTH HAVEN,ME,4853,207-867-4897,REGULAR,NORTH HAVEN COMMUNITY SCHOOL,Knox,0.02702702703,44.1508421,-68.8755185
25688,NORTH HAVEN COMMUNITY SCHOOL,0,1,2021-05-25,2021-09-27,EATING - SCHOOL,No,93 PULPIT HARBOR RD,NORTH HAVEN,ME,4853,207-867-4707,REGULAR,NORTH HAVEN COMMUNITY SCHOOL,Knox,0.01351351351,44.1508421,-68.8755185
25688,NORTH HAVEN COMMUNITY SCHOOL,0,1,2023-05-31,2023-09-27,EATING - SCHOOL,No,93 PULPIT HARBOR RD,NORTH HAVEN,ME,4853,207-867-4707,REGULAR,NORTH HAVEN COMMUNITY SCHOOL,Knox,0.01351351351,44.1508421,-68.8755185
25688,NORTH HAVEN COMMUNITY SCHOOL,0,0,2024-05-21,2023-10-31,EATING - SCHOOL,No,93 PULPIT HARBOR RD,NORTH HAVEN,ME,4853,207-867-4707,REGULAR,NORTH HAVEN COMMUNITY SCHOOL,Knox,0,44.1508421,-68.8755185
25686,MCDONALDS,1,1,2020-02-11,2020-10-01,EATING PLACE TIER 3,No,303 MAIN ST,FARMINGTON,ME,4938,207-778-6213,REGULAR,NAPOLI PSC SERIES LLC,Franklin,0.05405405405,44.6644694,-70.1487183
25686,MCDONALDS,0,0,2024-04-01,2024-10-01,EATING PLACE TIER 3,No,303 MAIN ST,FARMINGTON,ME,4938,207-778-6213,FOLLOW_UP_FULL,NAPOLI PSC SERIES LLC,Franklin,0,44.6644694,-70.1487183
25686,MCDONALDS,0,0,2024-07-09,2024-10-01,EATING PLACE TIER 3,No,303 MAIN ST,FARMINGTON,ME,4938,207-778-6213,REGULAR,NAPOLI PSC SERIES LLC,Franklin,0,44.6644694,-70.1487183
25681,THE DONUT BOYS,1,1,2018-08-27,2019-08-14,EATING PLACE - MOBILE,No,156 MAYO RD,HAMPDEN,ME,4444,207-852-3540,REGULAR,THE DONUT BOYS,Penobscot,0.05405405405,44.7424422,-68.861168
25681,THE DONUT BOYS,0,2,2019-08-26,2020-08-14,EATING PLACE - MOBILE,No,156 MAYO RD,HAMPDEN,ME,4444,207-852-3540,REGULAR,THE DONUT BOYS,Penobscot,0.02702702703,44.7424422,-68.861168
25681,THE DONUT BOYS,0,1,2021-08-30,2022-08-14,EATING PLACE - MOBILE,No,156 MAYO RD,HAMPDEN,ME,4444,207-852-3540,REGULAR,THE DONUT BOYS,Penobscot,0.01351351351,44.7424422,-68.861168
25666,CODA,0,0,2019-08-28,2020-01-28,EATING AND CATERING,No,18 VILLAGE GREEN WAY,SOUTHWEST HARBOR,ME,4679,802-578-9016,REGULAR,VILLAGE GREEN TAVERN,Hancock,0,44.280002,-68.3270038
25666,SWEET PEA'S CATERING,0,0,2021-06-09,2021-01-28,EATING AND CATERING,No,18 VILLAGE GREEN WAY,SOUTHWEST HARBOR,ME,4679,207-801-9099,NEWOWNER,SWEET PEA'S CAFE INC,Hancock,0,44.280002,-68.3270038
25665,ANGIES COMFORT KITHCEN,1,1,2021-04-22,2021-10-14,EATING PLACE - MOBILE,No,8 GATCOMB RD,EAST MACHIAS,ME,4630,207-259-2009,REGULAR,"GARRISON, ANGELA M",Washington,0.05405405405,44.747057,-67.3750603
25665,ANGIES COMFORT KITHCEN,0,0,2020-10-13,2021-05-27,EATING PLACE - MOBILE,No,8 GATCOMB RD,EAST MACHIAS,ME,4630,207-259-2009,NEWOWNER,ANGELA GAEISON,Washington,0,44.747057,-67.3750603
25662,WEENIE WAGON II,0,1,2023-10-12,2024-08-06,COMMISSARY,No,3 WOODLAND AVE,SACO,ME,4072,207-205-0957,REGULAR,"STROUT, KEVIN",York,0.01351351351,43.5105614,-70.4371586
25660,PETES PIG SOUTHERN BBQ,0,0,2018-08-08,2018-08-08,EATING PLACE - TEMPORARY 1-4 DAYS,No,,WATERVILLE,ME,4909,207-495-4095,REGULAR,PETES PIG SOUTHERN BBQ LLC,Kennebec,0,44.5451496,-69.6376721
25660,PETES PIG SOUTHERN BBQ,0,0,2019-08-06,2019-08-07,EATING PLACE - TEMPORARY 1-4 DAYS,No,,WATERVILLE,ME,4909,207-495-4095,REGULAR,PETES PIG SOUTHERN BBQ LLC,Kennebec,0,44.5451496,-69.6376721
25658,TUCKS ALE HOUSE,2,4,2020-01-14,2020-10-06,EATING PLACE - LIMITED MENU,No,160 MAIN ST,FARMINGTON,ME,4938,207-577-0874,REGULAR,TUCKS ALE HOUSE,Franklin,0.1351351351,44.6708857,-70.1512423
25658,TUCKS ALE HOUSE,5,12,2022-08-24,2022-10-16,EATING PLACE TIER 2,Yes,160 MAIN ST,FARMINGTON,ME,4938,207-577-0874,REGULAR,TUCKS ALE HOUSE,Franklin,0.3648648649,44.6708857,-70.1512423
25658,TUCKS ALE HOUSE,0,0,2022-09-08,2022-10-16,EATING PLACE TIER 2,No,160 MAIN ST,FARMINGTON,ME,4938,207-577-0874,FOLLOW_UP_FULL,TUCKS ALE HOUSE,Franklin,0,44.6708857,-70.1512423
25655,DUNKIN DONUTS,3,3,2018-01-18,2018-08-05,EATING PLACE TIER 1,No,1104 W MAIN ST,DOVER-FOXCROFT,ME,4426,207-653-4073,REGULAR,SMK DONUTS INC,Piscataquis,0.1621621622,45.1809595,-69.2585062
25655,DUNKIN DONUTS,0,4,2023-03-20,2023-08-05,EATING PLACE TIER 1,No,1104 W MAIN ST,DOVER-FOXCROFT,ME,4426,207-653-4073,REGULAR,SMK DONUTS INC,Piscataquis,0.05405405405,45.1809595,-69.2585062
25655,DUNKIN DONUTS,0,3,2019-07-15,2020-08-05,EATING PLACE TIER 1,No,1104 W MAIN ST,DOVER-FOXCROFT,ME,4426,207-653-4073,REGULAR,SMK DONUTS INC,Piscataquis,0.04054054054,45.1809595,-69.2585062
25655,DUNKIN DONUTS,0,3,2025-04-02,2025-08-05,EATING PLACE TIER 1,No,1104 W MAIN ST,DOVER-FOXCROFT,ME,4426,207-653-4073,REGULAR,SMK DONUTS INC,Piscataquis,0.04054054054,45.1809595,-69.2585062
25647,SAMS ITALIAN SANDWICH SHOPPE,1,5,2024-02-08,2025-01-04,EATING PLACE TIER 3,No,40 MILLETT DR,AUBURN,ME,4210,207-782-2550,REGULAR,SAMS ITALIAN FOODS,Androscoggin,0.1081081081,44.0835333,-70.2534452
25647,SAMS ITALIAN SANDWICH SHOPPE,2,2,2020-02-11,2021-01-04,MUN - EATING PLACE,No,40 MILLETT DR,AUBURN,ME,4210,207-782-2550,REGULAR,SAMS ITALIAN FOODS,Androscoggin,0.1081081081,44.0835333,-70.2534452
25647,SAMS ITALIAN SANDWICH SHOPPE,0,4,2018-07-13,2019-01-04,MUN - EATING PLACE,No,40 MILLETT DR,AUBURN,ME,4210,207-782-2550,REGULAR,SAMS ITALIAN FOODS,Androscoggin,0.05405405405,44.0835333,-70.2534452
25647,SAMS ITALIAN SANDWICH SHOPPE,0,2,2019-01-11,2019-01-04,MUN - EATING PLACE,No,40 MILLETT DR,AUBURN,ME,4210,207-782-2550,REGULAR,SAMS ITALIAN FOODS,Androscoggin,0.02702702703,44.0835333,-70.2534452
25643,NOBLE BBQ,2,1,2025-04-11,2025-04-18,MUN - COMMISSARY,No,1706 FOREST AVE,PORTLAND,ME,4103,207-299-6995,REGULAR,PIZZA PIE ON THE FLY,Cumberland,0.09459459459,43.6986529,-70.3120133
25643,NOBILE BBQ,3,4,2018-04-02,2019-04-18,MUN - EATING PLACE,No,1706 FOREST AVE,PORTLAND,ME,4103,207-299-6995,REGULAR,PIZZA PIE ON THE FLY,Cumberland,0.1756756757,43.6986529,-70.3120133
25643,NOBLE BBQ,3,4,2024-03-14,2024-04-18,MUN - EATING PLACE,No,1706 FOREST AVE,PORTLAND,ME,4103,207-299-6995,REGULAR,PIZZA PIE ON THE FLY,Cumberland,0.1756756757,43.6986529,-70.3120133
25643,NOBILE BBQ,2,4,2019-05-03,2020-04-18,MUN - EATING PLACE,No,1706 FOREST AVE,PORTLAND,ME,4103,207-299-6995,REGULAR,PIZZA PIE ON THE FLY,Cumberland,0.1351351351,43.6986529,-70.3120133
25643,NOBILE BBQ,2,3,2018-10-22,2019-04-18,MUN - EATING PLACE,No,1706 FOREST AVE,PORTLAND,ME,4103,207-299-6995,REGULAR,PIZZA PIE ON THE FLY,Cumberland,0.1216216216,43.6986529,-70.3120133
25643,NOBLE BBQ,1,2,2022-03-23,2023-04-18,MUN - EATING PLACE,No,1706 FOREST AVE,PORTLAND,ME,4103,207-299-6995,REGULAR,PIZZA PIE ON THE FLY,Cumberland,0.06756756757,43.6986529,-70.3120133
25643,NOBLE BBQ,1,1,2019-10-30,2020-04-18,MUN - EATING PLACE,No,1706 FOREST AVE,PORTLAND,ME,4103,207-299-6995,REGULAR,PIZZA PIE ON THE FLY,Cumberland,0.05405405405,43.6986529,-70.3120133
25643,NOBLE BBQ,1,1,2023-03-29,2024-04-18,MUN - EATING PLACE,No,1706 FOREST AVE,PORTLAND,ME,4103,207-299-6995,REGULAR,PIZZA PIE ON THE FLY,Cumberland,0.05405405405,43.6986529,-70.3120133
25639,BITE INTO MAINE,1,0,2019-05-09,2019-08-07,MUN - EATING PLACE - MOBILE,No,,PORTLAND,ME,4101,207-420-0294,REGULAR,BITE INTO MAINE INC,Cumberland,0.04054054054,43.6573605,-70.2586618
25639,BITE INTO MAINE,0,1,2023-04-21,2023-08-07,MUN - EATING PLACE - MOBILE,No,,PORTLAND,ME,4101,207-420-0294,REGULAR,BITE INTO MAINE INC,Cumberland,0.01351351351,43.6573605,-70.2586618
25639,BITE INTO MAINE,0,0,2018-07-16,2018-08-07,MUN - EATING PLACE - MOBILE,No,,PORTLAND,ME,4101,207-420-0294,REGULAR,BITE INTO MAINE INC,Cumberland,0,43.6573605,-70.2586618
25639,BITE INTO MAINE,0,0,2021-07-29,2021-08-07,MUN - EATING PLACE - MOBILE,No,,PORTLAND,ME,4101,207-420-0294,REGULAR,BITE INTO MAINE INC,Cumberland,0,43.6573605,-70.2586618
25639,BITE INTO MAINE,0,0,2022-04-14,2022-08-07,MUN - EATING PLACE - MOBILE,No,,PORTLAND,ME,4101,207-420-0294,REGULAR,BITE INTO MAINE INC,Cumberland,0,43.6573605,-70.2586618
25639,BITE INTO MAINE,0,0,2024-06-06,2024-08-07,MUN - EATING PLACE - MOBILE,No,,PORTLAND,ME,4101,207-420-0294,REGULAR,BITE INTO MAINE INC,Cumberland,0,43.6573605,-70.2586618
25639,BITE INTO MAINE,0,0,2025-05-16,2025-08-07,MUN - EATING PLACE - MOBILE,No,,PORTLAND,ME,4101,207-420-0294,REGULAR,BITE INTO MAINE INC,Cumberland,0,43.6573605,-70.2586618
25638,HOLLYWOOD SCOOPS,1,2,2021-08-11,2016-07-20,EATING PLACE - MOBILE,No,273 SMITHFIELD RD,BELGRADE,ME,4917,207-465-5924,REGULAR,,Kennebec,0.06756756757,44.5195658,-69.7978049
25634,TOMASOS CANTEEN,3,5,2022-09-29,2022-11-18,MUN - EATING PLACE,No,18 HAMPSHIRE ST,PORTLAND,ME,4101,207-776-1015,REGULAR,TOMASOS CANTEEN INC,Cumberland,0.1891891892,43.6598982,-70.2514392
25634,TOMASOS CANTEEN,3,2,2018-09-27,2018-11-18,MUN - EATING PLACE,No,18 HAMPSHIRE ST,PORTLAND,ME,4101,207-776-1015,REGULAR,TOMASOS CANTEEN INC,Cumberland,0.1486486486,43.6598982,-70.2514392
25634,TOMASOS CANTEEN,3,1,2023-11-29,2023-12-15,MUN - EATING PLACE,No,18 HAMPSHIRE ST,PORTLAND,ME,4101,207-776-1015,REGULAR,TOMASOS CANTEEN INC,Cumberland,0.1351351351,43.6598982,-70.2514392
25634,TOMASOS CANTEEN,2,4,2021-08-11,2021-11-18,MUN - EATING PLACE,No,18 HAMPSHIRE ST,PORTLAND,ME,4101,207-776-1015,REGULAR,TOMASOS CANTEEN INC,Cumberland,0.1351351351,43.6598982,-70.2514392
25634,TOMASOS CANTEEN,3,0,2023-04-10,2023-11-18,MUN - EATING PLACE,No,18 HAMPSHIRE ST,PORTLAND,ME,4101,207-776-1015,REGULAR,TOMASOS CANTEEN INC,Cumberland,0.1216216216,43.6598982,-70.2514392
25634,TOMASOS CANTEEN,1,4,2019-03-20,2019-11-18,MUN - EATING PLACE,No,18 HAMPSHIRE ST,PORTLAND,ME,4101,207-776-1015,REGULAR,TOMASOS CANTEEN INC,Cumberland,0.09459459459,43.6598982,-70.2514392
25634,TOMASOS CANTEEN,1,3,2018-02-08,2018-11-18,MUN - EATING PLACE,No,18 HAMPSHIRE ST,PORTLAND,ME,4101,207-776-1015,REGULAR,TOMASOS CANTEEN INC,Cumberland,0.08108108108,43.6598982,-70.2514392
25634,TOMASOS CANTEEN,1,2,2024-09-18,2023-12-04,MUN - EATING PLACE,No,18 HAMPSHIRE ST,PORTLAND,ME,4101,207-776-1015,REGULAR,TOMASOS CANTEEN INC,Cumberland,0.06756756757,43.6598982,-70.2514392
25634,TOMASOS CANTEEN,0,4,2019-10-24,2019-11-18,MUN - EATING PLACE,No,18 HAMPSHIRE ST,PORTLAND,ME,4101,207-776-1015,REGULAR,TOMASOS CANTEEN INC,Cumberland,0.05405405405,43.6598982,-70.2514392
25633,SUZYS HOME COOK'N,1,3,2019-02-06,2019-07-20,EATING PLACE TIER 2,No,291 NORTH ST,SACO,ME,4072,207-502-3116,REGULAR,SUZYS HOME COOK'N LLC,York,0.08108108108,43.5165736,-70.4457018
25633,SUZYS HOME COOK'N,1,2,2023-12-04,2024-07-20,EATING PLACE TIER 2,No,291 NORTH ST,SACO,ME,4072,207-502-3116,REGULAR,SUZYS HOME COOK'N LLC,York,0.06756756757,43.5165736,-70.4457018
25630,THE MILL INN & CAFE,1,7,2018-02-08,2018-07-30,EATING AND LODGING,No,5 E MAIN ST,DOVER-FOXCROFT,ME,4426,207-200-4063,REGULAR,MAYO MILL IC LLC,Piscataquis,0.1351351351,45.1841577,-69.230571
25630,THE MILL INN & CAFE,0,4,2018-02-08,2018-07-30,EATING AND LODGING,No,5 E MAIN ST,DOVER-FOXCROFT,ME,4426,207-200-4063,REGULAR,MAYO MILL IC LLC,Piscataquis,0.05405405405,45.1841577,-69.230571
25628,AROMA JOES,0,0,2018-04-06,2018-07-20,MUN - EATING PLACE,No,443 WESTERN AVE,SOUTH PORTLAND,ME,4106,207-432-1320,REGULAR,FRESHLY BROOD,Cumberland,0,43.6434964,-70.3277815
25624,MAINE LOBSTERBAKE CO,0,1,2019-08-28,2020-07-28,MUN - CATERING,No,46 VERANDA ST,PORTLAND,ME,4101,207-828-6374,REGULAR,LUNA SOLE CREATIVE PARTY PLANNING,Cumberland,0.01351351351,43.6818625,-70.2564769
25607,AS YOU WISH CATERING & EVENT PLANNING,0,0,2021-05-11,2022-04-10,CATERING,No,41 MYRTLE ST,WESTBROOK,ME,4092,207-671-9219,REGULAR,AS YOU WISH CATERING AND EVENT PLANNING LLC,Cumberland,0,43.68282,-70.3606647
25602,ANCHO HONEY,0,3,2021-10-28,2022-07-18,EATING PLACE - TAKEOUT,No,6 WALLSTON RD,SAINT GEORGE,ME,4860,207-408-6985,REGULAR,"BEDELL, MALCOLM",Knox,0.04054054054,43.9661619,-69.2177318
25601,SCALES,2,4,2019-07-29,2020-02-19,MUN - EATING PLACE,No,68-70 COMMERCIAL ST,PORTLAND,ME,4101,207-805-0444,REGULAR,SCALES LLC,Cumberland,0.1351351351,43.6539257,-70.2554923
25601,SCALES,2,1,2018-04-19,2019-02-19,MUN - EATING PLACE,No,68-70 COMMERCIAL ST,PORTLAND,ME,4101,207-761-0380,REGULAR,SCALES LLC,Cumberland,0.09459459459,43.6539257,-70.2554923
25601,SCALES,1,1,2020-01-29,2020-02-19,MUN - EATING PLACE,No,68-70 COMMERCIAL ST,PORTLAND,ME,4101,207-805-0444,REGULAR,SCALES LLC,Cumberland,0.05405405405,43.6539257,-70.2554923
25601,SCALES,1,1,2022-05-04,2023-02-19,MUN - EATING PLACE,No,68-70 COMMERCIAL ST,PORTLAND,ME,4101,207-805-0444,REGULAR,SCALES LLC,Cumberland,0.05405405405,43.6539257,-70.2554923
25601,SCALES,1,0,2023-07-19,2024-02-19,MUN - EATING PLACE,No,68-70 COMMERCIAL ST,PORTLAND,ME,4101,207-805-0444,REGULAR,SCALES LLC,Cumberland,0.04054054054,43.6539257,-70.2554923
25601,SCALES,0,2,2019-01-29,2020-02-19,MUN - EATING PLACE,No,68-70 COMMERCIAL ST,PORTLAND,ME,4101,207-805-0444,REGULAR,SCALES LLC,Cumberland,0.02702702703,43.6539257,-70.2554923
25598,BERNARDINI ENTERPRISES,0,2,2018-08-21,2019-07-01,EATING PLACE - MOBILE,No,26 REDINGTON ST,WATERVILLE,ME,4901,207-660-1825,REGULAR,BERNARDINI ENTERPRISES LLC,Kennebec,0.02702702703,44.5442113,-69.6355739
25591,BOOTHBAY HARBOR COUNTRY CLUB,2,0,2019-06-17,2020-06-24,EATING PLACE - LIMITED MENU,No,33 COUNTRY CLUB RD,BOOTHBAY,ME,4537,207-633-3673,REGULAR,PGC2 LLC,Lincoln,0.08108108108,43.8772847,-69.6291353
25591,BOOTHBAY HARBOR COUNTRY CLUB (OVER THE LEDGE),0,0,2025-06-17,2025-06-24,EATING PLACE - LIMITED MENU,No,33 COUNTRY CLUB RD,BOOTHBAY,ME,4537,207-633-3673,REGULAR,PGC2 LLC,Lincoln,0,43.8772847,-69.6291353
25589,CREAMY DREAMY DELIGHTS,1,0,2019-06-28,2019-07-27,EATING PLACE - MOBILE,No,791 LEDGE HILL RD,CORINTH,ME,4427,207-991-3687,REGULAR,CREAMY DREAMY DELIGHTS LLC,Penobscot,0.04054054054,44.9422058,-69.0107728
25589,CREAMY DREAMY DELIGHTS,0,1,2021-08-05,2022-07-27,EATING PLACE - MOBILE,No,791 LEDGE HILL RD,CORINTH,ME,4427,207-991-3687,REGULAR,CREAMY DREAMY DELIGHTS LLC,Penobscot,0.01351351351,44.9422058,-69.0107728
25589,CREAMY DREAMY DELIGHTS,0,1,2022-08-04,2023-07-27,EATING PLACE - MOBILE,No,791 LEDGE HILL RD,CORINTH,ME,4427,207-991-3687,REGULAR,CREAMY DREAMY DELIGHTS LLC,Penobscot,0.01351351351,44.9422058,-69.0107728
25589,CREAMY DREAMY DELIGHTS,0,0,2018-07-02,2018-07-27,EATING PLACE - MOBILE,No,791 LEDGE HILL RD,CORINTH,ME,4427,207-991-3687,REGULAR,CREAMY DREAMY DELIGHTS LLC,Penobscot,0,44.9422058,-69.0107728
25589,CREAMY DREAMY DELIGHTS,0,0,2018-07-27,2019-07-27,EATING PLACE - MOBILE,No,791 LEDGE HILL RD,CORINTH,ME,4427,207-991-3687,REGULAR,CREAMY DREAMY DELIGHTS LLC,Penobscot,0,44.9422058,-69.0107728
25589,CREAMY DREAMY DELIGHTS,0,0,2019-07-25,2020-07-27,EATING PLACE - MOBILE,No,791 LEDGE HILL RD,CORINTH,ME,4427,207-991-3687,REGULAR,CREAMY DREAMY DELIGHTS LLC,Penobscot,0,44.9422058,-69.0107728
25589,CREAMY DREAMY DELIGHTS,0,0,2022-09-09,2023-07-27,EATING PLACE - MOBILE,No,791 LEDGE HILL RD,CORINTH,ME,4427,207-991-3687,REGULAR,CREAMY DREAMY DELIGHTS LLC,Penobscot,0,44.9422058,-69.0107728
25586,GYPSEA CHIZ LOBSTER,1,0,2019-06-26,2020-06-06,EATING PLACE - MOBILE,No,404 MAIN ST,BIRCH HARBOR,ME,4613,207-812-0198,REGULAR,THE GYPSEA CHIX CORP,Hancock,0.04054054054,44.3892281,-68.0349911
25586,GYPSEA CHIZ LOBSTER,0,0,2019-06-04,2015-10-21,EATING PLACE - MOBILE,No,404 MAIN ST,BIRCH HARBOR,ME,4613,207-812-0198,NEWOWNER,THE GYPSEA CHIX CORP,Hancock,0,44.3892281,-68.0349911
25586,GYPSEA CHIZ LOBSTER,0,0,2019-07-08,2020-06-06,EATING PLACE - MOBILE,No,404 MAIN ST,BIRCH HARBOR,ME,4613,207-812-0198,REGULAR,THE GYPSEA CHIX CORP,Hancock,0,44.3892281,-68.0349911
25575,THE STONE TURRET,0,1,2022-11-10,2023-06-12,BED AND BREAKFAST 5 ROOMS OR LESS,No,17C LINCOLN AVE,GARDINER,ME,4345,207-319-4010,REGULAR,THE STONE TURRET INC,Kennebec,0.01351351351,44.2159236,-69.7710247
25569,AROMA JOES,1,4,2022-12-27,2023-10-01,EATING PLACE TIER 1,No,10 OSSIPEE TRL W,STANDISH,ME,4084,207-939-4427,REGULAR,GLAMOROUS GROUNDS LLC,Cumberland,0.09459459459,43.7357174,-70.552318
25569,AROMA JOES,1,1,2024-11-26,2025-10-01,EATING PLACE TIER 1,No,10 OSSIPEE TRL W,STANDISH,ME,4084,207-939-4427,REGULAR,GLAMOROUS GROUNDS LLC,Cumberland,0.05405405405,43.7357174,-70.552318
25568,THE ICE CREAM SHOPPE,1,1,2022-07-27,2023-06-30,EATING PLACE TIER 2,No,171 WILTON RD,FARMINGTON,ME,4957,207-691-2829,REGULAR,THE ICE CREAM SHOPPE,Franklin,0.05405405405,44.6577225,-70.1536894
25568,THE ICE CREAM SHOPPE,0,0,2024-04-18,2024-06-30,EATING PLACE TIER 2,No,171 WILTON RD,FARMINGTON,ME,4957,207-691-2829,FOLLOW_UP_FULL,THE ICE CREAM SHOPPE,Franklin,0,44.6577225,-70.1536894
25566,THE LEBANESE CUISINE,1,5,2023-05-11,2023-07-01,EATING PLACE TIER 1,No,34 TEMPLE ST,WATERVILLE,ME,4901,207-873-7813,REGULAR,"NASR, SALIM",Kennebec,0.1081081081,44.550537,-69.6295515
25566,MEZZA,1,0,2024-07-30,2025-07-01,EATING PLACE TIER 1,No,34 TEMPLE ST,WATERVILLE,ME,4901,207-859-1039,REGULAR,MEZZA INC,Kennebec,0.04054054054,44.550537,-69.6295515
25551,EVENROODS,0,2,2021-02-10,2021-03-26,EATING AND CATERING,No,25 BROAD ST,BANGOR,ME,4401,207-941-8800,REGULAR,EVENROODS,Penobscot,0.02702702703,44.800794,-68.7710207
25550,BRULEE BIKE,1,1,2025-06-11,2026-05-09,EATING PLACE - MOBILE,No,19 AMHERST ST,PORTLAND,ME,4101,865-323-7395,REGULAR,"MCCARROLL, MEREDITH",Cumberland,0.05405405405,43.6722071,-70.2895012
25550,BRULEE BIKE,0,0,2024-05-08,,EATING PLACE - MOBILE,No,19 AMHERST ST,PORTLAND,ME,4101,865-323-7395,NEWOWNER,"MCCARROLL, MEREDITH",Cumberland,0,43.6722071,-70.2895012
25550,BRULEE BIKE,1,3,2022-06-08,2022-07-02,MUN - EATING PLACE - MOBILE,No,PORTLAND,PORTLAND,ME,4101,207-245-4995,REGULAR,"COMPTON, CHARLIE & SARAH",Cumberland,0.08108108108,43.6539343,-70.2910991
25550,BRULEE BIKE,0,0,2019-04-18,2019-07-02,MUN - EATING PLACE - MOBILE,No,PORTLAND,PORTLAND,ME,4101,207-245-4995,REGULAR,"COMPTON, CHARLIE & SARAH",Cumberland,0,43.6539343,-70.2910991
25548,AROMA JOES,0,5,2019-03-26,2019-06-04,EATING PLACE TIER 1,No,236 MAIN ST,WATERBORO,ME,4030,603-534-0854,REGULAR,CANTWELL CORP,Oxford,0.06756756757,43.5716819,-70.6813842
25548,AROMA JOES,0,2,2023-01-27,2023-06-04,EATING PLACE TIER 1,No,236 MAIN ST,WATERBORO,ME,4030,603-534-0854,REGULAR,CANTWELL CORP,Oxford,0.02702702703,43.5716819,-70.6813842
25543,THE HARBOR ROOM,2,9,2019-06-19,2019-07-10,EATING PLACE TIER 3,No,2477 BRISTOL RD,NEW HARBOR,ME,4554,207-350-9671,REGULAR,NEW HARBOR ENTERTAINMENT LLC,Lincoln,0.2027027027,43.879986,-69.5004508
25543,THE HARBOR ROOM,0,9,2022-05-20,2023-02-04,EATING PLACE TIER 3,No,2477 BRISTOL RD,NEW HARBOR,ME,4554,207-677-0216,REGULAR,"GEYER, CORTNEY",Lincoln,0.1216216216,43.879986,-69.5004508
25543,THE HARBOR ROOM,1,3,2020-08-11,2021-06-22,EATING PLACE TIER 3,No,2477 BRISTOL RD,NEW HARBOR,ME,4554,207-677-0216,REGULAR,REFUGE ENTERPRISES LLC,Lincoln,0.08108108108,43.879986,-69.5004508
25541,OTTO,3,7,2020-01-27,2020-06-19,EATING PLACE TIER 1,No,367 MAIN ST,YARMOUTH,ME,4096,207-400-5647,REGULAR,OSCAR PIZZA LLC,Cumberland,0.2162162162,43.8037314,-70.1933949
25541,OTTO,0,3,2020-02-28,2020-06-19,EATING PLACE TIER 1,No,367 MAIN ST,YARMOUTH,ME,4096,207-400-5647,FOLLOW_UP_FULL,OSCAR PIZZA LLC,Cumberland,0.04054054054,43.8037314,-70.1933949
25541,SALSA MEXICAN GRILL,6,7,2025-06-03,2026-04-11,EATING PLACE TIER 2,Yes,367 MAIN ST,YARMOUTH,ME,4096,207-712-9592,REGULAR,SALSA MEXICAN GRILL LLC,Cumberland,0.3378378378,43.8037314,-70.1933949
25541,SALSA MEXICAN GRILL,2,3,2025-07-11,2026-04-11,EATING PLACE TIER 2,No,367 MAIN ST,YARMOUTH,ME,4096,207-712-9592,FOLLOW_UP_FULL,SALSA MEXICAN GRILL LLC,Cumberland,0.1216216216,43.8037314,-70.1933949
25529,MJ'S PUB & GRUB,1,4,2023-08-17,2024-04-30,EATING PLACE TIER 2,No,3372 AROOSTOOK RD,EAGLE LAKE,ME,4739,207-444-7000,REGULAR,"COLE, MICHAEL",Aroostook,0.09459459459,47.0371888,-68.5957632
25527,STARBUCKS COFFEE #25782,1,8,2024-11-12,2025-10-07,EATING PLACE TIER 2,No,274 WESTERN AVE,AUGUSTA,ME,4330,207-877-1974,REGULAR,STARBUCKS CORP,Kennebec,0.1486486486,44.3147203,-69.8046718
25527,STARBUCKS COFFEE #25782,1,1,2019-12-04,2020-10-07,EATING PLACE TIER 2,No,274 WESTERN AVE,AUGUSTA,ME,4330,207-877-1974,REGULAR,STARBUCKS CORP,Kennebec,0.05405405405,44.3147203,-69.8046718
25527,STARBUCKS COFFEE #25782,0,2,2021-12-08,2022-10-07,EATING PLACE TIER 2,No,274 WESTERN AVE,AUGUSTA,ME,4330,207-877-1974,REGULAR,STARBUCKS CORP,Kennebec,0.02702702703,44.3147203,-69.8046718
25520,SLUSH KING I,0,0,2018-06-10,2017-06-11,MUN - EATING PLACE - TEMPORARY,No,OLD PORT,PORTLAND,ME,4101,617-561-7050,REGULAR,SLUSH KING LLC,Cumberland,0,43.6558735,-70.2549859
25519,BANGOR DRIVE-IN,1,5,2021-06-18,2021-06-26,EATING PLACE TIER 1,No,1374 HAMMOND ST,HERMON,ME,4401,207-942-1409,REGULAR,BANGOR DRIVE-INN LLC,Penobscot,0.1081081081,44.7945662,-68.876624
25518,PEAKS ISLAND HOTDOGS,0,0,2019-06-25,,EATING PLACE - MOBILE,No,PEAKS ISLAND,PORTLAND,ME,4108,207-400-6252,NEWOWNER,PEAKS ISLAND HOTDOGS,Cumberland,0,43.6570272,-70.1961587
25518,THE HOT DOG CART ON PEAKS,3,1,2018-08-06,2019-06-18,MUN - EATING PLACE - MOBILE,No,PEAKS ISLAND,PORTLAND,ME,4108,207-747-4298,REGULAR,"FLYNN, PATRICK T",Cumberland,0.1351351351,43.6570272,-70.1961587
25514,RESIDENCE INN BANGOR,0,0,2024-01-19,2024-08-31,EATING AND LODGING,No,22 BASS PARK BLVD,BANGOR,ME,4401,207-433-0800,REGULAR,BANRES LLC,Penobscot,0,44.7879865,-68.7799524
25514,RESIDENCE INN BANGOR,0,0,2024-09-05,2025-08-31,EATING AND LODGING,No,22 BASS PARK BLVD,BANGOR,ME,4401,207-433-0800,REGULAR,BANRES LLC,Penobscot,0,44.7879865,-68.7799524
25513,TIMBER KITCHEN & BAR,3,4,2024-05-01,2024-10-05,EATING PLACE TIER 3,No,22 BASS PARK BLVD,BANGOR,ME,4401,207-433-0800,REGULAR,TIMBER KITCHEN LLC,Penobscot,0.1756756757,44.7879865,-68.7799524
25507,WILD BILL SODA,0,0,2018-06-10,2017-06-11,MUN - EATING PLACE - TEMPORARY,No,OLD PORT,PORTLAND,ME,4101,518-369-4536,REGULAR,NORTHEAST OLD FASHIONED COMPANY INC,Cumberland,0,43.6558735,-70.2549859
25502,27 WEST GRAND,1,5,2018-08-22,2019-06-11,EATING PLACE TIER 2,No,27 W GRAND AVE,OLD ORCHARD BEACH,ME,4106,207-671-2584,REGULAR,27 WEST GRAND LLC,York,0.1081081081,43.5138559,-70.3757723
25502,27 WEST GRAND,2,1,2022-09-29,2022-06-11,EATING PLACE TIER 2,No,27 W GRAND AVE,OLD ORCHARD BEACH,ME,4106,207-671-2584,REGULAR,27 WEST GRAND LLC,York,0.09459459459,43.5138559,-70.3757723
25502,27 WEST GRAND,1,1,2025-07-15,2026-06-11,EATING PLACE TIER 2,No,27 W GRAND AVE,OLD ORCHARD BEACH,ME,4106,207-671-2584,REGULAR,27 WEST GRAND LLC,York,0.05405405405,43.5138559,-70.3757723
25494,UP AND UP,0,1,2020-02-21,2020-05-14,EATING PLACE TIER 1,No,206 MAIN ST,SACO,ME,4072,207-284-3445,REGULAR,UP & UP LLC,York,0.01351351351,43.4973099,-70.4465907
25494,UP AND UP,0,0,2024-01-25,2024-05-14,EATING PLACE TIER 1,No,206 MAIN ST,SACO,ME,4072,207-284-3445,REGULAR,UP & UP LLC,York,0,43.4973099,-70.4465907
25493,THE ICE CREAM SHOP @ ARTHUR FENN PARK,0,1,2024-08-30,2025-05-27,EATING PLACE TIER 1,No,547 MAINE ST,POLAND,ME,4274,207-998-4351,REGULAR,IMAGE INC,Androscoggin,0.01351351351,44.0252587,-70.3669145
25487,LOVESHACK JUICERY,1,8,2024-08-19,2025-06-30,EATING PLACE TIER 1,No,68 SHORE RD,OGUNQUIT,ME,3907,207-852-9939,REGULAR,LOVESHACK PRESSERY LLC,York,0.1486486486,43.2471575,-70.5980111
25487,LOVESHACK JUICERY,1,4,2018-08-07,2019-06-30,EATING PLACE TIER 1,No,68 SHORE RD,OGUNQUIT,ME,3907,207-852-9939,REGULAR,LOVESHACK PRESSERY LLC,York,0.09459459459,43.2471575,-70.5980111
25487,LOVESHACK JUICERY,0,4,2022-09-21,2023-06-30,EATING PLACE TIER 1,No,68 SHORE RD,OGUNQUIT,ME,3907,207-852-9939,REGULAR,LOVESHACK PRESSERY LLC,York,0.05405405405,43.2471575,-70.5980111
25486,MAMI FOOD TRUCK,3,1,2024-08-08,2025-06-01,MUN - EATING PLACE - MOBILE,No,35 BRYANT ST,PORTLAND,ME,4103,207-899-8689,REGULAR,MAMI FOOD TRUCK LLC,Cumberland,0.1351351351,43.6750745,-70.2839368
25486,MAMI FOOD TRUCK,1,0,2019-06-01,2019-06-01,MUN - EATING PLACE - MOBILE,No,35 BRYANT ST,PORTLAND,ME,4103,207-899-8689,REGULAR,MAMI FOOD TRUCK LLC,Cumberland,0.04054054054,43.6750745,-70.2839368
25486,MAMI FOOD TRUCK,0,0,2018-05-19,2018-06-01,MUN - EATING PLACE - MOBILE,No,35 BRYANT ST,PORTLAND,ME,4103,207-899-8689,REGULAR,MAMI FOOD TRUCK LLC,Cumberland,0,43.6750745,-70.2839368
25482,SEA SALT,3,6,2022-11-08,2023-06-22,EATING PLACE TIER 2,No,660 MAIN ST,SACO,ME,4072,207-641-5054,REGULAR,SEA SALT PRODUCT LLC,Cumberland,0.2027027027,43.516203,-70.4295844
25482,SEA SALT,1,2,2020-02-19,2020-06-22,EATING PLACE TIER 2,No,660 MAIN ST,SACO,ME,4072,207-494-1178,REGULAR,SEA SALT PRODUCT LLC,Cumberland,0.06756756757,43.516203,-70.4295844
25482,SEA SALT,1,2,2025-03-05,2025-06-22,EATING PLACE TIER 2,No,660 MAIN ST,SACO,ME,4072,207-641-5054,REGULAR,SEA SALT PRODUCT LLC,Cumberland,0.06756756757,43.516203,-70.4295844
25481,SACO CINEMAGIC,1,0,2019-11-19,2020-05-11,EATING PLACE TIER 1,No,779 PORTLAND RD,SACO,ME,4072,207-282-6234,REGULAR,ZYACORP ENTERTAINMENT I LLC,Cumberland,0.04054054054,43.5285596,-70.4242145
25481,SACO APPLE CINEMAS,0,1,2021-10-07,2021-02-23,EATING PLACE TIER 1,No,779 PORTLAND RD,SACO,ME,4072,207-776-1744,NEWOWNER,SAND MEDIA NM INC,Cumberland,0.01351351351,43.5285596,-70.4242145
25481,SACO APPLE CINEMAS,0,0,2024-01-31,2024-10-07,EATING PLACE TIER 1,No,779 PORTLAND RD,SACO,ME,4072,603-296-7805,REGULAR,SAND MEDIA NM INC,Cumberland,0,43.5285596,-70.4242145
25479,LAKE & CO,0,0,2023-12-20,2024-06-23,CATERING,No,881 ROUTE 1,YARMOUTH,ME,4096,207-798-9983,REGULAR,H LAKE AND CO LLC,Cumberland,0,43.8051101,-70.1729819
25474,CANNOLI JOES,0,0,2018-05-19,2019-05-05,MUN - EATING PLACE - MOBILE,No,OLD PORT,PORTLAND,ME,4101,207-653-3524,REGULAR,"HAMILTON, JOSEPH L",Cumberland,0,43.6558735,-70.2549859
25474,CANNOLI JOES,0,0,2019-06-01,2020-05-05,MUN - EATING PLACE - MOBILE,No,OLD PORT,PORTLAND,ME,4101,207-653-3524,REGULAR,"HAMILTON, JOSEPH L",Cumberland,0,43.6558735,-70.2549859
25473,HARMONS DAIRY BAR @ MOOREBROOK FARM,0,1,2024-07-02,2025-06-18,EATING PLACE - TAKEOUT,No,2 SPURWINK RD,SCARBOROUGH,ME,4074,207-730-1710,REGULAR,SUZIE SNOWFLAKES EDIBLES,Cumberland,0.01351351351,43.5584901,-70.3030759
25473,RED BOOT CREAMERY,0,1,2025-07-14,2026-05-20,EATING PLACE - TAKEOUT,No,3 SPURWINK RD,SCARBOROUGH,ME,4074,207-523-0584,REGULAR,RED BOOT CREAMERY LLC,Cumberland,0.01351351351,43.5580058,-70.3025145
25473,HARMONS DAIRY BAR,1,1,2019-08-09,2020-06-23,EATING PLACE TIER 1,No,2 SPURWINK RD,SCARBOROUGH,ME,4074,207-730-1710,REGULAR,HARMONS DAIRY BAR LLC,Cumberland,0.05405405405,43.5584901,-70.3030759
25466,LUBEC BREWING COMPANY,0,0,2019-04-19,2019-05-07,EATING PLACE TIER 2,No,41 WATER ST,LUBEC,ME,4652,207-733-4555,REGULAR,LUBEC BREWING COMPANY LLC,Washington,0,44.8608964,-66.9835996
25465,THE MARSHMALLOW CART,0,0,2018-09-14,2019-05-08,MUN - EATING PLACE - MOBILE,No,PORTLAND,PORTLAND,ME,4101,207-415-3517,REGULAR,GOUZIE BRAND MANAGEMENT,Cumberland,0,43.6539343,-70.2910991
25461,ROCK N ROLL DOGS,1,2,2018-06-21,2019-07-02,MUN - EATING PLACE,No,57 LINCOLN ST,PORTLAND,ME,4103,207-553-0456,REGULAR,ROCK N ROLL DOGS LLC,Cumberland,0.06756756757,43.6693286,-70.2850213
25461,ROCK N ROLL DOGS,0,0,2019-07-03,2020-07-02,MUN - EATING PLACE,No,57 LINCOLN ST,PORTLAND,ME,4103,207-553-0456,REGULAR,ROCK N ROLL DOGS LLC,Cumberland,0,43.6693286,-70.2850213
25459,MARGARETS,0,1,2018-05-30,2019-05-21,EATING PLACE TIER 1,No,1 OAK DR,NORTHPORT,ME,4849,207-441-2330,REGULAR,"LONG, MARGARET M",Waldo,0.01351351351,44.335876,-68.95862
25457,OXBOW BREWING COMPANY,1,1,2021-07-08,2021-06-03,MUN - EATING PLACE,No,49 WASHINGTON AVE,PORTLAND,ME,4101,207-315-5962,REGULAR,OXBOW BREWING COMPANY LLC,Cumberland,0.05405405405,43.664967,-70.251183
25457,OXBOW BREWING COMPANY,1,1,2023-08-02,2024-06-03,MUN - EATING PLACE,No,49 WASHINGTON AVE,PORTLAND,ME,4101,207-315-5962,REGULAR,OXBOW BREWING COMPANY LLC,Cumberland,0.05405405405,43.664967,-70.251183
25457,OXBOW BREWING COMPANY,0,0,2018-09-05,2019-06-03,MUN - EATING PLACE,No,49 WASHINGTON AVE,PORTLAND,ME,4101,207-315-5962,REGULAR,OXBOW BREWING COMPANY LLC,Cumberland,0,43.664967,-70.251183
25457,OXBOW BREWING COMPANY,0,0,2019-09-17,2020-06-03,MUN - EATING PLACE,No,49 WASHINGTON AVE,PORTLAND,ME,4101,207-315-5962,REGULAR,OXBOW BREWING COMPANY LLC,Cumberland,0,43.664967,-70.251183
25457,OXBOW BREWING COMPANY,0,0,2022-07-19,2022-06-03,MUN - EATING PLACE,No,49 WASHINGTON AVE,PORTLAND,ME,4101,207-315-5962,REGULAR,OXBOW BREWING COMPANY LLC,Cumberland,0,43.664967,-70.251183
25457,OXBOW BREWING COMPANY,0,0,2024-08-22,2024-06-03,MUN - EATING PLACE,No,49 WASHINGTON AVE,PORTLAND,ME,4101,207-315-5962,REGULAR,OXBOW BREWING COMPANY LLC,Cumberland,0,43.664967,-70.251183
25445,BP'S SHUCK SHACK,2,5,2019-08-30,2020-06-01,MUN - EATING PLACE - MOBILE,No,PORTLAND,PORTLAND,ME,4101,207-380-9888,REGULAR,THE SHUCK SHACK LLC,Cumberland,0.1486486486,43.6539343,-70.2910991
25445,BP'S SHUCK SHACK,2,1,2018-06-06,2018-06-01,MUN - EATING PLACE - MOBILE,No,PORTLAND,PORTLAND,ME,4101,207-380-9888,REGULAR,THE SHUCK SHACK LLC,Cumberland,0.09459459459,43.6539343,-70.2910991
25444,BIRD & CO,5,4,2023-04-25,2024-03-05,MUN - EATING AND CATERING,Yes,539 DEERING AVE,PORTLAND,ME,4103,323-514-6013,REGULAR,DEERING 539 LLC,Cumberland,0.2567567568,43.6703172,-70.2842021
25444,BIRD & CO,4,5,2023-09-13,2024-03-05,MUN - EATING AND CATERING,Yes,539 DEERING AVE,PORTLAND,ME,4103,323-514-6013,REGULAR,DEERING 539 LLC,Cumberland,0.2297297297,43.6703172,-70.2842021
25444,BIRD & CO,3,7,2021-09-16,2022-03-05,MUN - EATING AND CATERING,No,539 DEERING AVE,PORTLAND,ME,4103,323-514-6013,REGULAR,DEERING 539 LLC,Cumberland,0.2162162162,43.6703172,-70.2842021
25444,BIRD & CO,3,2,2025-02-05,2025-03-05,MUN - EATING AND CATERING,No,539 DEERING AVE,PORTLAND,ME,4103,323-514-6013,REGULAR,DEERING 539 LLC,Cumberland,0.1486486486,43.6703172,-70.2842021
25444,BIRD & CO,2,3,2024-01-31,2024-03-05,MUN - EATING AND CATERING,No,539 DEERING AVE,PORTLAND,ME,4103,323-514-6013,REGULAR,DEERING 539 LLC,Cumberland,0.1216216216,43.6703172,-70.2842021
25444,BIRD & CO,1,1,2022-05-24,2023-03-05,MUN - EATING AND CATERING,No,539 DEERING AVE,PORTLAND,ME,4103,323-514-6013,REGULAR,DEERING 539 LLC,Cumberland,0.05405405405,43.6703172,-70.2842021
25444,BIRD & CO,0,0,2023-05-04,2024-03-05,MUN - EATING AND CATERING,No,539 DEERING AVE,PORTLAND,ME,4103,323-514-6013,FOLLOW_UP_FULL,DEERING 539 LLC,Cumberland,0,43.6703172,-70.2842021
25444,BIRD & CO,2,2,2019-08-21,2020-03-05,MUN - EATING PLACE,No,539 DEERING AVE,PORTLAND,ME,4103,323-514-6013,REGULAR,DEERING 539 LLC,Cumberland,0.1081081081,43.6703172,-70.2842021
25444,BIRD & CO.,0,0,2019-03-04,2018-09-18,MUN - EATING PLACE,No,539 DEERING AVE,PORTLAND,ME,4103,207-208-9500,NEWOWNER,,Cumberland,0,43.6703172,-70.2842021
25438,FRESH ELLAS,0,2,2018-09-21,2019-05-04,EATING PLACE - MOBILE,No,443 BARTLETT RD,MOUNT VERNON,ME,4352,207-320-8303,REGULAR,"BOR, CAREY",Kennebec,0.02702702703,44.4310428,-69.9031236
25436,HAMPTON INN,1,0,2022-05-25,2023-05-06,EATING AND LODGING,No,12 NORMAN RD,BAR HARBOR,ME,4605,207-288-3210,REGULAR,W S ATLANTIC LLC,Hancock,0.04054054054,44.3905259,-68.2222093
25436,HAMPTON INN,0,1,2019-07-24,2020-05-06,EATING AND LODGING,No,12 NORMAN RD,BAR HARBOR,ME,4605,207-288-3210,REGULAR,W S ATLANTIC LLC,Hancock,0.01351351351,44.3905259,-68.2222093
25436,HAMPTON INN,0,1,2025-07-31,2026-05-06,EATING AND LODGING,No,12 NORMAN RD,BAR HARBOR,ME,4605,207-288-3210,REGULAR,W S ATLANTIC LLC,Hancock,0.01351351351,44.3905259,-68.2222093
25436,HAMPTON INN,0,0,2019-07-24,2020-05-06,EATING AND LODGING,No,12 NORMAN RD,BAR HARBOR,ME,4605,207-288-3210,REGULAR,W S ATLANTIC LLC,Hancock,0,44.3905259,-68.2222093
25436,HAMPTON INN,0,0,2022-05-25,2023-05-06,EATING AND LODGING,No,12 NORMAN RD,BAR HARBOR,ME,4605,207-288-3210,REGULAR,W S ATLANTIC LLC,Hancock,0,44.3905259,-68.2222093
25436,HAMPTON INN,0,0,2025-07-31,2026-05-06,EATING AND LODGING,No,12 NORMAN RD,BAR HARBOR,ME,4605,207-288-3210,REGULAR,W S ATLANTIC LLC,Hancock,0,44.3905259,-68.2222093
25431,HELENS RESTAURANT,3,1,2024-03-29,2024-05-28,EATING AND CATERING,No,111 MAIN ST,MACHIAS,ME,4654,207-255-8423,REGULAR,HELENS RESTAURANT OF MACHIAS LLC,Washington,0.1351351351,44.7192411,-67.4509062
25431,HELENS RESTAURANT,2,1,2019-02-25,2019-05-28,EATING AND CATERING,No,111 MAIN ST,MACHIAS,ME,4654,207-255-8423,REGULAR,HELENS RESTAURANT OF MACHIAS LLC,Washington,0.09459459459,44.7192411,-67.4509062
25431,HELENS RESTAURANT,0,1,2021-12-01,2022-05-28,EATING AND CATERING,No,111 MAIN ST,MACHIAS,ME,4654,207-255-8423,REGULAR,HELENS RESTAURANT OF MACHIAS LLC,Washington,0.01351351351,44.7192411,-67.4509062
25422,THE LITTLE BRICK PUB,1,4,2024-12-05,2025-11-26,EATING PLACE TIER 2,No,15 ELM ST,MECHANIC FALLS,ME,4256,207-576-2803,REGULAR,T & BN LLC,Androscoggin,0.09459459459,44.1106413,-70.3906467
25422,THE LITTLE BRICK PUB,1,1,2021-01-08,2021-11-26,EATING PLACE TIER 2,No,15 ELM ST,MECHANIC FALLS,ME,4256,207-576-2803,REGULAR,T & BN LLC,Androscoggin,0.05405405405,44.1106413,-70.3906467
25420,CAFE CREPE,2,3,2023-07-26,2024-05-03,EATING PLACE - MOBILE,No,6 LILY BAY RD,GREENVILLE,ME,4441,970-389-8677,REGULAR,CAFE CREPE LLC,Piscataquis,0.1216216216,45.4605228,-69.5906535
25419,CRISPY GAI,4,4,2024-03-27,2024-06-08,MUN - EATING PLACE,Yes,90 EXCHANGE ST,PORTLAND,ME,4101,207-664-3331,REGULAR,CRISPY GAI LLC,Cumberland,0.2162162162,43.6580535,-70.2555048
25419,EAUX,1,5,2020-02-19,2020-05-08,MUN - EATING PLACE,No,90 EXCHANGE ST,PORTLAND,ME,4101,727-641-7724,REGULAR,EAUX LLC,Cumberland,0.1081081081,43.6580535,-70.2555048
25419,EAUX,2,1,2019-05-24,2019-05-08,MUN - EATING PLACE,No,90 EXCHANGE ST,PORTLAND,ME,4101,727-641-7724,REGULAR,EAUX LLC,Cumberland,0.09459459459,43.6580535,-70.2555048
25419,CRISPY GAI,1,3,2023-03-30,2023-06-08,MUN - EATING PLACE,No,90 EXCHANGE ST,PORTLAND,ME,4101,413-636-9688,REGULAR,CRISPY GAI LLC,Cumberland,0.08108108108,43.6580535,-70.2555048
25419,CRISPY GAI,1,2,2025-03-14,2025-06-08,MUN - EATING PLACE,No,90 EXCHANGE ST,PORTLAND,ME,4101,207-664-3331,REGULAR,CRISPY GAI LLC,Cumberland,0.06756756757,43.6580535,-70.2555048
25419,CRISPY GAI,0,1,2022-03-01,2022-06-08,MUN - EATING PLACE,No,90 EXCHANGE ST,PORTLAND,ME,4101,413-636-9688,REGULAR,CRISPY GAI LLC,Cumberland,0.01351351351,43.6580535,-70.2555048
25419,EAUX,0,0,2018-10-11,2019-05-08,MUN - EATING PLACE,No,90 EXCHANGE ST,PORTLAND,ME,4101,727-641-7724,FOLLOW_UP_FULL,EAUX LLC,Cumberland,0,43.6580535,-70.2555048
25407,CHEF JACQUES CREPE WAGON,0,1,2023-06-02,2023-07-15,EATING PLACE - MOBILE,No,1361 BRANCH RD,WELLS,ME,4090,207-423-8219,REGULAR,"EDMONDS, JOHN",York,0.01351351351,43.3732611,-70.6001526
25407,CHEF JACQUES CREPE WAGON,0,0,2020-05-28,2020-07-15,EATING PLACE - MOBILE,No,1361 BRANCH RD,WELLS,ME,4090,207-423-8219,REGULAR,"EDMONDS, JOHN",York,0,43.3732611,-70.6001526
25397,DUNKIN DONUTS,1,3,2025-03-25,2026-03-31,EATING PLACE TIER 1,No,36 MAIN ST,DIXFIELD,ME,4224,207-562-4842,REGULAR,DMCP GROUP LLC,Oxford,0.08108108108,44.5313149,-70.4562706
25397,DUNKIN DONUTS,0,3,2020-02-24,2020-03-31,EATING PLACE TIER 1,No,36 MAIN ST,DIXFIELD,ME,4224,207-562-4842,REGULAR,DMCP GROUP LLC,Oxford,0.04054054054,44.5313149,-70.4562706
25396,LOONEY TO GO,1,0,2019-07-17,2018-06-27,EATING PLACE - MOBILE,No,105 HARBOR RD,WELLS,ME,4090,207-604-2384,REGULAR,"CORR, MAURA B",York,0.04054054054,43.3211986,-70.5764505
25395,WHAT-A-WRAP,0,0,2024-08-01,2025-04-15,EATING PLACE - MOBILE,No,51 MAIN ST,KENNEBUNK,ME,4043,207-809-9113,REGULAR,WHAT-A-WRAP,York,0,43.3860109,-70.5401718
25390,DUNNES OLD FASHION ICE CREAM,1,5,2024-06-24,2025-05-19,EATING PLACE TIER 1,No,214 NUBBLE RD,YORK,ME,3909,207-363-1277,REGULAR,BROWNS OLD FASHIONED ICE CREAM,York,0.1081081081,43.1677697,-70.5959213
25390,DUNNES OLD FASHION ICE CREAM,1,3,2018-07-18,2019-05-19,EATING PLACE TIER 1,No,214 NUBBLE RD,YORK,ME,ME,207-363-1277,REGULAR,BROWNS OLD FASHIONED ICE CREAM,York,0.08108108108,43.1677697,-70.5959213
25390,DUNNES OLD FASHION ICE CREAM,1,2,2022-06-13,2023-05-19,EATING PLACE TIER 1,No,214 NUBBLE RD,YORK,ME,3909,207-363-1277,REGULAR,BROWNS OLD FASHIONED ICE CREAM,York,0.06756756757,43.1677697,-70.5959213
25388,FIGGYS TAKEOUT & CATERING,1,2,2019-03-22,2019-05-28,MUN - EATING AND CATERING,No,722 B CONGRESS ST,PORTLAND,ME,4102,207-805-0085,REGULAR,FAB CORP,Cumberland,0.06756756757,43.6542404,-70.2770789
25388,FIGGYS TAKEOUT & CATERING,1,2,2020-03-10,2020-05-28,MUN - EATING AND CATERING,No,722 B CONGRESS ST,PORTLAND,ME,4102,207-805-0085,REGULAR,FAB CORP,Cumberland,0.06756756757,43.6542404,-70.2770789
25388,FIGGYS TAKEOUT & CATERING,1,0,2018-03-22,2018-05-28,MUN - EATING AND CATERING,No,722 B CONGRESS ST,PORTLAND,ME,4102,207-805-0085,REGULAR,FAB CORP,Cumberland,0.04054054054,43.6542404,-70.2770789
25388,FIGGYS TAKEOUT & CATERING,0,2,2019-09-17,2020-05-28,MUN - EATING AND CATERING,No,722 B CONGRESS ST,PORTLAND,ME,4102,207-805-0085,REGULAR,FAB CORP,Cumberland,0.02702702703,43.6542404,-70.2770789
25388,TO BI TAKEOUT,1,3,2023-01-17,,MUN - EATING PLACE TAKEOUT,No,722 B CONGRESS ST,PORTLAND,ME,4102,207-536-7060,REGULAR,EAT TO LIVE,Cumberland,0.08108108108,43.6542404,-70.2770789
25388,LITTLE PIG,1,0,2023-09-29,2024-05-08,MUN - EATING PLACE TAKEOUT,No,722 B CONGRESS ST,PORTLAND,ME,4102,207-544-3830,REGULAR,LITTLE PIG LLC,Cumberland,0.04054054054,43.6542404,-70.2770789
25388,LITTLE PIG,0,1,2024-09-11,2025-05-08,MUN - EATING PLACE TAKEOUT,No,722 B CONGRESS ST,PORTLAND,ME,4102,207-712-1348,REGULAR,LITTLE PIG LLC,Cumberland,0.01351351351,43.6542404,-70.2770789
25388,PINTO BOX,0,0,2022-01-10,,MUN - EATING PLACE TAKEOUT,No,722 B CONGRESS ST,PORTLAND,ME,4102,714-980-9168,NEWOWNER,HEN HOUSE INC,Cumberland,0,43.6542404,-70.2770789
25388,TO BI TAKEOUT,0,0,2022-04-22,2023-01-12,MUN - EATING PLACE TAKEOUT,No,722 B CONGRESS ST,PORTLAND,ME,4102,207-536-7060,NEWOWNER,HEN HOUSE INC,Cumberland,0,43.6542404,-70.2770789
25388,LITTLE PIG,0,0,2023-05-05,,MUN - EATING PLACE TAKEOUT,No,722 B CONGRESS ST,PORTLAND,ME,4102,207-544-3830,NEWOWNER,LITTLE PIG LLC,Cumberland,0,43.6542404,-70.2770789
25384,Sidelines Sports Bar,0,1,2019-01-31,,EATING AND CATERING,No,367 STATE ST,ELLSWORTH,ME,4605,207-299-4565,NEWOWNER,B & B BURGERS INC,Hancock,0.01351351351,44.5588786,-68.4340138
25384,SIDELINES SPORTS BAR,1,2,2019-03-21,2019-04-01,EATING PLACE TIER 2,No,367 STATE ST,ELLSWORTH,ME,4605,207-659-3478,REGULAR,DZC LLC,Hancock,0.06756756757,44.5588786,-68.4340138
25383,VIVO ITALIAN KITCHEN,2,4,2020-01-17,2020-01-24,EATING AND CATERING,No,18 A DEPOT ST,BRIDGTON,ME,4009,207-647-8488,REGULAR,A CORKED FORK LLC,Cumberland,0.1351351351,44.0539504,-70.7075119
25383,ANCORA ITALIAN KITCHEN,2,3,2025-04-23,2025-11-25,EATING AND CATERING,No,18 A DEPOT ST,BRIDGTON,ME,4009,207-803-8331,REGULAR,A CORKED FORK LLC,Cumberland,0.1216216216,44.0539504,-70.7075119
25383,VIVO COUNTRY ITALIAN KITCHEN & BAR,1,6,2018-10-25,2019-11-12,EATING PLACE TIER 2,No,18 A DEPOT ST,BRIDGTON,ME,4009,781-953-4164,REGULAR,CUCINA PAZZA INC,Cumberland,0.1216216216,44.0539504,-70.7075119
25375,SMITTYS CINEMA,3,1,2018-01-26,2018-05-14,EATING PLACE TIER 3,No,65 TOPSHAM FAIR MALL RD,TOPSHAM,ME,4086,603-819-9220,REGULAR,SMITTY CINEMA- TOPSHAM LLC,Sagadahoc,0.1351351351,43.9381304,-69.9812435
25375,SMITTYS CINEMA,1,1,2022-09-12,2023-05-14,EATING PLACE TIER 3,No,65 TOPSHAM FAIR MALL RD,TOPSHAM,ME,4086,603-819-9220,REGULAR,SMITTY CINEMA- TOPSHAM LLC,Sagadahoc,0.05405405405,43.9381304,-69.9812435
25374,THE PRESS HOTEL & UNION RESTAURANT,7,4,2025-02-18,2026-03-22,MUN - EATING AND LODGING,Yes,119 EXCHANGE ST,PORTLAND,ME,4101,207-808-8750,REGULAR,HTLV PORTLAND TRS LLC,Cumberland,0.3378378378,43.6587489,-70.2562044
25374,THE PRESS HOTEL & UNION RESTAURANT,7,3,2023-09-22,2024-03-22,MUN - EATING AND LODGING,Yes,119 EXCHANGE ST,PORTLAND,ME,4101,207-808-8750,REGULAR,HTLV PORTLAND TRS LLC,Cumberland,0.3243243243,43.6587489,-70.2562044
25374,THE PRESS HOTEL & UNION RESTAURANT,6,6,2024-09-20,2025-03-22,MUN - EATING AND LODGING,Yes,119 EXCHANGE ST,PORTLAND,ME,4101,207-808-8750,REGULAR,HTLV PORTLAND TRS LLC,Cumberland,0.3243243243,43.6587489,-70.2562044
25374,THE PRESS HOTEL & UNION RESTAURANT,3,5,2022-12-14,2023-03-22,MUN - EATING AND LODGING,No,119 EXCHANGE ST,PORTLAND,ME,4101,207-808-9700,REGULAR,HTLV PORTLAND TRS LLC,Cumberland,0.1891891892,43.6587489,-70.2562044
25374,THE PRESS HOTEL,3,2,2019-02-04,2019-05-01,MUN - EATING AND LODGING,No,119 EXCHANGE ST.,PORTLAND,ME,4101,207-808-8709,REGULAR,PRESS HOTEL MT LLC,Cumberland,0.1486486486,43.6587489,-70.2562044
25374,THE PRESS HOTEL,3,2,2019-09-12,2020-05-01,MUN - EATING AND LODGING,No,119 EXCHANGE ST,PORTLAND,ME,4101,207-808-8709,REGULAR,PRESS HOTEL MT LLC,Cumberland,0.1486486486,43.6587489,-70.2562044
25374,THE PRESS HOTEL & UNION RESTAURANT,3,1,2022-03-21,2022-05-01,MUN - EATING AND LODGING,No,119 EXCHANGE ST,PORTLAND,ME,4101,207-808-9700,NEWOWNER,PRESS HOTEL LLC,Cumberland,0.1351351351,43.6587489,-70.2562044
25374,THE PRESS HOTEL & UNION RESTAURANT,3,0,2023-10-05,2024-03-22,MUN - EATING AND LODGING,No,119 EXCHANGE ST,PORTLAND,ME,4101,207-808-8750,FOLLOW_UP_FULL,HTLV PORTLAND TRS LLC,Cumberland,0.1216216216,43.6587489,-70.2562044
25374,THE PRESS HOTEL,0,3,2018-01-17,2018-05-01,MUN - EATING AND LODGING,No,119 EXCHANGE ST,PORTLAND,ME,4101,207-808-8709,REGULAR,PRESS HOTEL MT LLC,Cumberland,0.04054054054,43.6587489,-70.2562044
25374,THE PRESS HOTEL,0,0,2018-01-17,2018-05-01,MUN - EATING AND LODGING,No,119 EXCHANGE ST,PORTLAND,ME,4101,207-808-8709,REGULAR,PRESS HOTEL MT LLC,Cumberland,0,43.6587489,-70.2562044
25374,THE PRESS HOTEL,0,0,2019-02-04,2019-05-01,MUN - EATING AND LODGING,No,119 EXCHANGE ST,PORTLAND,ME,4101,207-808-8709,REGULAR,PRESS HOTEL MT LLC,Cumberland,0,43.6587489,-70.2562044
25374,THE PRESS HOTEL & UNION RESTAURANT,0,0,2022-03-21,2022-05-01,MUN - EATING AND LODGING,No,119 EXCHANGE ST,PORTLAND,ME,4101,207-808-9700,NEWOWNER,PRESS HOTEL LLC,Cumberland,0,43.6587489,-70.2562044
25374,THE PRESS HOTEL & UNION RESTAURANT,0,0,2022-12-14,2023-03-22,MUN - EATING AND LODGING,No,119 EXCHANGE ST,PORTLAND,ME,4101,207-808-9700,REGULAR,HTLV PORTLAND TRS LLC,Cumberland,0,43.6587489,-70.2562044
25374,THE PRESS HOTEL & UNION RESTAURANT,0,0,2025-02-18,2026-03-22,MUN - EATING AND LODGING,No,119 EXCHANGE ST,PORTLAND,ME,4101,207-808-8750,REGULAR,HTLV PORTLAND TRS LLC,Cumberland,0,43.6587489,-70.2562044
25371,LINCOLNS,3,1,2023-11-29,2024-09-04,MUN - EATING PLACE,No,36 MARKET ST,PORTLAND,ME,4101,207-653-6278,REGULAR,"DRINKWATER, OHLSON & BRIGGS INC",Cumberland,0.1351351351,43.6569804,-70.2531675
25371,LINCOLNS,2,1,2022-03-02,2022-06-12,MUN - EATING PLACE,No,36 MARKET ST,PORTLAND,ME,4101,207-653-6278,REGULAR,"DRINKWATER, OHLSON & BRIGGS INC",Cumberland,0.09459459459,43.6569804,-70.2531675
25371,LINCOLNS,1,1,2024-12-04,2025-06-12,MUN - EATING PLACE,No,36 MARKET ST,PORTLAND,ME,4101,207-653-6278,REGULAR,"DRINKWATER, OHLSON & BRIGGS INC",Cumberland,0.05405405405,43.6569804,-70.2531675
25371,LINCOLNS,0,1,2019-01-15,2019-06-12,MUN - EATING PLACE,No,36 MARKET ST,PORTLAND,ME,4101,207-653-6278,REGULAR,"DRINKWATER, OHLSON & BRIGGS INC",Cumberland,0.01351351351,43.6569804,-70.2531675
25369,ROSELLAS OF FORT FAIRFIELD,4,9,2019-04-24,2020-03-19,EATING PLACE TIER 2,Yes,314 MAIN ST,FORT FAIRFIELD,ME,4742,207-476-5555,REGULAR,DEMERCHANTS INC,Aroostook,0.2837837838,46.7718441,-67.8310656
25369,ROSELLAS OF FORT FAIRFIELD,1,5,2019-05-08,2020-03-19,EATING PLACE TIER 2,No,314 MAIN ST,FORT FAIRFIELD,ME,4742,207-476-5555,FOLLOW_UP_FULL,DEMERCHANTS INC,Aroostook,0.1081081081,46.7718441,-67.8310656
25348,BELLA GIAS,2,7,2018-10-22,2019-02-02,EATING PLACE TIER 2,No,1587 ATLANTIC HWY,WALDOBORO,ME,4572,207-832-5885,REGULAR,JSSJ INC,Lincoln,0.1756756757,44.1019158,-69.3794882
25348,ROADSIDE,0,2,2021-05-10,2020-12-15,EATING PLACE TIER 2,No,1587 ATLANTIC HWY,WALDOBORO,ME,4572,207-632-6002,NEWOWNER,"ELLIOT, SHAWN",Lincoln,0.02702702703,44.1019158,-69.3794882
25344,ROLLING FATTIES,2,2,2018-11-26,2019-03-23,EATING PLACE TIER 2,No,268 MAIN ST,KINGFIELD,ME,4947,207-399-9246,REGULAR,ROLLING FATTIES LLC,Franklin,0.1081081081,44.959018,-70.1567689
25337,ASIAN NOODLE BOWL,7,12,2023-04-19,2023-11-15,EATING PLACE TIER 2,Yes,1 STEPHEN KING DR,AUGUSTA,ME,4330,207-622-1111,REGULAR,ASIAN NOODLE BOWL INC,Kennebec,0.4459459459,44.3445546,-69.7886829
25337,ELEVATION BURGER,3,3,2019-06-12,2019-03-11,EATING PLACE TIER 2,No,1 STEPHEN KING DR,AUGUSTA,ME,4330,207-671-6420,REGULAR,BETTER BURGERS AUGUSTA INC,Kennebec,0.1621621622,44.3445546,-69.7886829
25337,ASIAN NOODLE BOWL,2,2,2023-05-02,2023-11-15,EATING PLACE TIER 2,No,1 STEPHEN KING DR,AUGUSTA,ME,4330,207-622-1111,FOLLOW_UP_FULL,ASIAN NOODLE BOWL INC,Kennebec,0.1081081081,44.3445546,-69.7886829
25335,LIBERTY CRAFT BREWING,1,6,2018-06-14,2019-04-16,EATING PLACE TIER 1,No,7 COON MTN LN,LIBERTY,ME,4949,207-322-7663,REGULAR,LIBERTY CRAFT BREWING LLC,Waldo,0.1216216216,44.36169,-69.3310454
25334,MAZZAT RESTAURANT,6,10,2025-04-23,2025-10-29,MUN - EATING PLACE,Yes,11 BISHOP ST,PORTLAND,ME,4103,207-274-9071,REGULAR,MAZZAT RESTAURANT LLC,Cumberland,0.3783783784,43.687775,-70.2938734
25334,MAZZAT RESTAURANT,2,5,2024-04-12,2024-10-29,MUN - EATING PLACE,No,11 BISHOP ST,PORTLAND,ME,4103,207-956-7695,REGULAR,MAZZAT RESTAURANT LLC,Cumberland,0.1486486486,43.687775,-70.2938734
25334,MAZZAT RESTAURANT,1,5,2023-03-23,2023-10-29,MUN - EATING PLACE,No,11 BISHOP ST,PORTLAND,ME,4103,207-956-7695,REGULAR,MAZZAT RESTAURANT LLC,Cumberland,0.1081081081,43.687775,-70.2938734
25334,MAZZAT RESTAURANT,0,3,2022-03-04,2022-10-29,MUN - EATING PLACE,No,11 BISHOP ST,PORTLAND,ME,4103,207-956-7695,REGULAR,MAZZAT RESTAURANT LLC,Cumberland,0.04054054054,43.687775,-70.2938734
25329,D'ANGELO SANDWICH SHOP,1,1,2018-01-31,2019-01-30,EATING PLACE TIER 2,No,417 ALFRED ST,BIDDEFORD,ME,4005,207-282-6870,REGULAR,SUBSTANTIAL INVESTMENTS INC,York,0.05405405405,43.4815579,-70.4774351
25329,D'ANGELO SANDWICH SHOP,1,1,2025-04-15,2026-01-30,EATING PLACE TIER 2,No,417 ALFRED ST,BIDDEFORD,ME,4005,207-282-6870,REGULAR,SUBSTANTIAL INVESTMENTS INC,York,0.05405405405,43.4815579,-70.4774351
25329,D'ANGELO SANDWICH SHOP,0,1,2020-01-15,2020-01-30,EATING PLACE TIER 2,No,417 ALFRED ST,BIDDEFORD,ME,4005,207-282-6870,REGULAR,SUBSTANTIAL INVESTMENTS INC,York,0.01351351351,43.4815579,-70.4774351
25329,D'ANGELO SANDWICH SHOP,0,0,2023-05-08,2024-01-30,EATING PLACE TIER 2,No,417 ALFRED ST,BIDDEFORD,ME,4005,207-282-6870,REGULAR,SUBSTANTIAL INVESTMENTS INC,York,0,43.4815579,-70.4774351
25325,EVO / 58 CULINARY,2,5,2023-11-09,2023-06-15,MUN - EATING AND CATERING,No,443 FORE ST,PORTLAND,ME,4101,207-358-1994,REGULAR,THE FOUR FORTY THREE CLUB LLC,Cumberland,0.1486486486,43.6558704,-70.2550418
25325,EVO,3,4,2022-12-27,2023-06-15,MUN - EATING PLACE,No,443 FORE ST,PORTLAND,ME,4101,207-358-1994,REGULAR,THE FOUR FORTY THREE CLUB LLC,Cumberland,0.1756756757,43.6558704,-70.2550418
25325,EVO,2,0,2019-05-01,2019-06-15,MUN - EATING PLACE,No,443 FORE ST,PORTLAND,ME,4101,207-358-1994,REGULAR,THE FOUR FORTY THREE CLUB LLC,Cumberland,0.08108108108,43.6558704,-70.2550418
25325,EVO,1,2,2021-10-26,2022-06-15,MUN - EATING PLACE,No,443 FORE ST,PORTLAND,ME,4101,207-358-1994,REGULAR,THE FOUR FORTY THREE CLUB LLC,Cumberland,0.06756756757,43.6558704,-70.2550418
25325,EVO,1,0,2018-04-18,2018-06-15,MUN - EATING PLACE,No,443 FORE ST,PORTLAND,ME,4101,207-358-1994,REGULAR,THE FOUR FORTY THREE CLUB LLC,Cumberland,0.04054054054,43.6558704,-70.2550418
25311,THE GOUDA BOYS,1,3,2019-08-16,2020-01-05,EATING PLACE - MOBILE,No,128 POND RD,NEW GLOUCESTER,ME,4260,207-926-8118,REGULAR,THE GOUDA BOYS LLC,Cumberland,0.08108108108,43.9640657,-70.3715248
25311,THE GOUDA BOYS,2,0,2021-08-04,2022-01-05,EATING PLACE - MOBILE,No,128 POND RD,NEW GLOUCESTER,ME,4260,207-926-8118,REGULAR,THE GOUDA BOYS LLC,Cumberland,0.08108108108,43.9640657,-70.3715248
25311,THE GOUDA BOYS,1,0,2019-05-17,2020-01-05,EATING PLACE - MOBILE,No,128 POND RD,NEW GLOUCESTER,ME,4260,207-926-8118,REGULAR,THE GOUDA BOYS LLC,Cumberland,0.04054054054,43.9640657,-70.3715248
25311,THE GOUDA BOYS,0,0,2023-02-17,2024-01-05,EATING PLACE - MOBILE,No,128 POND RD,NEW GLOUCESTER,ME,4260,207-926-8118,REGULAR,THE GOUDA BOYS LLC,Cumberland,0,43.9640657,-70.3715248
25310,DUNKIN DONUTS,3,7,2024-12-13,2026-01-08,EATING PLACE TIER 1,No,103 PARK ST,ORONO,ME,4473,978-263-6200,REGULAR,DMCP GROUP LLC,Penobscot,0.2162162162,44.8924379,-68.6614036
25310,DUNKIN DONUTS,2,7,2018-01-16,2019-01-08,EATING PLACE TIER 1,No,103 PARK ST,ORONO,ME,4473,978-263-6200,REGULAR,DMCP GROUP LLC,Penobscot,0.1756756757,44.8924379,-68.6614036
25310,DUNKIN DONUTS,2,6,2023-06-14,2024-01-08,EATING PLACE TIER 1,No,103 PARK ST,ORONO,ME,4473,978-263-6200,REGULAR,DMCP GROUP LLC,Penobscot,0.1621621622,44.8924379,-68.6614036
25303,HUSSON UNIVERSITY - ATHLETIC CONCESSIONS,0,0,2025-04-07,2026-01-05,EATING PLACE - TAKEOUT,No,241 COLLEGE CIR,BANGOR,ME,4401,207-941-7075,REGULAR,HUSSON UNIVERSITY,Penobscot,0,44.8253276,-68.7954291
25302,MAINE COLLEGE OF ART,1,0,2024-03-21,2024-09-27,MUN - EATING - SCHOOL,No,522 CONGRESS ST,PORTLAND,ME,4101,207-775-3052,REGULAR,MAINE COLLEGE OF ART,Cumberland,0.04054054054,43.6556913,-70.2609027
25302,MAINE COLLEGE OF ART,1,0,2025-04-01,2025-09-27,MUN - EATING - SCHOOL,No,522 CONGRESS ST,PORTLAND,ME,4101,207-775-3052,REGULAR,MAINE COLLEGE OF ART,Cumberland,0.04054054054,43.6556913,-70.2609027
25302,MAINE COLLEGE OF ART,0,1,2020-01-23,2020-09-27,MUN - EATING - SCHOOL,No,522 CONGRESS ST,PORTLAND,ME,4101,207-775-3052,REGULAR,MAINE COLLEGE OF ART,Cumberland,0.01351351351,43.6556913,-70.2609027
25302,MAINE COLLEGE OF ART,0,1,2023-03-09,2023-09-27,MUN - EATING - SCHOOL,No,522 CONGRESS ST,PORTLAND,ME,4101,207-775-3052,REGULAR,MAINE COLLEGE OF ART,Cumberland,0.01351351351,43.6556913,-70.2609027
25302,MAINE COLLEGE OF ART,0,0,2018-01-24,2018-09-27,MUN - EATING - SCHOOL,No,522 CONGRESS ST,PORTLAND,ME,4101,207-775-3052,REGULAR,MAINE COLLEGE OF ART,Cumberland,0,43.6556913,-70.2609027
25302,MAINE COLLEGE OF ART,0,0,2019-01-29,2019-09-27,MUN - EATING - SCHOOL,No,522 CONGRESS ST,PORTLAND,ME,4101,207-775-3052,REGULAR,MAINE COLLEGE OF ART,Cumberland,0,43.6556913,-70.2609027
25302,MAINE COLLEGE OF ART,0,0,2022-02-09,2022-09-27,MUN - EATING - SCHOOL,No,522 CONGRESS ST,PORTLAND,ME,4101,207-775-3052,REGULAR,MAINE COLLEGE OF ART,Cumberland,0,43.6556913,-70.2609027
25300,DUNKIN DONUTS,0,4,2025-02-12,2025-04-09,EATING PLACE TIER 2,No,15 KINGSLAND CROSSING,ELLSWORTH,ME,4605,207-433-7150,REGULAR,KINGSLAND DONUTS LLC,Hancock,0.05405405405,44.5239302,-68.3988097
25300,DUNKIN DONUTS,0,1,2022-12-29,2022-04-09,EATING PLACE TIER 2,No,15 KINGSLAND CROSSING,ELLSWORTH,ME,4605,207-433-7150,REGULAR,KINGSLAND DONUTS LLC,Hancock,0.01351351351,44.5239302,-68.3988097
25300,DUNKIN DONUTS,0,0,2020-02-03,2020-04-09,EATING PLACE TIER 2,No,15 KINGSLAND CROSSING,ELLSWORTH,ME,4605,207-433-7150,REGULAR,KINGSLAND DONUTS LLC,Hancock,0,44.5239302,-68.3988097
25299,LONG CREEK CULINARY ARTS,1,1,2019-07-19,2019-12-30,MUN - EATING AND CATERING,No,675 WESTBROOK ST,SOUTH PORTLAND,ME,4106,207-822-2606,REGULAR,STATE OF MAINE,Cumberland,0.05405405405,43.6398593,-70.308769
25299,LONG CREEK CULINARY ARTS,1,1,2022-10-25,2022-12-30,MUN - EATING AND CATERING,No,675 WESTBROOK ST,SOUTH PORTLAND,ME,4106,207-822-2617,REGULAR,STATE OF MAINE,Cumberland,0.05405405405,43.6398593,-70.308769
25299,LONG CREEK CULINARY ARTS,0,1,2023-12-14,2024-12-30,MUN - EATING AND CATERING,No,675 WESTBROOK ST,SOUTH PORTLAND,ME,4106,207-822-2617,REGULAR,STATE OF MAINE,Cumberland,0.01351351351,43.6398593,-70.308769
25297,FRATERNAL ORDER OF EAGLES #4352,1,3,2022-12-22,2021-12-23,EATING PLACE TIER 2,No,456 ROOSEVELT TRL,WINDHAM,ME,4062,207-894-2242,REGULAR,FRATERNAL ORDER OF EAGLES #4352,Cumberland,0.08108108108,43.8071144,-70.4133312
25297,FRATERNAL ORDER OF EAGLES #4352,0,5,2025-03-31,2025-12-23,EATING PLACE TIER 2,No,456 ROOSEVELT TRL,WINDHAM,ME,4062,207-894-2243,REGULAR,FRATERNAL ORDER OF EAGLES #4352,Cumberland,0.06756756757,43.8071144,-70.4133312
25291,BRICK HOUSE KITCHEN,1,3,2023-05-25,2023-08-07,EATING PLACE TIER 2,No,147 MADISON AVE,SKOWHEGAN,ME,4976,207-474-0200,REGULAR,BRICK HOUSE KITCHEN INC,Somerset,0.08108108108,44.7715993,-69.7220156
25291,THE MILBURN CAFE,1,3,2025-05-22,2026-04-23,EATING PLACE TIER 2,No,147 MADISON AVE,SKOWHEGAN,ME,4976,207-474-7438,REGULAR,THE MILBURN CAFE LLC,Somerset,0.08108108108,44.7715993,-69.7220156
25291,BRICK HOUSE KITCHEN,0,0,2023-12-14,2024-08-07,EATING PLACE TIER 2,No,147 MADISON AVE,SKOWHEGAN,ME,4976,207-474-0200,NEWOWNER,CAPITAL VENTURES - SARA DORE,Somerset,0,44.7715993,-69.7220156
25291,THE MILBURN CAFE,0,0,2025-04-22,2026-04-23,EATING PLACE TIER 2,No,147 MADISON AVE,SKOWHEGAN,ME,4976,207-474-7438,NEWOWNER,THE MILBURN CAFE LLC,Somerset,0,44.7715993,-69.7220156
25290,OTTO,1,8,2025-02-04,2025-12-15,MUN - EATING PLACE,No,125 JOHN ROBERTS RD,SOUTH PORTLAND,ME,4106,207-400-5647,REGULAR,OSCAR PIZZA LLC,Cumberland,0.1486486486,43.6294725,-70.3291343
25290,OTTO,1,3,2022-10-31,2023-12-15,MUN - EATING PLACE,No,125 JOHN ROBERTS RD,SOUTH PORTLAND,ME,4106,207-400-5647,REGULAR,OSCAR PIZZA LLC,Cumberland,0.08108108108,43.6294725,-70.3291343
25290,OTTO,0,0,2019-08-21,2019-12-15,MUN - EATING PLACE,No,125 JOHN ROBERTS RD,SOUTH PORTLAND,ME,4106,207-400-5647,REGULAR,OSCAR PIZZA LLC,Cumberland,0,43.6294725,-70.3291343
25289,FIELDERS CHOICE,1,1,2023-03-23,2023-12-18,EATING PLACE TIER 1,No,156 SACO AVE,OLD ORCHARD BEACH,ME,4064,207-240-2683,REGULAR,FIELDERS CHOICE LLC,York,0.05405405405,43.5120808,-70.3940389
25289,FIELDERS CHOICE,1,0,2019-11-21,2019-12-18,EATING PLACE TIER 1,No,156 SACO AVE,OLD ORCHARD BEACH,ME,4064,207-934-4402,REGULAR,FIELDERS CHOICE LLC,York,0.04054054054,43.5120808,-70.3940389
25289,FIELDERS CHOICE,0,1,2024-02-27,,EATING PLACE TIER 1,No,156 SACO AVE,OLD ORCHARD BEACH,ME,4064,207-240-2683,NEWOWNER,,York,0.01351351351,43.5120808,-70.3940389
25285,DECK HOUSE SPORTS TAVERN,3,5,2022-10-06,2023-01-26,EATING PLACE TIER 3,No,930 ROOSEVELT TRL,WINDHAM,ME,4062,207-892-5952,REGULAR,SEACOAST PARK INC,Cumberland,0.1891891892,43.8520907,-70.4517597
25285,DECK HOUSE SPORTS TAVERN,0,3,2023-12-08,2024-01-26,EATING PLACE TIER 3,No,930 ROOSEVELT TRL,WINDHAM,ME,4062,207-892-5952,NEWOWNER,SEACOAST PARK INC,Cumberland,0.04054054054,43.8520907,-70.4517597
25282,VFW POST #9699,2,1,2020-11-20,2020-12-15,EATING PLACE TIER 3,No,36 PORTAGE RD,ASHLAND,ME,4732,207-435-3131,REGULAR,VFW POST #9699,Aroostook,0.09459459459,46.634516,-68.4187534
25280,MCDONALDS,1,3,2023-10-11,2023-12-12,EATING PLACE TIER 2,No,1510 MAINE ST,POLAND,ME,4274,207-582-0855,REGULAR,R C MANAGEMENT LLC,Androscoggin,0.08108108108,44.0751039,-70.4150453
25279,DUNKIN DONUTS,6,7,2021-09-11,2021-11-22,EATING PLACE TIER 2,Yes,27 STARRETT DR,BELFAST,ME,4915,978-263-6300,REGULAR,DMCP GROUP LLC,Waldo,0.3378378378,44.4233324,-69.0196418
25279,DUNKIN DONUTS,1,3,2024-12-10,2025-11-22,EATING PLACE TIER 2,No,27 STARRETT DR,BELFAST,ME,4915,978-580-9546,REGULAR,DMCP GROUP LLC,Waldo,0.08108108108,44.4233324,-69.0196418
25279,DUNKIN DONUTS,0,3,2019-01-09,2019-11-22,EATING PLACE TIER 2,No,27 STARRETT DR,BELFAST,ME,4915,978-263-6300,REGULAR,DMCP GROUP LLC,Waldo,0.04054054054,44.4233324,-69.0196418
25279,DUNKIN DONUTS,0,1,2021-09-29,2021-11-22,EATING PLACE TIER 2,No,27 STARRETT DR,BELFAST,ME,4915,978-263-6300,FOLLOW_UP_FULL,DMCP GROUP LLC,Waldo,0.01351351351,44.4233324,-69.0196418
25273,FORK & SPOON,1,7,2019-06-18,2020-07-01,EATING AND CATERING,No,76 MAIN ST,BANGOR,ME,4401,207-433-7646,REGULAR,ARTEMIS & DEAN LLC,Penobscot,0.1351351351,44.8000034,-68.7718457
25270,SUNDAY RIVER BREW PUB,3,3,2020-02-04,2020-12-19,EATING AND CATERING,No,1 SUNDAY RIVER RD,BETHEL,ME,4217,207-824-4257,REGULAR,TWO BROTHERS LLC,Oxford,0.1621621622,44.446828,-70.809133
25270,SUNDAY RIVER BREWING COMPANY,2,1,2021-07-19,2022-06-08,EATING PLACE TIER 3,No,29 SUNDAY RIVER RD,BETHEL,ME,4217,207-824-4253,REGULAR,SUNDAY RIVER RESTAURANT & BREWPUB LLC,Oxford,0.09459459459,44.4483482,-70.8096128
25270,SUNDAY RIVER BREWING COMPANY,1,3,2024-12-04,2025-06-08,EATING PLACE TIER 3,No,29 SUNDAY RIVER RD,BETHEL,ME,4217,207-824-4253,REGULAR,SUNDAY RIVER RESTAURANT & BREWPUB LLC,Oxford,0.08108108108,44.4483482,-70.8096128
25270,SUNDAY RIVER BREWING COMPANY,1,2,2022-12-12,2023-06-08,EATING PLACE TIER 3,No,29 SUNDAY RIVER RD,BETHEL,ME,4217,207-824-4253,REGULAR,SUNDAY RIVER RESTAURANT & BREWPUB LLC,Oxford,0.06756756757,44.4483482,-70.8096128
25267,TIQA,3,2,2019-05-09,2019-12-30,MUN - EATING PLACE,No,327 COMMERCIAL ST,PORTLAND,ME,4101,207-808-8840,REGULAR,TIQA LLC,Cumberland,0.1486486486,43.6528421,-70.2565412
25267,TIQA,3,1,2018-04-18,2018-12-30,MUN - EATING PLACE,No,327 COMMERCIAL ST,PORTLAND,ME,4101,207-808-8840,REGULAR,TIQA LLC,Cumberland,0.1351351351,43.6528421,-70.2565412
25267,TIQA,3,1,2018-10-26,2018-12-30,MUN - EATING PLACE,No,327 COMMERCIAL ST,PORTLAND,ME,4101,207-808-8840,REGULAR,TIQA LLC,Cumberland,0.1351351351,43.6528421,-70.2565412
25267,TIQA,3,1,2024-11-04,2025-07-18,MUN - EATING PLACE,No,327 COMMERCIAL ST,PORTLAND,ME,4101,570-862-2770,REGULAR,TIQA LLC,Cumberland,0.1351351351,43.6528421,-70.2565412
25267,TIQA,1,4,2019-11-26,2020-12-30,MUN - EATING PLACE,No,327 COMMERCIAL ST,PORTLAND,ME,4101,207-808-8840,REGULAR,TIQA LLC,Cumberland,0.09459459459,43.6528421,-70.2565412
25267,TIQA,1,3,2022-07-14,2022-12-30,MUN - EATING PLACE,No,327 COMMERCIAL ST,PORTLAND,ME,4101,570-862-2770,REGULAR,TIQA LLC,Cumberland,0.08108108108,43.6528421,-70.2565412
25267,TIQA,1,1,2020-10-27,2020-12-30,MUN - EATING PLACE,No,327 COMMERCIAL ST,PORTLAND,ME,4101,207-808-8840,REGULAR,TIQA LLC,Cumberland,0.05405405405,43.6528421,-70.2565412
25261,THE SOUP SHACK,1,2,2023-04-10,2023-04-15,EATING PLACE TIER 1,No,184 EMERY MILLS RD,SHAPLEIGH,ME,4076,207-432-1614,REGULAR,"LOWELL, JUSTIN W",York,0.06756756757,43.4949854,-70.8459029
25261,THE SOUP SHACK,0,0,2019-04-04,2019-04-15,EATING PLACE TIER 1,No,184 EMERY MILLS RD,SHAPLEIGH,ME,4076,207-432-1614,REGULAR,"LOWELL, JUSTIN W",York,0,43.4949854,-70.8459029
25261,GOTTA BE FRANK,0,0,2025-03-11,2025-09-11,EATING PLACE TIER 1,No,184 EMERY MILLS RD,SHAPLEIGH,ME,4076,207-608-6250,REGULAR,GOTT LUNCH,York,0,43.4949854,-70.8459029
25254,CORK & RIND,0,1,2023-12-06,2024-11-15,EATING AND CATERING,No,9003 MAIN ST,CARRABASSETT VALLEY,ME,4947,207-265-6401,REGULAR,BARE COVE LLC,Franklin,0.01351351351,45.0535549,-70.3074926
25254,ALICE AND LULUS MOUNTAINSIDE,0,1,2018-08-21,2018-12-05,EATING PLACE TIER 1,No,5091 ACCESS RD,CARRABASSETT VALLEY,ME,4947,617-276-4742,NEWOWNER,,Franklin,0.01351351351,45.0548183,-70.3106158
25247,AROMA JOES,2,1,2022-12-14,2023-12-12,EATING PLACE TIER 1,No,704 ROOSEVELT TRL,WINDHAM,ME,4062,207-310-0790,REGULAR,J & K CAFFAH-NATION INC,Cumberland,0.09459459459,43.8304762,-70.4355856
25247,AROMA JOES,1,2,2024-11-18,2025-12-12,EATING PLACE TIER 1,No,704 ROOSEVELT TRL,WINDHAM,ME,4062,207-310-0790,REGULAR,J & K CAFFAH-NATION INC,Cumberland,0.06756756757,43.8304762,-70.4355856
25244,ISA,1,2,2019-06-25,2020-02-23,MUN - EATING PLACE,No,79 PORTLAND ST,PORTLAND,ME,4101,207-590-9388,REGULAR,ISA LLC,Cumberland,0.06756756757,43.6580576,-70.2649095
25244,ISA,1,1,2018-05-03,2019-02-23,MUN - EATING PLACE,No,79 PORTLAND ST,PORTLAND,ME,4101,207-590-9388,REGULAR,ISA LLC,Cumberland,0.05405405405,43.6580576,-70.2649095
25244,ISA,1,0,2025-07-24,2026-02-23,MUN - EATING PLACE,No,79 PORTLAND ST,PORTLAND,ME,4101,207-590-9388,REGULAR,ISA LLC,Cumberland,0.04054054054,43.6580576,-70.2649095
25244,ISA,0,1,2022-01-14,2022-02-23,MUN - EATING PLACE,No,79 PORTLAND ST,PORTLAND,ME,4101,207-590-9388,REGULAR,ISA LLC,Cumberland,0.01351351351,43.6580576,-70.2649095
25244,ISA,0,1,2023-05-11,2024-02-23,MUN - EATING PLACE,No,79 PORTLAND ST,PORTLAND,ME,4101,207-590-9388,REGULAR,ISA LLC,Cumberland,0.01351351351,43.6580576,-70.2649095
25244,ISA,0,0,2024-07-31,2025-02-23,MUN - EATING PLACE,No,79 PORTLAND ST,PORTLAND,ME,4101,207-590-9388,REGULAR,ISA LLC,Cumberland,0,43.6580576,-70.2649095
25242,COFFEE HOUND COFFEE BAR @ SOUTH RIDGE LODGE,2,0,2018-02-20,2018-11-20,EATING PLACE TIER 1,No,15 S RIDGE RD,NEWRY,ME,4261,207-664-9694,REGULAR,SIDDY BELL LLC,Oxford,0.08108108108,44.4736386,-70.8571043
25242,COFFEE HOUND COFFEE BAR @ SOUTH RIDGE LODGE,0,4,2019-03-15,2019-11-20,EATING PLACE TIER 1,No,15 S RIDGE RD,NEWRY,ME,4261,207-664-9694,REGULAR,SIDDY BELL LLC,Oxford,0.05405405405,44.4736386,-70.8571043
25238,JEWEL OF INDIA,6,8,2022-12-29,2023-11-20,EATING AND CATERING,Yes,104 MAIN ST,WATERVILLE,ME,4901,207-872-0322,REGULAR,KALI VEER INC,Kennebec,0.3513513514,44.5500622,-69.6303586
25238,JEWEL OF INDIA,2,2,2023-01-20,2023-11-20,EATING AND CATERING,No,104 MAIN ST,WATERVILLE,ME,4901,207-872-0322,FOLLOW_UP_FULL,KALI VEER INC,Kennebec,0.1081081081,44.5500622,-69.6303586
25238,JEWEL OF INDIA,0,0,2023-01-13,2023-11-20,EATING AND CATERING,No,104 MAIN ST,WATERVILLE,ME,4901,207-872-0322,REGULAR,KALI VEER INC,Kennebec,0,44.5500622,-69.6303586
25238,JEWEL OF INDIA,0,0,2023-04-19,2023-11-20,EATING AND CATERING,No,104 MAIN ST,WATERVILLE,ME,4901,207-872-0322,FOLLOW_UP_FULL,KALI VEER INC,Kennebec,0,44.5500622,-69.6303586
25234,MICROTEL INN & SUITES,3,4,2018-03-20,2018-03-16,EATING AND LODGING,No,965 ROOSEVELT TRL,WINDHAM,ME,4062,207-363-0800,REGULAR,WINDHAM HOLDINGS LLC,Cumberland,0.1756756757,43.8572877,-70.452185
25234,MICROTEL INN & SUITES,0,4,2018-03-27,2019-03-16,EATING AND LODGING,No,965 ROOSEVELT TRL,WINDHAM,ME,4062,207-363-0800,REGULAR,Microtel Inn & Suites,Cumberland,0.05405405405,43.8572877,-70.452185
25234,MICROTEL INN & SUITES,0,2,2023-10-19,2024-03-16,EATING AND LODGING,No,965 ROOSEVELT TRL,WINDHAM,ME,4062,207-893-8870,REGULAR,WINDHAM HOLDINGS,Cumberland,0.02702702703,43.8572877,-70.452185
25234,MICROTEL INN & SUITES,0,2,2023-10-19,2024-03-16,EATING AND LODGING,No,965 ROOSEVELT TRL,WINDHAM,ME,4062,207-893-8870,REGULAR,WINDHAM HOLDINGS,Cumberland,0.02702702703,43.8572877,-70.452185
25228,DOBRA TEA,1,1,2022-09-01,2023-10-17,MUN - EATING PLACE,No,89 EXCHANGE ST,PORTLAND,ME,4101,207-210-6566,REGULAR,SAGEONAZAFU LLC,Cumberland,0.05405405405,43.6583349,-70.2552792
25228,DOBRA TEA,1,0,2019-10-02,2020-10-17,MUN - EATING PLACE,No,89 EXCHANGE ST,PORTLAND,ME,4101,207-210-6566,REGULAR,SAGEONAZAFU LLC,Cumberland,0.04054054054,43.6583349,-70.2552792
25228,DOBRA TEA,1,0,2021-07-20,2021-10-17,MUN - EATING PLACE,No,89 EXCHANGE ST,PORTLAND,ME,4101,207-210-6566,REGULAR,SAGEONAZAFU LLC,Cumberland,0.04054054054,43.6583349,-70.2552792
25228,DOBRA TEA,0,0,2018-10-05,2019-10-17,MUN - EATING PLACE,No,89 EXCHANGE ST,PORTLAND,ME,4101,207-210-6566,REGULAR,SAGEONAZAFU LLC,Cumberland,0,43.6583349,-70.2552792
25224,TIM HORTONS,2,1,2020-12-09,2021-10-24,EATING PLACE TIER 2,No,283 NORTH ST,CALAIS,ME,4619,207-214-6030,REGULAR,CALAIS R & R ENTERPRISES LLC,Washington,0.09459459459,45.1813107,-67.2855063
25224,TIM HORTONS,1,2,2022-12-13,2022-10-24,EATING PLACE TIER 2,No,283 NORTH ST,CALAIS,ME,4619,207-214-6030,REGULAR,CALAIS R & R ENTERPRISES LLC,Washington,0.06756756757,45.1813107,-67.2855063
25224,TIM HORTONS,0,3,2018-12-17,2019-10-24,EATING PLACE TIER 2,No,283 NORTH ST,CALAIS,ME,4619,207-214-4338,REGULAR,CALAIS R & R ENTERPRISES LLC,Washington,0.04054054054,45.1813107,-67.2855063
25204,ANDROSCOGGIN LEARNING & TRANSITION CENTER,0,0,2018-10-23,2019-09-27,MUN - EATING - SCHOOL,No,31 HOLBROOK RD,AUBURN,ME,4210,207-465-7985,REGULAR,FAMILY OF JAY WALTER BECKET SERVICES,Androscoggin,0,44.1742666,-70.2791462
25191,RICKER HILL FARM & TASTING ROOMS @ WALLINGFORD,2,0,2024-09-12,2025-07-17,MUN - EATING PLACE - MOBILE,No,1240 PERKINS RIDGE RD,AUBURN,ME,4210,207-784-7958,REGULAR,"RICKER, ANDY, MAHEUX, JERRY",Androscoggin,0.08108108108,44.1402172,-70.2915587
25191,RICKER HILL FARM & TASTING ROOMS @ WALLINGFORD,0,2,2018-10-10,2019-07-17,MUN - EATING PLACE - MOBILE,No,1240 PERKINS RIDGE RD,AUBURN,ME,4210,207-784-7958,REGULAR,"RICKER, ANDY, MAHEUX, JERRY",Androscoggin,0.02702702703,44.1402172,-70.2915587
25191,RICKER HILL FARM & TASTING ROOMS @ WALLINGFORD,0,0,2019-10-17,2020-07-17,MUN - EATING PLACE - MOBILE,No,1240 PERKINS RIDGE RD,AUBURN,ME,4210,207-784-7958,REGULAR,"RICKER, ANDY, MAHEUX, JERRY",Androscoggin,0,44.1402172,-70.2915587
25190,RICKER RETAIL KETTLE CORN,0,1,2024-09-12,2025-07-05,EATING PLACE - MOBILE,No,1240 PERKINS RIDGE RD,AUBURN,ME,4210,207-754-5169,REGULAR,RICKER RETAIL,Androscoggin,0.01351351351,44.1402172,-70.2915587
25190,RICKER RETAIL KETTLE CORN,1,1,2019-09-17,2020-07-05,MUN - EATING PLACE - MOBILE,No,1240 PERKINS RIDGE RD,AUBURN,ME,4210,207-754-5169,REGULAR,RICKER RETAIL,Androscoggin,0.05405405405,44.1402172,-70.2915587
25182,STATION GRILL,1,1,2021-05-07,2021-05-29,MUN - EATING AND CATERING,No,103 LINCOLN ST,LEWISTON,ME,4240,207-333-50623,REGULAR,STATION GRILL INC,Androscoggin,0.05405405405,44.0938568,-70.2201182
25182,STATION GRILL,0,1,2023-03-16,2023-05-29,MUN - EATING AND CATERING,No,103 LINCOLN ST,LEWISTON,ME,4240,207-402-0916,REGULAR,STATION GRILL INC,Androscoggin,0.01351351351,44.0938568,-70.2201182
25171,TOWNE PLACE SUITES,3,1,2024-02-22,2024-10-06,EATING AND LODGING,No,240 SYLVAN RD,BANGOR,ME,4401,207-262-4000,REGULAR,BTPS LLC,Penobscot,0.1351351351,44.825117,-68.7511976
25171,TOWNE PLACE SUITES,0,1,2019-02-07,2019-10-06,EATING AND LODGING,No,240 SYLVAN RD,BANGOR,ME,4401,207-262-4000,REGULAR,BTPS LLC,Penobscot,0.01351351351,44.825117,-68.7511976
25171,TOWNE PLACE SUITES,0,0,2024-01-16,2024-10-06,EATING AND LODGING,No,240 SYLVAN RD,BANGOR,ME,4401,207-262-4000,REGULAR,BTPS LLC,Penobscot,0,44.825117,-68.7511976
25167,AMERICAN LEGION POST #28,0,2,2019-12-13,2020-09-05,EATING PLACE TIER 2,No,158 HIGH ST,FARMINGTON,ME,4938,207-778-9371,REGULAR,AMERICAN LEGION POST #28,Franklin,0.02702702703,44.6694418,-70.1475526
25167,AMERICAN LEGION POST #28,0,0,2023-12-08,2024-09-05,EATING PLACE TIER 2,No,158 HIGH ST,FARMINGTON,ME,4938,207-778-9371,REGULAR,AMERICAN LEGION POST #28,Franklin,0,44.6694418,-70.1475526
25162,AROMA JOES,1,1,2025-03-11,2024-10-01,EATING PLACE TIER 1,No,692 LISBON ST,LISBON FALLS,ME,4152,207-837-8520,REGULAR,RWG HOLDINGS INC,Androscoggin,0.05405405405,43.9934029,-70.0527324
25162,AROMA JOES,0,4,2022-05-20,2022-10-01,EATING PLACE TIER 1,No,692 LISBON ST,LISBON FALLS,ME,4152,207-353-2016,REGULAR,RWG HOLDINGS INC,Androscoggin,0.05405405405,43.9934029,-70.0527324
25160,BASILS PIZZA AND SUBS,2,3,2020-02-11,2020-05-22,EATING PLACE TIER 1,No,248 WILTON RD,FARMINGTON,ME,4938,207-778-9070,REGULAR,BASILS PIZZA AND SUBS,Franklin,0.1216216216,44.653115,-70.149587
25159,DUNKIN DONUTS,2,3,2022-12-19,2023-09-23,EATING PLACE TIER 2,No,377 ROOSEVELT TRL,NAPLES,ME,4055,978-771-5843,REGULAR,ROOTRAIL LLC,Cumberland,0.1216216216,43.9663793,-70.5808813
25159,DUNKIN DONUTS,1,2,2025-01-06,2025-09-23,EATING PLACE TIER 2,No,377 ROOSEVELT TRL,NAPLES,ME,4055,978-771-5843,REGULAR,ROOTRAIL LLC,Cumberland,0.06756756757,43.9663793,-70.5808813
25158,THOMAS COLLEGE STARBUCKS KIOSK,0,1,2025-03-19,2025-09-08,EATING PLACE TIER 1,No,180 W RIVER RD,WATERVILLE,ME,4901,207-859-1442,REGULAR,THOMAS COLLEGE CORP,Kennebec,0.01351351351,44.5250449,-69.6640011
25157,DUNKIN DONUTS,2,2,2023-02-03,2023-08-29,EATING PLACE TIER 1,No,284 PAYNE RD,SCARBOROUGH,ME,4070,978-682-2382,REGULAR,EXIT 42 DONUTS LLC,Cumberland,0.1081081081,43.6038544,-70.3667916
25157,DUNKIN DONUTS,0,5,2019-03-08,2019-08-29,EATING PLACE TIER 1,No,284 PAYNE RD,SCARBOROUGH,ME,4070,978-682-2382,REGULAR,EXIT 42 DONUTS LLC,Cumberland,0.06756756757,43.6038544,-70.3667916
25157,DUNKIN DONUTS,0,1,2025-01-28,2025-08-29,EATING PLACE TIER 1,No,284 PAYNE RD,SCARBOROUGH,ME,4070,978-682-2382,REGULAR,EXIT 42 DONUTS LLC,Cumberland,0.01351351351,43.6038544,-70.3667916
25154,COCKTAIL MARY,0,3,2022-03-16,2022-10-07,MUN - EATING PLACE,No,229 CONGRESS ST,PORTLAND,ME,4101,207-400-4100,REGULAR,COCKTAIL MARY LLC,Cumberland,0.04054054054,43.6631149,-70.2515757
25154,COCKTAIL MARY,1,0,2023-05-24,2023-10-07,MUN - EATING PLACE,No,229 CONGRESS ST,PORTLAND,ME,4101,207-400-4100,REGULAR,COCKTAIL MARY LLC,Cumberland,0.04054054054,43.6631149,-70.2515757
25154,COCKTAIL MARY,1,0,2024-11-05,2025-10-07,MUN - EATING PLACE,No,229 CONGRESS ST,PORTLAND,ME,4101,207-400-4100,REGULAR,COCKTAIL MARY LLC,Cumberland,0.04054054054,43.6631149,-70.2515757
25154,COCKTAIL MARY,0,2,2020-01-30,2020-10-07,MUN - EATING PLACE,No,229 CONGRESS ST,PORTLAND,ME,4101,207-400-4100,REGULAR,COCKTAIL MARY LLC,Cumberland,0.02702702703,43.6631149,-70.2515757
25154,RAMEN SUZUKIYA,0,1,2018-06-20,2019-06-01,MUN - EATING PLACE,No,229 CONGRESS ST,PORTLAND,ME,4101,207-347-2301,REGULAR,SUZUKIYA LLC,Cumberland,0.01351351351,43.6631149,-70.2515757
25149,BIG DADDY'S NORTH (MOBILE),0,0,2018-07-30,2018-12-09,EATING PLACE - MOBILE,No,22 HOLLIS RD,HOLLIS,ME,4042,207-929-3200,NEWOWNER,FUNKY BOW BREWERY LLC,York,0,43.5962665,-70.5561363
25149,BIG DADDYS NORTH (MOBILE),0,0,2024-09-17,2025-07-30,EATING PLACE - MOBILE,No,22 HOLLIS RD,HOLLIS,ME,4042,207-303-5225,REGULAR,"NEUGEBAUER, KYLE",York,0,43.5962665,-70.5561363
25146,MARBLE FAMILY FARMS- HOTTIES,0,1,2019-09-20,2019-12-28,EATING PLACE - MOBILE,No,853 HOLLEY RD,FARMINGTON,ME,4939,207-779-4858,REGULAR,"MARBLE, ANDREW",Franklin,0.01351351351,44.7378649,-70.1339219
25146,MARBLE FAMILY FARMS- HOTTIES,0,1,2022-09-23,2022-12-28,EATING PLACE - MOBILE,No,853 HOLLEY RD,FARMINGTON,ME,4939,207-779-4858,REGULAR,"MARBLE, ANDREW",Franklin,0.01351351351,44.7378649,-70.1339219
25146,MARBLE FAMILY FARMS- HOTTIES,0,0,2018-10-01,2018-12-28,EATING PLACE - MOBILE,No,853 HOLLEY RD,FARMINGTON,ME,4939,207-779-4858,REGULAR,"MARBLE, ANDREW",Franklin,0,44.7378649,-70.1339219
25144,HAMPTON INN,1,0,2023-05-02,2023-09-09,MUN - EATING AND LODGING,No,15 LINCOLN ST,LEWISTON,ME,4243,207-344-1001,REGULAR,LINCOLN STREET HOTELIERS LLC,Androscoggin,0.04054054054,44.0964334,-70.2213427
25144,HAMPTON INN,0,1,2019-02-12,2019-09-09,MUN - EATING AND LODGING,No,15 LINCOLN ST,LEWISTON,ME,4243,207-344-1000,REGULAR,LINCOLN STREET HOTELIERS LLC,Androscoggin,0.01351351351,44.0964334,-70.2213427
25144,HAMPTON INN,0,0,2023-05-02,2023-09-09,MUN - EATING AND LODGING,No,15 LINCOLN ST,LEWISTON,ME,4243,207-344-1001,REGULAR,LINCOLN STREET HOTELIERS LLC,Androscoggin,0,44.0964334,-70.2213427
25140,PORTLAND PUBLIC SCHOOLS DAY TREATMENT PROGRAM,0,0,2018-09-14,2018-09-27,MUN - EATING - SCHOOL,No,28 PORTLAND ST,PORTLAND,ME,4101,207-874-8231,REGULAR,PORTLAND SCHOOL DEPARTMENT,Cumberland,0,43.6583105,-70.2623911
25136,UNIVERSITY MAINE - DIP N DOUGH,0,0,2018-08-13,2017-09-02,EATING PLACE - MOBILE,No,MORSE FIELD,ORONO,ME,04469-5780,207-581-4752,NEWOWNER,UNIVERSITY OF MAINE,Penobscot,0,44.9051426,-68.6717975
25120,THE MUTHAH TRUCKAH,2,0,2024-03-22,2024-09-25,MUN - EATING PLACE - MOBILE,No,25 HILLCREST CIR,PORTLAND,ME,4103,207-251-2045,REGULAR,GSPEED LLC,Cumberland,0.08108108108,43.7014378,-70.3073722
25120,THE MUTHAH TRUCKAH,0,1,2019-07-03,2019-09-25,MUN - EATING PLACE - MOBILE,No,25 HILLCREST CIR,PORTLAND,ME,4103,207-251-2045,REGULAR,GSPEED LLC,Cumberland,0.01351351351,43.7014378,-70.3073722
25120,THE MUTHAH TRUCKAH,0,0,2018-05-24,2018-09-25,MUN - EATING PLACE - MOBILE,No,25 HILLCREST CIR,PORTLAND,ME,4103,207-251-2045,REGULAR,GSPEED LLC,Cumberland,0,43.7014378,-70.3073722
25120,THE MUTHAH TRUCKAH,0,0,2021-05-25,2021-09-25,MUN - EATING PLACE - MOBILE,No,25 HILLCREST CIR,PORTLAND,ME,4103,207-251-2045,REGULAR,GSPEED LLC,Cumberland,0,43.7014378,-70.3073722
25120,THE MUTHAH TRUCKAH,0,0,2022-04-29,2022-09-25,MUN - EATING PLACE - MOBILE,No,25 HILLCREST CIR,PORTLAND,ME,4103,207-251-2045,REGULAR,GSPEED LLC,Cumberland,0,43.7014378,-70.3073722
25120,THE MUTHAH TRUCKAH,0,0,2023-05-11,2023-09-25,MUN - EATING PLACE - MOBILE,No,25 HILLCREST CIR,PORTLAND,ME,4103,207-251-2045,REGULAR,GSPEED LLC,Cumberland,0,43.7014378,-70.3073722
25120,THE MUTHAH TRUCKAH,0,0,2025-05-15,2025-09-25,MUN - EATING PLACE - MOBILE,No,25 HILLCREST CIR,PORTLAND,ME,4103,207-251-2045,REGULAR,GSPEED LLC,Cumberland,0,43.7014378,-70.3073722
25117,THE LAST UNICORN,0,0,2019-08-07,2019-08-07,EATING PLACE - TEMPORARY 1-4 DAYS,No,,WATERVILLE,ME,4901,207-873-9363,REGULAR,FAF INC,Kennebec,0,44.5451496,-69.6376721
25114,DUNKIN DONUTS,1,5,2019-05-08,2019-08-06,EATING PLACE TIER 1,No,142 W BROADWAY,LINCOLN,ME,4457,978-580-9546,REGULAR,DMCP GROUP LLC,Penobscot,0.1081081081,45.3614504,-68.518394
25114,DUNKIN DONUTS,0,3,2023-05-31,2023-08-06,EATING PLACE TIER 1,No,142 W BROADWAY,LINCOLN,ME,4457,978-263-6200,REGULAR,DMCP GROUP LLC,Penobscot,0.04054054054,45.3614504,-68.518394
25111,SODEXO @ UMF MANTOR CAFE,1,0,2019-01-23,2019-07-01,EATING PLACE TIER 1,No,111 SOUTH ST,FARMINGTON,ME,4938,207-649-7810,REGULAR,SODEXO AMERICA LLC,Franklin,0.04054054054,44.666977,-70.1471411
25111,SODEXO @ UMF MANTOR CAFE,0,1,2023-10-03,2024-07-01,EATING PLACE TIER 1,No,111 SOUTH ST,FARMINGTON,ME,4938,207-649-7810,REGULAR,"LLC, SODEXO AMERICA",Franklin,0.01351351351,44.666977,-70.1471411
25107,BIRD DOG ROADHOUSE,6,5,2018-10-18,2019-02-06,EATING PLACE TIER 3,Yes,517 OCEAN HOUSE RD,CAPE ELIZABETH,ME,4107,207-838-8509,REGULAR,517 OCEAN HOUSE LLC,Cumberland,0.3108108108,43.5740967,-70.2208301
25107,TACOS Y TEQUILA,3,5,2021-03-12,2021-11-18,EATING PLACE TIER 3,No,517 OCEAN HOUSE RD,CAPE ELIZABETH,ME,4107,207-835-0011,REGULAR,TACOS Y TEQUILA CAPE ELIZABETH,Cumberland,0.1891891892,43.5740967,-70.2208301
25107,TACOS Y TEQUILA,1,3,2024-03-11,2024-11-18,EATING PLACE TIER 3,No,517 OCEAN HOUSE RD,CAPE ELIZABETH,ME,4107,207-835-0011,REGULAR,TACOS Y TEQUILA CAPE ELIZABETH,Cumberland,0.08108108108,43.5740967,-70.2208301
25107,BIRD DOG ROADHOUSE,0,1,2018-10-31,2019-02-06,EATING PLACE TIER 3,No,517 OCEAN HOUSE RD,CAPE ELIZABETH,ME,4107,207-838-8509,REGULAR,517 OCEAN HOUSE LLC,Cumberland,0.01351351351,43.5740967,-70.2208301
25103,CENTER COFFEE HOUSE,2,3,2019-07-17,2019-10-02,EATING PLACE TIER 1,No,22 E MAIN ST,DOVER-FOXCROFT,ME,4426,207-717-0632,REGULAR,CENTER COFFEE HOUSE LLC,Piscataquis,0.1216216216,45.1839477,-69.2291801
25102,TANDEM COFFEE & BAKERY,1,3,2021-11-17,2022-09-15,MUN - EATING PLACE,No,742 CONGRESS ST,PORTLAND,ME,4101,207-805-1887,REGULAR,BRAKES & SHOCKS,Cumberland,0.08108108108,43.6531005,-70.2705906
25102,TANDEM COFFEE & BAKERY,2,0,2025-02-06,2025-09-15,MUN - EATING PLACE,No,742 CONGRESS ST,PORTLAND,ME,4101,207-805-1887,REGULAR,BRAKES & SHOCKS,Cumberland,0.08108108108,43.6531005,-70.2705906
25102,TANDEM COFFEE & BAKERY,1,2,2018-11-15,2019-09-15,MUN - EATING PLACE,No,742 CONGRESS ST,PORTLAND,ME,4101,207-805-1887,REGULAR,BRAKES & SHOCKS,Cumberland,0.06756756757,43.6531005,-70.2705906
25102,TANDEM COFFEE & BAKERY,1,2,2024-02-15,2024-09-15,MUN - EATING PLACE,No,742 CONGRESS ST,PORTLAND,ME,4101,207-805-1887,REGULAR,BRAKES & SHOCKS,Cumberland,0.06756756757,43.6531005,-70.2705906
25102,TANDEM COFFEE & BAKERY,1,1,2022-12-07,2023-09-15,MUN - EATING PLACE,No,742 CONGRESS ST,PORTLAND,ME,4101,207-805-1887,REGULAR,BRAKES & SHOCKS,Cumberland,0.05405405405,43.6531005,-70.2705906
25102,TANDEM COFFEE & BAKERY,0,3,2019-11-26,2020-09-15,MUN - EATING PLACE,No,742 CONGRESS ST,PORTLAND,ME,4101,207-805-1887,REGULAR,BRAKES & SHOCKS,Cumberland,0.04054054054,43.6531005,-70.2705906
25087,DELANO SEAFOOD,0,1,2020-09-29,2020-06-14,EATING PLACE - MOBILE,No,2090 ATLANTIC HWY,WALDOBORO,ME,4572,207-691-6656,REGULAR,DELANO SEAFOOD,Lincoln,0.01351351351,44.1069383,-69.3618707
25087,DELANO SEAFOOD,0,0,2024-10-21,2025-06-14,EATING PLACE - MOBILE,No,2090 ATLANTIC HWY,WALDOBORO,ME,4572,207-691-6656,REGULAR,DELANO SEAFOOD,Lincoln,0,44.1069383,-69.3618707
25085,MARKELS BAKEHOUSE,0,0,2019-03-28,2019-07-15,CATERING,No,26 WATER ST,CASTINE,ME,4421,207-326-9510,REGULAR,LTD MAINE LLC,Hancock,0,44.3882095,-68.7966152
25072,WENTWORTH SCHOOL,2,0,2018-10-31,2019-09-27,EATING - SCHOOL CATERING,No,20 QUENTIN DR,SCARBOROUGH,ME,4074,207-730-4100,REGULAR,SCARBOROUGH SCHOOL DEPARTMENT,Cumberland,0.08108108108,43.5957804,-70.3395565
25072,WENTWORTH SCHOOL,2,0,2023-12-05,2024-09-27,EATING - SCHOOL CATERING,No,20 QUENTIN DR,SCARBOROUGH,ME,4074,207-730-4100,REGULAR,SCARBOROUGH SCHOOL DEPARTMENT,Cumberland,0.08108108108,43.5957804,-70.3395565
25072,WENTWORTH SCHOOL,0,0,2020-03-09,2020-09-27,EATING - SCHOOL CATERING,No,20 QUENTIN DR,SCARBOROUGH,ME,4074,207-730-4100,REGULAR,SCARBOROUGH SCHOOL DEPARTMENT,Cumberland,0,43.5957804,-70.3395565
25072,WENTWORTH SCHOOL,0,0,2022-03-31,2022-09-27,EATING - SCHOOL CATERING,No,20 QUENTIN DR,SCARBOROUGH,ME,4074,207-730-4100,REGULAR,SCARBOROUGH SCHOOL DEPARTMENT,Cumberland,0,43.5957804,-70.3395565
25072,WENTWORTH SCHOOL,0,0,2022-11-08,2023-09-27,EATING - SCHOOL CATERING,No,20 QUENTIN DR,SCARBOROUGH,ME,4074,207-730-4100,REGULAR,SCARBOROUGH SCHOOL DEPARTMENT,Cumberland,0,43.5957804,-70.3395565
25072,WENTWORTH SCHOOL,0,0,2024-11-15,2025-09-27,EATING - SCHOOL CATERING,No,20 QUENTIN DR,SCARBOROUGH,ME,4074,207-730-4100,REGULAR,SCARBOROUGH SCHOOL DEPARTMENT,Cumberland,0,43.5957804,-70.3395565
25069,SABASTIANS,0,2,2019-07-03,2019-08-25,EATING PLACE - MOBILE,No,324 CAMP RD,COOPER,ME,4657,207-460-5306,REGULAR,SABASTIANS LLC,Washington,0.02702702703,44.9721856,-67.3959925
25069,SABASTIANS,0,1,2023-07-14,2024-08-25,EATING PLACE - MOBILE,No,324 CAMP RD,COOPER,ME,4657,207-460-5306,REGULAR,SABASTIANS LLC,Washington,0.01351351351,44.9721856,-67.3959925
25069,SABASTIANS,0,1,2025-07-17,2025-08-25,EATING PLACE - MOBILE,No,324 CAMP RD,COOPER,ME,4657,207-460-5306,REGULAR,SABASTIANS LLC,Washington,0.01351351351,44.9721856,-67.3959925
25069,SABASTIANS,0,0,2022-09-09,2022-08-25,EATING PLACE - MOBILE,No,324 CAMP RD,COOPER,ME,4657,207-460-5306,REGULAR,SABASTIANS LLC,Washington,0,44.9721856,-67.3959925
25069,SABASTIANS,0,0,2024-07-19,2024-08-25,EATING PLACE - MOBILE,No,324 CAMP RD,COOPER,ME,4657,207-460-5306,REGULAR,SABASTIANS LLC,Washington,0,44.9721856,-67.3959925
25059,INN OF ACADIA OPERATIONS,5,8,2025-05-21,2025-06-08,EATING AND CATERING,Yes,384 ST THOMAS ST,MADAWASKA,ME,4756,207-728-3402,REGULAR,INN OF ACADIA OPERATIONS LLC,Aroostook,0.3108108108,47.3538605,-68.3248064
25059,INN OF ACADIA OPERATIONS,3,10,2019-08-27,2020-06-08,EATING AND CATERING,No,384 ST THOMAS ST,MADAWASKA,ME,4756,207-728-3402,REGULAR,INN OF ACADIA OPERATIONS LLC,Aroostook,0.2567567568,47.3538605,-68.3248064
25059,INN OF ACADIA OPERATIONS,1,5,2023-04-13,2023-06-08,EATING AND CATERING,No,384 ST THOMAS ST,MADAWASKA,ME,4756,207-728-3402,REGULAR,INN OF ACADIA OPERATIONS LLC,Aroostook,0.1081081081,47.3538605,-68.3248064
25059,INN OF ACADIA OPERATIONS,0,3,2025-06-10,2026-06-08,EATING AND CATERING,No,384 ST THOMAS ST,MADAWASKA,ME,4756,207-728-3402,FOLLOW_UP_FULL,INN OF ACADIA OPERATIONS LLC,Aroostook,0.04054054054,47.3538605,-68.3248064
25053,BONFIRE,3,4,2025-01-14,2025-09-16,MUN - EATING PLACE,No,37 WHARF ST,PORTLAND,ME,4101,877-653-7678,REGULAR,BONFIRE LLC,Cumberland,0.1756756757,43.6557889,-70.2542589
25053,BONFIRE,2,1,2024-01-10,2024-09-16,MUN - EATING PLACE,No,37 WHARF ST,PORTLAND,ME,4101,877-653-7678,REGULAR,BONFIRE LLC,Cumberland,0.09459459459,43.6557889,-70.2542589
25053,BONFIRE,1,1,2019-12-12,2020-09-16,MUN - EATING PLACE,No,37 WHARF ST,PORTLAND,ME,4101,877-653-7678,REGULAR,BONFIRE LLC,Cumberland,0.05405405405,43.6557889,-70.2542589
25053,BONFIRE,1,0,2018-10-25,2019-09-16,MUN - EATING PLACE,No,37 WHARF ST,PORTLAND,ME,4101,897-653-7678,REGULAR,BONFIRE LLC,Cumberland,0.04054054054,43.6557889,-70.2542589
25053,BONFIRE,1,0,2020-11-05,2021-09-16,MUN - EATING PLACE,No,37 WHARF ST,PORTLAND,ME,4101,877-653-7678,REGULAR,BONFIRE LLC,Cumberland,0.04054054054,43.6557889,-70.2542589
25053,BONFIRE,1,0,2022-04-11,2022-09-16,MUN - EATING PLACE,No,37 WHARF ST,PORTLAND,ME,4101,877-653-7678,REGULAR,BONFIRE LLC,Cumberland,0.04054054054,43.6557889,-70.2542589
25052,SWEET FROG,0,2,2018-02-15,2019-03-07,EATING PLACE TIER 2,No,1 BELMONT AVE,BELFAST,ME,4945,804-893-3151,REGULAR,SWEETFROG ENTERPRISES LLC,Waldo,0.02702702703,44.4246328,-69.0226766
25041,BANH APPETIT,0,0,2019-06-10,2017-06-20,MUN - EATING PLACE,No,171 CUMBERLAND AVE,PORTLAND,ME,4101,207-807-2681,NEWOWNER,TUYET LE,Cumberland,0,43.6624984,-70.2543171
25041,BANH APPETIT,5,5,2022-12-21,2023-06-11,MUN - EATING PLACE TAKEOUT,Yes,171 CUMBERLAND AVE,PORTLAND,ME,4101,207-807-9319,REGULAR,"LE, TUYET",Cumberland,0.2702702703,43.6624984,-70.2543171
25041,BANH APPETIT,1,6,2022-03-23,2022-06-11,MUN - EATING PLACE TAKEOUT,No,171 CUMBERLAND AVE,PORTLAND,ME,4101,207-807-9319,REGULAR,"LE, TUYET",Cumberland,0.1216216216,43.6624984,-70.2543171
25041,BANH APPETIT,2,2,2020-02-10,2020-06-11,MUN - EATING PLACE TAKEOUT,No,171 CUMBERLAND AVE,PORTLAND,ME,4101,207-807-9319,REGULAR,"LE, TUYET",Cumberland,0.1081081081,43.6624984,-70.2543171
25041,BANH APPETIT,1,5,2023-05-24,2023-06-11,MUN - EATING PLACE TAKEOUT,No,171 CUMBERLAND AVE,PORTLAND,ME,4101,207-807-9319,REGULAR,"LE, TUYET",Cumberland,0.1081081081,43.6624984,-70.2543171
25041,BANH APPETIT,1,3,2019-08-12,2020-06-11,MUN - EATING PLACE TAKEOUT,No,171 CUMBERLAND AVE,PORTLAND,ME,4101,207-807-9319,REGULAR,"LE, TUYET",Cumberland,0.08108108108,43.6624984,-70.2543171
25041,BANH APPETIT,1,3,2025-05-28,2025-06-11,MUN - EATING PLACE TAKEOUT,No,171 CUMBERLAND AVE,PORTLAND,ME,4101,207-807-9319,REGULAR,"LE, TUYET",Cumberland,0.08108108108,43.6624984,-70.2543171
25041,BANH APPETIT,1,1,2024-05-20,2024-06-11,MUN - EATING PLACE TAKEOUT,No,171 CUMBERLAND AVE,PORTLAND,ME,4101,207-807-9319,REGULAR,"LE, TUYET",Cumberland,0.05405405405,43.6624984,-70.2543171
25028,BOARDWALK INN,0,0,2020-02-12,2020-07-10,BED AND BREAKFAST 6 ROOMS OR MORE,No,867 RTE 120,RUMFORD,ME,4276,207-364-2746,REGULAR,SVS NOOR LLC,Androscoggin,0,44.5731469,-70.5624678
25028,BOARDWALK INN,0,0,2020-02-12,2020-07-10,BED AND BREAKFAST 6 ROOMS OR MORE,No,867 RTE 120,RUMFORD,ME,4276,207-364-2746,REGULAR,SVS NOOR LLC,Androscoggin,0,44.5731469,-70.5624678
25028,BOARDWALK INN,0,0,2023-01-24,2023-07-10,BED AND BREAKFAST 6 ROOMS OR MORE,No,867 RTE 120,RUMFORD,ME,4276,207-364-2746,REGULAR,SVS NOOR LLC,Androscoggin,0,44.5731469,-70.5624678
25028,BOARDWALK INN,0,0,2023-01-24,2023-07-10,BED AND BREAKFAST 6 ROOMS OR MORE,No,867 RTE 120,RUMFORD,ME,4276,207-364-2746,REGULAR,SVS NOOR LLC,Androscoggin,0,44.5731469,-70.5624678
25028,BOARDWALK INN,0,0,2023-02-09,2023-07-10,BED AND BREAKFAST 6 ROOMS OR MORE,No,867 RTE 120,RUMFORD,ME,4276,207-364-2746,NEWOWNER,David Arsenault,Androscoggin,0,44.5731469,-70.5624678
25028,BOARDWALK INN,0,0,2023-02-09,2023-07-10,BED AND BREAKFAST 6 ROOMS OR MORE,No,867 RTE 120,RUMFORD,ME,4276,207-364-2746,NEWOWNER,David Aresenault,Androscoggin,0,44.5731469,-70.5624678
25028,SWIFT RIVER SUITES,1,2,2025-06-25,2026-03-02,EATING AND LODGING,No,867 ROUTE 120,RUMFORD,ME,4276,207-418-1875,REGULAR,RUMFORD BOARDWALK LLC,Androscoggin,0.06756756757,44.5731469,-70.5624678
25028,SWIFT RIVER SUITES,1,0,2025-06-24,2026-03-02,EATING AND LODGING,No,867 ROUTE 120,RUMFORD,ME,4276,207-418-1875,REGULAR,RUMFORD BOARDWALK LLC,Androscoggin,0.04054054054,44.5731469,-70.5624678
25025,EL RAYO TAQUERIA,2,4,2022-10-25,2023-07-03,EATING PLACE TIER 3,No,245 US RTE 1,SCARBOROUGH,ME,4034,207-671-5566,REGULAR,SOL FOOD GROUP SCARBOROUGH LLC,Cumberland,0.1351351351,43.5555407,-70.4036774
25025,EL RAYO TAQUERIA,2,3,2018-05-03,2018-07-03,EATING PLACE TIER 3,No,245 US RTE 1,SCARBOROUGH,ME,4034,207-671-5566,REGULAR,SOL FOOD GROUP SCARBOROUGH LLC,Cumberland,0.1216216216,43.5555407,-70.4036774
25025,EL RAYO TAQUERIA,0,3,2025-03-04,2025-07-03,EATING PLACE TIER 3,No,245 US RTE 1,SCARBOROUGH,ME,4034,207-671-5566,REGULAR,SOL FOOD GROUP SCARBOROUGH LLC,Cumberland,0.04054054054,43.5555407,-70.4036774
25011,WOODLAND VALLEY DISC GOLF,0,1,2023-07-18,2024-07-03,EATING PLACE TIER 2,No,106 BURNHAM RD,LIMERICK,ME,4048,207-229-9824,REGULAR,WOODLAND VALLEY DISC GOLF INC,York,0.01351351351,43.6833431,-70.7786191
25008,SWAMP YANKEE BBQ,1,0,2019-07-19,2020-05-06,EATING PLACE - MOBILE,No,749 US RT 1,JONESBORO,ME,4648,401-338-4951,REGULAR,SWAMP YANKEE BBQ LLC,Washington,0.04054054054,44.6619743,-67.5729987
25008,SWAMP YANKEE BBQ,0,2,2022-07-15,2023-05-06,EATING PLACE - MOBILE,No,749 US RT 1,JONESBORO,ME,4648,401-338-4951,REGULAR,SWAMP YANKEE BBQ LLC,Washington,0.02702702703,44.6619743,-67.5729987
25008,SWAMP YANKEE BBQ,0,0,2018-07-13,2019-05-06,EATING PLACE - MOBILE,No,749 US RT 1,JONESBORO,ME,4648,401-338-4951,REGULAR,"SPAULDING, MYRON",Washington,0,44.6619743,-67.5729987
25003,JP MARKET & DELI,3,2,2019-10-17,2020-06-23,EATING PLACE TIER 1,No,694 MAIN ST,PRESQUE ISLE,ME,4769,207-764-5474,REGULAR,JPLD CORP,Aroostook,0.1486486486,46.690487,-68.0119113
24998,POINT LOOKOUT - ERIKSON HALL,1,1,2019-05-03,2020-03-19,EATING PLACE TIER 3,No,67 ATLANTIC HWY,NORTHPORT,ME,4849,406-466-2646,REGULAR,DEEP CREEK GRAZING ASSOC INC,Waldo,0.05405405405,44.3019472,-68.9938575
24998,POINT LOOKOUT - ERIKSON HALL,0,0,2019-03-13,,EATING PLACE TIER 3,No,67 ATLANTIC HWY,NORTHPORT,ME,4849,800-981-5084,NEWOWNER,Deep Creek Grazing Assoc.,Waldo,0,44.3019472,-68.9938575
24997,POINT LOOKOUT - THE SUMMIT,0,1,2019-05-03,2020-03-19,EATING PLACE TIER 3,No,67 ATLANTIC HWY,NORTHPORT,ME,4849,207-789-2000,REGULAR,DEEP CREEK GRAZING ASSOC INC,Waldo,0.01351351351,44.3019472,-68.9938575
24997,POINT LOOKOUT - THE SUMMIT,0,0,2019-03-13,,EATING PLACE TIER 3,No,67 ATLANTIC HWY,NORTHPORT,ME,4849,800-981-5084,NEWOWNER,Deep Creek Grazing Assoc.,Waldo,0,44.3019472,-68.9938575
24994,NEBO LODGE,1,2,2018-06-07,2018-06-11,CATERING,No,11 MULLINS LN,NORTH HAVEN,ME,4853,207-867-2007,REGULAR,NEBO LODGE LLC,Knox,0.06756756757,44.1284928,-68.8734664
24989,SLAB,3,0,2022-01-21,2022-06-10,MUN - EATING PLACE,No,25 PREBLE ST,PORTLAND,ME,4101,207-245-3088,REGULAR,SLAB LLC,Cumberland,0.1216216216,43.6578719,-70.2601186
24989,SLAB,1,4,2023-03-30,2023-06-10,MUN - EATING PLACE,No,25 PREBLE ST,PORTLAND,ME,4101,207-245-3088,REGULAR,SLAB LLC,Cumberland,0.09459459459,43.6578719,-70.2601186
24989,Z A,2,0,2025-05-20,2025-06-10,MUN - EATING PLACE,No,25 PREBLE ST,PORTLAND,ME,4101,207-632-2162,REGULAR,LEAVIN PIZZARIA LLC,Cumberland,0.08108108108,43.6578719,-70.2601186
24989,SLAB,1,2,2019-02-11,2019-06-10,MUN - EATING PLACE,No,25 PREBLE ST,PORTLAND,ME,4101,207-245-3088,REGULAR,SLAB LLC,Cumberland,0.06756756757,43.6578719,-70.2601186
24989,SLAB,1,2,2024-03-28,2024-06-10,MUN - EATING PLACE,No,25 PREBLE ST,PORTLAND,ME,4101,207-245-3088,REGULAR,SLAB LLC,Cumberland,0.06756756757,43.6578719,-70.2601186
24989,SLAB,1,1,2020-02-28,2020-06-10,MUN - EATING PLACE,No,25 PREBLE ST,PORTLAND,ME,4101,207-245-3088,REGULAR,SLAB LLC,Cumberland,0.05405405405,43.6578719,-70.2601186
24989,SLAB,0,2,2018-02-06,2018-06-10,MUN - EATING PLACE,No,25 PREBLE ST,PORTLAND,ME,4101,207-245-3088,REGULAR,SLAB LLC,Cumberland,0.02702702703,43.6578719,-70.2601186
24989,ZA,0,0,2025-04-01,2025-06-10,MUN - EATING PLACE,No,25 PREBLE ST,PORTLAND,ME,4101,207-632-2162,REGULAR,LEAVEN PIZZARIA LLC,Cumberland,0,43.6578719,-70.2601186
24985,HOLLYWOOD CASINO BANGOR,2,4,2020-08-06,2021-06-24,EATING AND LODGING,No,500 MAIN ST,BANGOR,ME,4401,207-974-3500,REGULAR,HC BANGOR LLC,Penobscot,0.1351351351,44.7890325,-68.7769643
24985,HOLLYWOOD CASINO BANGOR,0,4,2020-08-06,2021-06-24,EATING AND LODGING,No,500 MAIN ST,BANGOR,ME,4401,207-974-3500,REGULAR,HC BANGOR LLC,Penobscot,0.05405405405,44.7890325,-68.7769643
24985,HOLLYWOOD CASINO BANGOR,0,0,2024-01-08,2024-06-24,EATING AND LODGING,No,500 MAIN ST,BANGOR,ME,4401,207-974-3405,REGULAR,HC BANGOR LLC,Penobscot,0,44.7890325,-68.7769643
24982,MILLYARD,2,4,2018-05-17,2019-06-13,EATING PLACE TIER 2,No,162 HOULTON RD,DANFORTH,ME,4424,207-448-7119,REGULAR,"CRONE, CARL & RENE",Washington,0.1351351351,45.6648466,-67.8628453
24982,MILLYARD,2,1,2020-07-14,2021-06-13,EATING PLACE TIER 2,No,162 HOULTON RD,DANFORTH,ME,4424,207-448-7119,REGULAR,"CRONE, CARL & RENE",Washington,0.09459459459,45.6648466,-67.8628453
24982,MILLYARD,1,1,2022-05-24,2023-06-13,EATING PLACE TIER 2,No,162 HOULTON RD,DANFORTH,ME,4424,207-448-7119,REGULAR,"CRONE, CARL & RENE",Washington,0.05405405405,45.6648466,-67.8628453
24982,MILLYARD,0,1,2024-12-03,2025-06-13,EATING PLACE TIER 2,No,162 HOULTON RD,DANFORTH,ME,4424,207-448-7268,REGULAR,"CRONE, CARL & RENE",Washington,0.01351351351,45.6648466,-67.8628453
24971,CHIPOTLE MEXICAN GRILL,2,2,2018-10-25,2019-02-18,EATING PLACE TIER 2,No,583 STILLWATER AVE,BANGOR,ME,4402,303-222-2524,REGULAR,CHIPOTLE MEXICAN GRILL OF COLORADO LLC,Penobscot,0.1081081081,44.8293671,-68.753741
24971,CHIPOTLE MEXICAN GRILL,1,3,2023-09-26,2024-02-18,EATING PLACE TIER 2,No,583 STILLWATER AVE,BANGOR,ME,4402,380-222-7066,REGULAR,CHIPOTLE MEXICAN GRILL OF COLORADO LLC,Penobscot,0.08108108108,44.8293671,-68.753741
24971,CHIPOTLE MEXICAN GRILL,1,2,2021-03-11,2022-02-18,EATING PLACE TIER 2,No,583 STILLWATER AVE,BANGOR,ME,4402,380-222-7066,REGULAR,CHIPOTLE MEXICAN GRILL OF COLORADO LLC,Penobscot,0.06756756757,44.8293671,-68.753741
24971,CHIPOTLE MEXICAN GRILL,0,5,2023-06-12,2024-02-18,EATING PLACE TIER 2,No,583 STILLWATER AVE,BANGOR,ME,4402,380-222-7066,REGULAR,CHIPOTLE MEXICAN GRILL OF COLORADO LLC,Penobscot,0.06756756757,44.8293671,-68.753741
24951,EDS KITCHEN,2,10,2020-11-05,2021-06-13,EATING PLACE - MOBILE,No,74 EASTLAND AVE,MILLINOCKET,ME,4462,207-619-1868,REGULAR,EDS KITCHEN,Penobscot,0.2162162162,45.656352,-68.7021798
24951,EDS KITCHEN,2,6,2023-07-13,2023-06-13,EATING PLACE - TAKEOUT,No,74 EASTLAND AVE,MILLINOCKET,ME,4462,207-619-1868,REGULAR,EDS KITCHEN,Penobscot,0.1621621622,45.656352,-68.7021798
24947,SALUD,0,0,2018-05-29,2019-03-12,MUN - EATING PLACE,No,331 VERANDA ST,PORTLAND,ME,4104,207-228-5818,REGULAR,KGS SERVICES INC,Cumberland,0,43.6883533,-70.2463169
24946,MUNCHIES,1,2,2019-09-13,,EATING PLACE - MOBILE,No,4 MAPLE ST,NORRIDGEWOCK,ME,4957,207-314-7935,REGULAR,"BICKFORD, JOHN",Somerset,0.06756756757,44.7193671,-69.7927174
24946,MUNCHIES,1,0,2019-07-02,2019-08-13,EATING PLACE - MOBILE,No,4 MAPLE ST,NORRIDGEWOCK,ME,4957,207-314-7935,REGULAR,"BICKFORD, JOHN",Somerset,0.04054054054,44.7193671,-69.7927174
24941,THE MAINE WEDDING BARN @ FARVIEW FARM,0,0,2023-09-20,2023-12-11,EATING PLACE TIER 3,No,418 CENTER MINOT HILL,MINOT,ME,4258,207-577-1373,REGULAR,THE MAINE WEDDING BARN AT FARVIEW FARM,Androscoggin,0,44.1276365,-70.3138694
24937,CRESCENT FOOD,0,0,2018-08-24,2018-08-26,EATING PLACE - TEMPORARY 1-4 DAYS,No,,BANGOR,ME,4401,802-388-8947,REGULAR,CRESCENT FOODS LLC,Penobscot,0,44.8016255,-68.7713289
24937,CRESCENT FOOD,0,0,2019-08-23,2020-06-05,EATING PLACE - TEMPORARY 1-4 DAYS,No,,BANGOR,ME,4401,802-388-8947,REGULAR,CRESCENT FOODS LLC,Penobscot,0,44.8016255,-68.7713289
24932,CAPPZAS PIZZA,3,6,2022-08-31,2023-06-04,EATING PLACE TIER 2,No,255 MAIN ST,WATERVILLE,ME,4901,207-873-7776,REGULAR,CAPPZA INC,Kennebec,0.2027027027,44.5575949,-69.6321058
24932,CAPPZAS PIZZA,1,3,2024-12-27,2025-06-04,EATING PLACE TIER 2,No,255 MAIN ST,WATERVILLE,ME,4901,207-873-7776,REGULAR,CAPPZA INC,Kennebec,0.08108108108,44.5575949,-69.6321058
24932,CAPPZAS PIZZA,0,4,2018-01-24,2018-06-04,EATING PLACE TIER 2,No,255 MAIN ST,WATERVILLE,ME,4901,207-873-7776,REGULAR,CAPPZA INC,Kennebec,0.05405405405,44.5575949,-69.6321058
24932,CAPPZAS PIZZA,0,0,2022-09-23,2023-06-04,EATING PLACE TIER 2,No,255 MAIN ST,WATERVILLE,ME,4901,207-873-7776,REGULAR,CAPPZA INC,Kennebec,0,44.5575949,-69.6321058
24930,FISHIN SHIPS,2,1,2018-05-17,2019-02-27,EATING PLACE - MOBILE,No,179 WOODFORD ST,PORTLAND,ME,4103,207-756-2860,REGULAR,LITTLE FISH,Cumberland,0.09459459459,43.6711991,-70.2860256
24930,FISHIN SHIPS,1,2,2019-04-26,2020-02-27,EATING PLACE - MOBILE,No,179 WOODFORD ST,PORTLAND,ME,4103,207-756-2860,REGULAR,LITTLE FISH LLC,Cumberland,0.06756756757,43.6711991,-70.2860256
24928,BELLY BUSTERS CONCESSIONS,0,0,2019-07-16,2020-06-05,EATING PLACE - MOBILE,No,,MECHANIC FALLS,ME,4256,207-577-7972,REGULAR,"GUPTILL, NANCY",Androscoggin,0,44.0756725,-70.4161489
24925,MR SEAS LOBSTER POUND & FRY SHACK,3,11,2019-06-27,2019-06-25,MUN - EATING PLACE,Yes,1184 SABATTUS ST,LEWISTON,ME,4240,207-783-0050,REGULAR,"LANGLEY, MJAE",Androscoggin,0.2702702703,44.1015483,-70.142316
24925,MR SEAS LOBSTER POUND & FRY SHACK,3,8,2023-02-21,2023-06-25,MUN - EATING PLACE,No,1184 SABATTUS ST,LEWISTON,ME,4240,207-783-0050,REGULAR,"LANGLEY, MJAE",Androscoggin,0.2297297297,44.1015483,-70.142316
24925,MR SEAS LOBSTER POUND & FRY SHACK,1,2,2021-08-09,2022-06-25,MUN - EATING PLACE,No,1184 SABATTUS ST,LEWISTON,ME,4240,207-783-0050,REGULAR,"LANGLEY, MJAE",Androscoggin,0.06756756757,44.1015483,-70.142316
24925,MR SEAS LOBSTER POUND & FRY SHACK,0,1,2019-07-12,2019-06-25,MUN - EATING PLACE,No,1184 SABATTUS ST,LEWISTON,ME,4240,207-783-0050,FOLLOW_UP_FULL,"LANGLEY, MJAE",Androscoggin,0.01351351351,44.1015483,-70.142316
24915,THE CABOT HOUSE,0,0,2018-05-04,2018-06-16,BED AND BREAKFAST 5 ROOMS OR LESS,No,866 W MAIN ST,DOVER-FOXCROFT,ME,4426,207-200-4063,REGULAR,866 LLC,Piscataquis,0,45.1856949,-69.2353735
24915,THE CABOT HOUSE,0,0,2018-05-04,2018-06-16,BED AND BREAKFAST 5 ROOMS OR LESS,No,866 W MAIN ST,DOVER-FOXCROFT,ME,4426,207-200-4063,REGULAR,866 LLC,Piscataquis,0,45.1856949,-69.2353735
24910,SPIRO & COMPANY,0,0,2019-09-13,2020-06-30,EATING PLACE - MOBILE,No,78 MAIN ST,BELGRADE LAKES,ME,4918,207-441-2103,REGULAR,"YOTIDES, TIM & LORI",Kennebec,0,44.5256919,-69.8869362
24910,SPIRO & COMPANY,0,0,2024-11-15,2023-06-30,EATING PLACE - MOBILE,No,78 MAIN ST,BELGRADE LAKES,ME,4918,207-441-2103,REGULAR,,Kennebec,0,44.5256919,-69.8869362
24902,THE SPORTS ARENA,3,10,2023-12-18,2024-08-19,EATING PLACE TIER 3,No,1640 HAMMOND ST,BANGOR,ME,4401,207-573-8700,NEWOWNER,XL GOLF;  MCCL LLC,Penobscot,0.2567567568,44.7938359,-68.8416617
24902,THE SPORTS ARENA,1,1,2024-06-25,2024-07-03,EATING PLACE TIER 3,No,1640 HAMMOND ST,BANGOR,ME,4401,207-573-8700,FOLLOW_UP_FULL,MCCL LLC,Penobscot,0.05405405405,44.7938359,-68.8416617
24902,THE SPORTS ARENA,3,10,2019-08-04,2020-06-03,EATING PLACE - LIMITED MENU,No,1640 HAMMOND ST,HERMON,ME,4401,207-848-5850,REGULAR,XL GOLF,Penobscot,0.2567567568,44.7938359,-68.8416617
24900,MERRY MOOSE,1,1,2018-07-02,2019-05-08,EATING PLACE TIER 1,No,814 PORTLAND RD,SACO,ME,4072,207-282-0502,REGULAR,SUN TRS SACO LLC,York,0.05405405405,43.5360661,-70.4269935
24900,MERRY MOOSE,0,1,2022-07-20,2022-05-08,EATING PLACE TIER 1,No,814 PORTLAND RD,SACO,ME,4072,207-282-0502,REGULAR,SUN TRS SACO LLC,York,0.01351351351,43.5360661,-70.4269935
24900,MERRY MOOSE,0,1,2024-08-08,2025-05-08,EATING PLACE TIER 1,No,814 PORTLAND RD,SACO,ME,4072,207-282-0502,REGULAR,SUN TRS SACO LLC,York,0.01351351351,43.5360661,-70.4269935
24899,THE DOG & PONY TAVERN,0,6,2019-02-07,2019-06-12,EATING PLACE TIER 2,No,4 RODICK PL,BAR HARBOR,ME,4609,207-288-0900,REGULAR,DOG & PONY INC,Hancock,0.08108108108,44.3885015,-68.2057784
24899,THE DOG & PONY TAVERN,1,2,2025-02-04,2025-06-12,EATING PLACE TIER 2,No,4 RODICK PL,BAR HARBOR,ME,4609,207-288-0900,REGULAR,DOG & PONY INC,Hancock,0.06756756757,44.3885015,-68.2057784
24898,DUNKIN DONUTS,2,5,2022-05-13,2023-06-20,EATING PLACE TIER 2,No,22 WESTERN AVE,AUGUSTA,ME,4330,978-682-2382,REGULAR,MELVILLE DONUTS LLC,Kennebec,0.1486486486,44.310788,-69.7820684
24898,DUNKIN DONUTS,2,5,2025-02-20,2025-06-20,EATING PLACE TIER 2,No,22 WESTERN AVE,AUGUSTA,ME,4330,978-682-2382,REGULAR,MELVILLE DONUTS LLC,Kennebec,0.1486486486,44.310788,-69.7820684
24898,MELVILLE DONUTS,0,8,2018-03-27,2018-06-20,EATING PLACE TIER 2,No,22 WESTERN AVE,AUGUSTA,ME,4330,978-682-2382,REGULAR,MELVILLE DONUTS LLC,Kennebec,0.1081081081,44.310788,-69.7820684
24898,DUNKIN DONUTS,0,5,2019-07-24,2020-06-20,EATING PLACE TIER 2,No,22 WESTERN AVE,AUGUSTA,ME,4330,978-682-2382,REGULAR,MELVILLE DONUTS LLC,Kennebec,0.06756756757,44.310788,-69.7820684
24898,DUNKIN DONUTS,0,4,2021-10-25,2022-06-20,EATING PLACE TIER 2,No,22 WESTERN AVE,AUGUSTA,ME,4330,978-682-2382,REGULAR,MELVILLE DONUTS LLC,Kennebec,0.05405405405,44.310788,-69.7820684
24898,DUNKIN DONUTS,0,0,2019-09-22,2020-06-20,EATING PLACE TIER 2,No,22 WESTERN AVE,AUGUSTA,ME,4330,978-682-2382,REGULAR,MELVILLE DONUTS LLC,Kennebec,0,44.310788,-69.7820684
24897,STATE LINE LOBSTER COMPANY,1,1,2025-06-13,2023-06-24,EATING PLACE TIER 2,No,436 US ROUTE 1,KITTERY,ME,3904,207-641-9322,NEWOWNER,MILLER BROTHERS LLC,York,0.05405405405,43.1213514,-70.7194679
24895,JUICED,1,6,2022-03-15,2022-06-11,EATING PLACE TIER 1,No,130 WATER ST,HALLOWELL,ME,4347,207-215-7001,REGULAR,JUICED LLC,Kennebec,0.1216216216,44.2861629,-69.7899389
24895,JUICED,1,5,2018-02-09,2018-06-11,EATING PLACE TIER 1,No,130 WATER ST,HALLOWELL,ME,4347,207-215-7001,REGULAR,JUICED LLC,Kennebec,0.1081081081,44.2861629,-69.7899389
24895,JUICED,1,4,2025-03-25,2025-06-11,EATING PLACE TIER 1,No,130 WATER ST,HALLOWELL,ME,4347,207-215-7001,REGULAR,JUICED LLC,Kennebec,0.09459459459,44.2861629,-69.7899389
24888,THE BAR ASSOCIATION,1,1,2018-09-17,2019-05-30,CATERING,No,214 BROWN ST,WESTBROOK,ME,4092,207-650-0481,REGULAR,THE BAR ASSCOCIATION LLC,Cumberland,0.05405405405,43.6801831,-70.3625773
24885,SAMS GREAT NORTHERN LOBSTER BAKES & CATERING,1,0,2018-01-12,2018-05-12,MUN - CATERING,No,179 WOODFORD ST,PORTLAND,ME,4101,207-797-6719,REGULAR,"DODGE, RICHARD A",Cumberland,0.04054054054,43.6711991,-70.2860256
24881,ORIENTAL PEARL,2,9,2025-01-30,2025-08-04,EATING PLACE TIER 1,No,19 DAVIS ST,PRESQUE ISLE,ME,4769,207-762-3268,REGULAR,WING LI LUNG INC,Aroostook,0.2027027027,46.6909675,-68.0097239
24881,THE PIZZA BOX,1,1,2019-03-26,2020-03-28,EATING PLACE TIER 1,No,19 DAVIS ST,PRESQUE ISLE,ME,4769,207-760-8344,REGULAR,THE PIZZA BOX,Aroostook,0.05405405405,46.6909675,-68.0097239
24875,MOOSEHEAD TRAIL CAMPGROUND,1,1,2024-10-08,2025-05-27,EATING AND CAMPGROUND,No,781 MOOSEHEAD TRL,NEWPORT,ME,4953,207-368-2222,REGULAR,NEWPORT CAMPGROUNDS LLC,Penobscot,0.05405405405,44.8861165,-69.2761715
24875,MOOSEHEAD TRAIL CAMPGROUND,0,0,2019-07-08,2020-05-27,EATING AND CAMPGROUND,No,781 MOOSEHEAD TRL,NEWPORT,ME,4953,207-368-2222,REGULAR,NEWPORT CAMPGROUNDS LLC,Penobscot,0,44.8861165,-69.2761715
24875,MOOSEHEAD TRAIL CAMPGROUND,0,0,2019-07-08,2020-05-27,EATING AND CAMPGROUND,No,781 MOOSEHEAD TRL,NEWPORT,ME,4953,207-368-2222,REGULAR,NEWPORT CAMPGROUNDS LLC,Penobscot,0,44.8861165,-69.2761715
24875,MOOSEHEAD TRAIL CAMPGROUND,0,0,2024-10-08,2025-05-27,EATING AND CAMPGROUND,No,781 MOOSEHEAD TRL,NEWPORT,ME,4953,207-368-2222,REGULAR,NEWPORT CAMPGROUNDS LLC,Penobscot,0,44.8861165,-69.2761715
24872,FOODWORKS,3,5,2019-05-14,2019-06-03,MUN - EATING PLACE,No,59 INDIA ST,PORTLAND,ME,4101,207-773-9799,REGULAR,FOODWORKS INC,Cumberland,0.1891891892,43.6608839,-70.2499874
24872,FOODWORKS,3,4,2023-03-30,2023-06-03,MUN - EATING PLACE,No,59 INDIA ST,PORTLAND,ME,4101,207-773-9799,REGULAR,FOODWORKS INC,Cumberland,0.1756756757,43.6608839,-70.2499874
24872,FOODWORKS,2,6,2022-10-03,2023-06-03,MUN - EATING PLACE,No,59 INDIA ST,PORTLAND,ME,4101,207-773-9799,REGULAR,FOODWORKS INC,Cumberland,0.1621621622,43.6608839,-70.2499874
24872,FOODWORKS,2,6,2024-04-02,2024-06-03,MUN - EATING PLACE,No,59 INDIA ST,PORTLAND,ME,4101,207-773-9799,REGULAR,FOODWORKS INC,Cumberland,0.1621621622,43.6608839,-70.2499874
24872,FOODWORKS,3,2,2021-09-21,2021-06-03,MUN - EATING PLACE,No,59 INDIA ST,PORTLAND,ME,4101,207-773-9799,REGULAR,FOODWORKS INC,Cumberland,0.1486486486,43.6608839,-70.2499874
24872,FOODWORKS,2,3,2019-11-26,2020-06-03,MUN - EATING PLACE,No,59 INDIA ST,PORTLAND,ME,4101,207-773-9799,REGULAR,FOODWORKS INC,Cumberland,0.1216216216,43.6608839,-70.2499874
24872,FOODWORKS,1,2,2025-04-09,2025-06-03,MUN - EATING PLACE,No,59 INDIA ST,PORTLAND,ME,4101,207-773-9799,REGULAR,FOODWORKS INC,Cumberland,0.06756756757,43.6608839,-70.2499874
24872,FOODWORKS,1,0,2018-05-11,2019-06-03,MUN - EATING PLACE,No,59 INDIA ST,PORTLAND,ME,4101,207-773-9799,REGULAR,FOODWORKS INC,Cumberland,0.04054054054,43.6608839,-70.2499874
24868,LITTLE RIVER BAR AND GRILL,0,4,2024-08-29,2025-06-16,EATING PLACE TIER 1,No,275 PINE POINT RD,SCARBOROUGH,ME,4074,207-883-6043,REGULAR,BAYLEYS CAMPGROUND INC,Cumberland,0.05405405405,43.5446385,-70.3610513
24868,LITTLE RIVER BAR AND GRILL,0,2,2022-06-08,2023-06-16,EATING PLACE TIER 1,No,275 PINE POINT RD,SCARBOROUGH,ME,4074,207-883-6043,REGULAR,BAYLEYS CAMPGROUND INC,Cumberland,0.02702702703,43.5446385,-70.3610513
24866,VAZQUEZ MEXICAN FOOD TAKE-OUT,1,2,2022-04-06,2022-05-12,EATING PLACE TIER 1,No,38 MAIN ST,MILBRIDGE,ME,4658,207-598-8141,REGULAR,"VAZQUEZ, GOSAFAT & ROMANA",Washington,0.06756756757,44.5367387,-67.8804863
24866,VAZQUEZ MEXICAN FOOD TAKE-OUT,1,1,2024-04-12,2024-05-12,EATING PLACE TIER 1,No,38 MAIN ST,MILBRIDGE,ME,4658,207-598-8141,REGULAR,"VAZQUEZ, GOSAFAT & ROMANA",Washington,0.05405405405,44.5367387,-67.8804863
24866,VAZQUEZ MEXICAN FOOD TAKE-OUT,0,0,2019-05-13,2020-05-12,EATING PLACE TIER 1,No,38 MAIN ST,MILBRIDGE,ME,4658,207-598-8141,REGULAR,"VAZQUEZ, GOSAFAT & ROMANA",Washington,0,44.5367387,-67.8804863
24863,CALDERWOOD OPERATIONS,3,1,2018-06-07,2019-06-11,EATING PLACE TIER 2,No,2 IRON POINT RD,NORTH HAVEN,ME,4853,207-867-4700,REGULAR,CALDERWOOD OPERATIONS INC,Knox,0.1351351351,44.1278965,-68.8716947
24863,NORTH HAVEN BREWING AT CALDERWOOD HALL,0,2,2023-02-02,2022-06-11,EATING PLACE TIER 2,No,2 IRON POINT RD,NORTH HAVEN,ME,4853,207-867-4700,NEWOWNER,NORTH HAVEN BREWING COMPANY LLC,Knox,0.02702702703,44.1278965,-68.8716947
24861,HONG KONG ISLAND,4,5,2018-02-14,2018-08-29,EATING PLACE TIER 1,Yes,155 CAMDEN ST,ROCKLAND,ME,4841,207-596-7700,REGULAR,HONG KONG ISLAND LLC,Kennebec,0.2297297297,44.1204653,-69.1012177
24861,HONG KONG ISLAND,7,7,2023-08-22,2023-08-29,EATING PLACE TIER 3,Yes,155 CAMDEN ST,ROCKLAND,ME,4841,207-596-7700,REGULAR,HONG KONG ISLAND LLC,Kennebec,0.3783783784,44.1204653,-69.1012177
24861,HONG KONG ISLAND,4,14,2023-12-27,2023-08-29,EATING PLACE TIER 3,Yes,155 CAMDEN ST,ROCKLAND,ME,4841,207-596-7700,REGULAR,HONG KONG ISLAND LLC,Kennebec,0.3513513514,44.1204653,-69.1012177
24861,HONG KONG ISLAND,4,12,2022-08-01,2023-08-29,EATING PLACE TIER 3,Yes,155 CAMDEN ST,ROCKLAND,ME,4841,207-596-7700,REGULAR,HONG KONG ISLAND LLC,Kennebec,0.3243243243,44.1204653,-69.1012177
24861,HONG KONG ISLAND,3,6,2023-09-05,2023-08-29,EATING PLACE TIER 3,No,155 CAMDEN ST,ROCKLAND,ME,4841,207-596-7700,FOLLOW_UP_FULL,HONG KONG ISLAND LLC,Kennebec,0.2027027027,44.1204653,-69.1012177
24861,HONG KONG ISLAND,2,7,2024-05-17,2024-08-29,EATING PLACE TIER 3,No,155 CAMDEN ST,ROCKLAND,ME,4841,207-596-7700,REGULAR,HONG KONG ISLAND LLC,Kennebec,0.1756756757,44.1204653,-69.1012177
24861,HONG KONG ISLAND,1,10,2021-12-21,2022-08-29,EATING PLACE TIER 3,No,155 CAMDEN ST,ROCKLAND,ME,4841,207-596-7700,REGULAR,HONG KONG ISLAND LLC,Kennebec,0.1756756757,44.1204653,-69.1012177
24861,HONG KONG ISLAND,1,10,2023-01-19,2023-08-29,EATING PLACE TIER 3,No,155 CAMDEN ST,ROCKLAND,ME,4841,207-596-7700,REGULAR,HONG KONG ISLAND LLC,Kennebec,0.1756756757,44.1204653,-69.1012177
24861,HONG KONG ISLAND,1,10,2024-08-26,2025-08-29,EATING PLACE TIER 3,No,155 CAMDEN ST,ROCKLAND,ME,4841,207-596-7700,REGULAR,HONG KONG ISLAND LLC,Kennebec,0.1756756757,44.1204653,-69.1012177
24861,HONG KONG ISLAND,1,7,2024-02-07,2024-08-29,EATING PLACE TIER 3,No,155 CAMDEN ST,ROCKLAND,ME,4841,207-596-7700,FOLLOW_UP_FULL,HONG KONG ISLAND LLC,Kennebec,0.1351351351,44.1204653,-69.1012177
24861,HONG KONG ISLAND,1,5,2025-03-13,2025-08-29,EATING PLACE TIER 3,No,155 CAMDEN ST,ROCKLAND,ME,4841,207-596-7700,REGULAR,HONG KONG ISLAND LLC,Kennebec,0.1081081081,44.1204653,-69.1012177
24861,HONG KONG ISLAND,1,4,2024-12-09,2025-08-29,EATING PLACE TIER 3,No,155 CAMDEN ST,ROCKLAND,ME,4841,207-596-7700,REGULAR,HONG KONG ISLAND LLC,Kennebec,0.09459459459,44.1204653,-69.1012177
24851,THE COOL BUS,0,0,2020-05-21,2018-05-08,EATING PLACE - MOBILE,No,98 MAIN ST,HARTLAND,ME,4943,207-416-3082,NEWOWNER,"ROBINSON, MARCI",Somerset,0,44.8824534,-69.4521295
24849,HELLA GOOD TACOS,1,3,2018-07-05,2019-05-15,MUN - EATING AND CATERING,No,500 WASHINGTON AVE,PORTLAND,ME,4102,207-775-2722,REGULAR,HELLA GOOD TACOS LLC,Cumberland,0.08108108108,43.6794459,-70.2578258
24849,HELLA GOOD TACOS,1,2,2018-01-23,2018-05-15,MUN - EATING AND CATERING,No,500 WASHINGTON AVE,PORTLAND,ME,4102,207-775-2722,REGULAR,HELLA GOOD TACOS LLC,Cumberland,0.06756756757,43.6794459,-70.2578258
24848,HIGHBALL ENTERPRISES,0,1,2022-07-20,2022-05-09,EATING PLACE TIER 1,No,212 DEPOT ST,UNITY,ME,4988,07-631-5350,NEWOWNER,HIGHBALL ENTERPRISES LLC,Waldo,0.01351351351,44.6148478,-69.3228764
24843,ALLPLAY BOWLING CENTER,2,4,2025-01-13,2025-08-17,EATING PLACE TIER 2,No,49 SEARSPORT AVE,BELFAST,ME,4915,207-218-1100,REGULAR,ALLPLAY BOWLING CENTER LLC,Waldo,0.1351351351,44.4329611,-68.9970875
24843,ALLPLAY BOWLING CENTER,0,2,2022-12-07,2023-08-17,EATING PLACE TIER 2,No,49 SEARSPORT AVE,BELFAST,ME,4915,207-218-1100,REGULAR,ALLPLAY BOWLING CENTER LLC,Waldo,0.02702702703,44.4329611,-68.9970875
24843,ALLPLAY FAMILY ENTERTAINMENT CENTER,0,1,2022-03-30,2022-06-12,EATING PLACE TIER 2,No,49 SEARSPORT AVE,BELFAST,ME,4915,207-218-1100,REGULAR,ALL PLAY LLC,Waldo,0.01351351351,44.4329611,-68.9970875
24843,ALLPLAY FAMILY ENTERTAINMENT CENTER,0,0,2019-01-11,2019-06-12,EATING PLACE TIER 2,No,49 SEARSPORT AVE,BELFAST,ME,4915,207-218-1100,REGULAR,ALL PLAY LLC,Waldo,0,44.4329611,-68.9970875
24842,FESTINA LENTE,1,1,2018-07-11,2019-05-31,EATING PLACE TIER 1,No,1 GOVERNMENT ST,KITTERY,ME,3904,207-703-2287,REGULAR,FESTINA LENTE LLC,York,0.05405405405,43.0854985,-70.7441809
24842,FESTINA LENTE,0,1,2022-12-28,2023-05-31,EATING PLACE TIER 1,No,1 GOVERNMENT ST,KITTERY,ME,3904,207-703-2287,REGULAR,FESTINA LENTE LLC,York,0.01351351351,43.0854985,-70.7441809
24842,FESTINA LENTE,0,0,2018-05-29,2017-10-27,EATING PLACE TIER 1,No,1 GOVERNMENT ST,KITTERY,ME,3904,207-703-2287,NEWOWNER,FESTINA LENTE LLC,York,0,43.0854985,-70.7441809
24842,FESTINA LENTE,0,0,2020-11-19,2021-05-31,EATING PLACE TIER 1,No,1 GOVERNMENT ST,KITTERY,ME,3904,207-703-2287,REGULAR,FESTINA LENTE LLC,York,0,43.0854985,-70.7441809
24842,FESTINA LENTE,0,0,2024-11-05,2025-05-31,EATING PLACE TIER 1,No,1 GOVERNMENT ST,KITTERY,ME,3904,207-703-2287,REGULAR,FESTINA LENTE LLC,York,0,43.0854985,-70.7441809
24840,LAS OLAS TAQUERIA,0,6,2025-04-01,2025-06-30,EATING PLACE TIER 2,No,1517 POST RD,WELLS,ME,4090,603-231-7057,REGULAR,LAS OLAS MAINE LLC,York,0.08108108108,43.3210792,-70.5805716
24840,LAS OLAS TAQUERIA,0,5,2023-01-03,2023-06-30,EATING PLACE TIER 2,No,1517 POST RD,WELLS,ME,4090,603-231-7057,REGULAR,LAS OLAS MAINE LLC,York,0.06756756757,43.3210792,-70.5805716
24840,LAS OLAS TAQUERIA,1,0,2019-02-05,2019-06-30,EATING PLACE TIER 2,No,1417 POST RD,WELLS,ME,4090,603-231-7057,REGULAR,LAS OLAS MAINE LLC,York,0.04054054054,43.3172365,-70.5832511
24840,LAS OLAS TAQUERIA,0,1,2021-10-26,2022-06-30,EATING PLACE TIER 2,No,1517 POST RD,WELLS,ME,4090,603-231-7057,REGULAR,LAS OLAS MAINE LLC,York,0.01351351351,43.3210792,-70.5805716
24838,SUGAR SHACK CAFE,3,12,2025-03-26,2026-04-04,EATING PLACE TIER 3,Yes,185 MAIN ST,CORNISH,ME,4020,207-935-4997,REGULAR,CHEF DEIVID ENTERPRISES LLC,York,0.2837837838,43.8004599,-70.7880736
24838,SUGAR SHACK CAFE,0,9,2022-12-02,2023-04-04,EATING PLACE TIER 3,No,185 MAIN ST,CORNISH,ME,4020,207-935-4997,REGULAR,CHEF DEIVID ENTERPRISES LLC,York,0.1216216216,43.8004599,-70.7880736
24838,SUGAR SHACK CAFE,0,1,2025-05-28,2026-04-04,EATING PLACE TIER 3,No,185 MAIN ST,CORNISH,ME,4020,207-935-4997,FOLLOW_UP_FULL,CHEF DEIVID ENTERPRISES LLC,York,0.01351351351,43.8004599,-70.7880736
24835,WATERVILLE OPERA HOUSE,0,0,2018-10-29,2019-04-14,EATING PLACE - LIMITED MENU,No,93 MAIN ST,WATERVILLE,ME,4901,207-873-7000,REGULAR,WATERVILLE OPERA HOUSE IMPROVEMENT ASSOCIATION,Kennebec,0,44.5498745,-69.62965
24834,LITTLE CAESARS,2,8,2021-05-20,2022-05-23,EATING PLACE TIER 1,No,395 WILSON ST,BREWER,ME,4222,207-522-5704,REGULAR,JAD FRANCHISES INC,Penobscot,0.1891891892,44.7733628,-68.7263893
24834,LITTLE CAESARS,1,10,2023-11-16,2023-11-03,EATING PLACE TIER 1,No,395 WILSON ST,BREWER,ME,4222,207-307-7008,REGULAR,TALON FOODS LLC,Penobscot,0.1756756757,44.7733628,-68.7263893
24834,LITTLE CAESARS,0,2,2019-11-22,2020-05-23,EATING PLACE TIER 1,No,395 WILSON ST,BREWER,ME,4222,207-522-5704,REGULAR,JAD FRANCHISES INC,Penobscot,0.02702702703,44.7733628,-68.7263893
24832,THE KINGS HEAD,5,5,2022-02-22,2022-06-03,MUN - EATING PLACE,Yes,254 COMMERCIAL ST,PORTLAND,ME,4101,518-637-8784,REGULAR,THE KNGS HEAD LLC PA,Cumberland,0.2702702703,43.6535266,-70.2541223
24832,THE KINGS HEAD,5,3,2022-07-26,2022-06-03,MUN - EATING PLACE,Yes,254 COMMERCIAL ST,PORTLAND,ME,4101,518-637-8784,REGULAR,THE KNGS HEAD LLC PA,Cumberland,0.2432432432,43.6535266,-70.2541223
24832,THE KINGS HEAD,2,2,2022-03-10,2022-06-03,MUN - EATING PLACE,No,254 COMMERCIAL ST,PORTLAND,ME,4101,518-637-8784,FOLLOW_UP_FULL,THE KNGS HEAD LLC PA,Cumberland,0.1081081081,43.6535266,-70.2541223
24832,THE KINGS HEAD,1,4,2018-04-04,2018-06-03,MUN - EATING PLACE,No,254 COMMERCIAL ST,PORTLAND,ME,4101,518-637-8784,REGULAR,THE KNGS HEAD LLC PA,Cumberland,0.09459459459,43.6535266,-70.2541223
24832,THE KINGS HEAD,1,4,2020-01-14,2020-06-03,MUN - EATING PLACE,No,254 COMMERCIAL ST,PORTLAND,ME,4101,518-637-8784,REGULAR,THE KNGS HEAD LLC PA,Cumberland,0.09459459459,43.6535266,-70.2541223
24832,THE KINGS HEAD,1,3,2018-10-19,2019-06-03,MUN - EATING PLACE,No,254 COMMERCIAL ST,PORTLAND,ME,4101,518-637-8784,REGULAR,THE KNGS HEAD LLC PA,Cumberland,0.08108108108,43.6535266,-70.2541223
24832,THE KINGS HEAD,1,2,2019-06-25,2019-06-03,MUN - EATING PLACE,No,254 COMMERCIAL ST,PORTLAND,ME,4101,518-637-8784,REGULAR,THE KNGS HEAD LLC PA,Cumberland,0.06756756757,43.6535266,-70.2541223
24832,THE KINGS HEAD,1,2,2023-01-11,2022-06-03,MUN - EATING PLACE,No,254 COMMERCIAL ST,PORTLAND,ME,4101,518-637-8784,REGULAR,THE KNGS HEAD LLC PA,Cumberland,0.06756756757,43.6535266,-70.2541223
24832,THE KINGS HEAD,1,2,2024-03-21,2024-06-03,MUN - EATING PLACE,No,254 COMMERCIAL ST,PORTLAND,ME,4101,518-637-8784,REGULAR,THE KNGS HEAD LLC PA,Cumberland,0.06756756757,43.6535266,-70.2541223
24832,THE KINGS HEAD,1,1,2022-08-09,2022-06-03,MUN - EATING PLACE,No,254 COMMERCIAL ST,PORTLAND,ME,4101,518-637-8784,FOLLOW_UP_FULL,THE KNGS HEAD LLC PA,Cumberland,0.05405405405,43.6535266,-70.2541223
24832,THE KINGS HEAD,1,1,2025-03-26,2025-06-03,MUN - EATING PLACE,No,254 COMMERCIAL ST,PORTLAND,ME,4101,518-637-8784,REGULAR,THE KNGS HEAD LLC PA,Cumberland,0.05405405405,43.6535266,-70.2541223
24827,DUNKIN DONUTS,3,8,2018-09-17,2019-06-02,EATING PLACE TIER 1,No,190 RTE 3,CHINA,ME,4358,978-682-2382,REGULAR,SOUTH CHINA DONUTS LLC,Kennebec,0.2297297297,44.3869441,-69.5956134
24827,DUNKIN DONUTS,1,6,2023-09-06,2024-06-02,EATING PLACE TIER 1,No,190 RTE 3,CHINA,ME,4358,978-682-2382,REGULAR,SOUTH CHINA DONUTS LLC,Kennebec,0.1216216216,44.3869441,-69.5956134
24827,DUNKIN DONUTS,1,3,2021-12-27,2022-06-02,EATING PLACE TIER 1,No,190 RTE 3,CHINA,ME,4358,978-682-2382,REGULAR,SOUTH CHINA DONUTS LLC,Kennebec,0.08108108108,44.3869441,-69.5956134
24827,DUNKIN DONUTS,1,2,2019-10-28,2020-06-02,EATING PLACE TIER 1,No,190 RTE 3,CHINA,ME,4358,978-682-2382,REGULAR,SOUTH CHINA DONUTS LLC,Kennebec,0.06756756757,44.3869441,-69.5956134
24826,KRISTAS FOUR SEASONS,2,2,2018-11-06,2019-06-30,EATING PLACE TIER 1,No,256 SEBAGO RD,SEBAGO,ME,4029,207-787-5037,REGULAR,KRISTA TOMPSON LLC,Cumberland,0.1081081081,43.8533635,-70.6368824
24826,GRAND CENTRAL WINE BAR,1,2,2023-06-01,2024-05-09,EATING PLACE TIER 2,No,256 SEBAGO RD,SEBAGO,ME,4029,207-787-5231,REGULAR,GRAND CENTRAL WINE BAR;  GRAND CENTRAL WINE BAR,Cumberland,0.06756756757,43.8533635,-70.6368824
24826,GRAND CENTRAL WINE BAR,0,0,2025-07-16,2026-05-09,EATING PLACE TIER 2,No,256 SEBAGO RD,SEBAGO,ME,4029,207-787-5231,REGULAR,GRAND CENTRAL WINE BAR;  GRAND CENTRAL WINE BAR,Cumberland,0,43.8533635,-70.6368824
24824,ANJU,1,4,2020-02-19,2020-04-22,EATING AND CATERING,No,4 KITTERY AVE,KITTERY,ME,3904,510-290-8153,REGULAR,SON-MAT INC,York,0.09459459459,43.0817186,-70.7512947
24824,ANJU,0,2,2022-07-12,2022-04-22,EATING AND CATERING,No,4 KITTERY AVE,KITTERY,ME,3904,510-290-8153,REGULAR,SON-MAT INC,York,0.02702702703,43.0817186,-70.7512947
24821,AROMA JOES,1,1,2022-12-06,2023-05-30,EATING PLACE TIER 1,No,5 BIDDEFORD RD,ALFRED,ME,4002,603-534-0854,REGULAR,CANTWELL CORP,York,0.05405405405,43.4708983,-70.7194237
24821,AROMA JOES,0,3,2018-10-30,2019-05-30,EATING PLACE TIER 1,No,5 BIDDEFORD RD,ALFRED,ME,4002,603-534-0854,REGULAR,CANTWELL CORP,York,0.04054054054,43.4708983,-70.7194237
24821,AROMA JOES,0,1,2024-10-23,2025-05-30,EATING PLACE TIER 1,No,5 BIDDEFORD RD,ALFRED,ME,4002,603-534-0854,REGULAR,CANTWELL CORP,York,0.01351351351,43.4708983,-70.7194237
24821,AROMA JOES,0,0,2019-07-23,2020-05-30,EATING PLACE TIER 1,No,5 BIDDEFORD RD,ALFRED,ME,4002,603-534-0854,REGULAR,CANTWELL CORP,York,0,43.4708983,-70.7194237
24818,MUSE PAINTBAR,0,2,2020-01-07,2020-05-19,MUN - EATING PLACE,No,245 COMMERCIAL ST,PORTLAND,ME,4101,207-618-9500,REGULAR,THE PAINT & SIP CORP,Cumberland,0.02702702703,43.6549388,-70.254833
24818,MUSE PAINTBAR,0,0,2019-01-16,2019-05-19,MUN - EATING PLACE,No,245 COMMERCIAL ST,PORTLAND,ME,4101,646-901-2726,REGULAR,THE PAINT & SIP CORP,Cumberland,0,43.6549388,-70.254833
24818,MUSE PAINTBAR,0,0,2020-09-14,,MUN - EATING PLACE,No,245 COMMERCIAL ST,PORTLAND,ME,4101,207-618-9500,NEWOWNER,EAD ENTERTAINMENT LLC,Cumberland,0,43.6549388,-70.254833
24818,MUSE PAINTBAR,0,0,2022-05-16,2022-09-14,MUN - EATING PLACE,No,245 COMMERCIAL ST,PORTLAND,ME,4101,678-570-6544,REGULAR,EAD ENTERTAINMENT LLC,Cumberland,0,43.6549388,-70.254833
24818,MUSE PAINTBAR,0,0,2023-07-27,2024-09-14,MUN - EATING PLACE,No,245 COMMERCIAL ST,PORTLAND,ME,4101,678-570-6544,REGULAR,EAD ENTERTAINMENT LLC,Cumberland,0,43.6549388,-70.254833
24818,MUSE PAINTBAR,0,0,2024-07-31,2024-09-14,MUN - EATING PLACE,No,245 COMMERCIAL ST,PORTLAND,ME,4101,678-570-6544,REGULAR,EAD ENTERTAINMENT LLC,Cumberland,0,43.6549388,-70.254833
24818,MUSE PAINTBAR,0,0,2025-07-30,2025-09-14,MUN - EATING PLACE,No,245 COMMERCIAL ST,PORTLAND,ME,4101,678-570-6544,REGULAR,EAD ENTERTAINMENT LLC,Cumberland,0,43.6549388,-70.254833
24817,BRICKYARD HOLLOW BREWING COMPANY,4,9,2022-10-11,2023-06-04,EATING PLACE TIER 2,Yes,20 BOW ST,FREEPORT,ME,4096,207-747-8065,REGULAR,BRICKYARD HOLLOW BREWING CO,Cumberland,0.2837837838,43.8566934,-70.1019294
24817,BRICKYARD HOLLOW BREWING COMPANY,3,3,2025-03-12,2025-06-04,EATING PLACE TIER 2,No,20 BOW ST,FREEPORT,ME,4096,207-776-8908,REGULAR,BRICKYARD HOLLOW BREWING CO,Cumberland,0.1621621622,43.8566934,-70.1019294
24817,BRICKYARD HOLLOW BREWING COMPANY,0,2,2022-10-21,2023-06-04,EATING PLACE TIER 2,No,20 BOW ST,FREEPORT,ME,4096,207-747-8065,FOLLOW_UP_FULL,BRICKYARD HOLLOW BREWING CO,Cumberland,0.02702702703,43.8566934,-70.1019294
24817,AMATOS,5,6,2018-05-09,2018-05-16,EATING PLACE TIER 3,Yes,20 BOW ST,FREEPORT,ME,4096,207-329-7126,REGULAR,AMATOS OF FREEPORT LLC,Cumberland,0.2837837838,43.8566934,-70.1019294
24814,CAFE CREPE,1,1,2018-04-03,2018-05-16,EATING PLACE TIER 1,No,20 BOW ST,FREEPORT,ME,4032,970-389-8677,REGULAR,"BRINKMANN, LAUREN",Cumberland,0.05405405405,43.8566934,-70.1019294
24806,COURTYARD PORTLAND DOWNTOWN,1,4,2023-01-25,2023-05-16,MUN - EATING AND LODGING,No,321 COMMERCIAL ST,PORTLAND,ME,4101,207-780-6000,REGULAR,JBB HOSPITALITY I LLC,Cumberland,0.09459459459,43.6528651,-70.2565886
24806,COURTYARD PORTLAND DOWNTOWN,1,3,2024-01-09,2024-05-16,MUN - EATING AND LODGING,No,321 COMMERCIAL ST,PORTLAND,ME,4101,207-780-6000,REGULAR,JBB HOSPITALITY I LLC,Cumberland,0.08108108108,43.6528651,-70.2565886
24806,COURTYARD PORTLAND DOWNTOWN,1,2,2019-12-26,2020-05-16,MUN - EATING AND LODGING,No,321 COMMERCIAL ST,PORTLAND,ME,4101,207-865-6105,REGULAR,JBB HOSPITALITY I LLC,Cumberland,0.06756756757,43.6528651,-70.2565886
24806,COURTYARD PORTLAND DOWNTOWN,1,2,2021-12-07,2022-05-16,MUN - EATING AND LODGING,No,321 COMMERCIAL ST,PORTLAND,ME,4101,207-780-6000,REGULAR,JBB HOSPITALITY I LLC,Cumberland,0.06756756757,43.6528651,-70.2565886
24806,COURTYARD PORTLAND DOWNTOWN,1,0,2018-12-12,2019-05-16,MUN - EATING AND LODGING,No,321 COMMERCIAL ST,PORTLAND,ME,4101,207-865-6105,REGULAR,JBB HOSPITALITY I LLC,Cumberland,0.04054054054,43.6528651,-70.2565886
24806,COURTYARD PORTLAND DOWNTOWN,1,0,2021-12-07,2022-05-16,MUN - EATING AND LODGING,No,321 COMMERCIAL ST,PORTLAND,ME,4101,207-780-6000,REGULAR,JBB HOSPITALITY I LLC,Cumberland,0.04054054054,43.6528651,-70.2565886
24806,COURTYARD PORTLAND DOWNTOWN,1,0,2024-01-09,2024-05-16,MUN - EATING AND LODGING,No,321 COMMERCIAL ST,PORTLAND,ME,4101,207-780-6000,REGULAR,JBB HOSPITALITY I LLC,Cumberland,0.04054054054,43.6528651,-70.2565886
24806,COURTYARD PORTLAND DOWNTOWN,0,2,2025-01-07,2025-05-16,MUN - EATING AND LODGING,No,321 COMMERCIAL ST,PORTLAND,ME,4101,207-780-6000,REGULAR,JBB HOSPITALITY I LLC,Cumberland,0.02702702703,43.6528651,-70.2565886
24806,COURTYARD PORTLAND DOWNTOWN,0,1,2025-01-07,2025-05-16,MUN - EATING AND LODGING,No,321 COMMERCIAL ST,PORTLAND,ME,4101,207-780-6000,REGULAR,JBB HOSPITALITY I LLC,Cumberland,0.01351351351,43.6528651,-70.2565886
24806,COURTYARD PORTLAND DOWNTOWN,0,0,2018-12-12,2019-05-16,MUN - EATING AND LODGING,No,321 COMMERCIAL ST,PORTLAND,ME,4101,207-865-6105,REGULAR,JBB HOSPITALITY I LLC,Cumberland,0,43.6528651,-70.2565886
24806,COURTYARD PORTLAND DOWNTOWN,0,0,2019-12-26,2020-05-16,MUN - EATING AND LODGING,No,321 COMMERCIAL ST,PORTLAND,ME,4101,207-865-6105,REGULAR,JBB HOSPITALITY I LLC,Cumberland,0,43.6528651,-70.2565886
24806,COURTYARD PORTLAND DOWNTOWN,0,0,2023-01-25,2023-05-16,MUN - EATING AND LODGING,No,321 COMMERCIAL ST,PORTLAND,ME,4101,207-780-6000,REGULAR,JBB HOSPITALITY I LLC,Cumberland,0,43.6528651,-70.2565886
24804,THE JEWEL BOX,1,1,2019-03-12,2019-09-09,MUN - EATING PLACE,No,644 CONGRESS ST,PORTLAND,ME,4101,207-423-5553,REGULAR,THE BEARDED LADY LLC,Cumberland,0.05405405405,43.6532097,-70.2652542
24804,THE JEWEL BOX,1,1,2023-03-17,2023-09-09,MUN - EATING PLACE,No,644 CONGRESS ST,PORTLAND,ME,4101,207-423-5553,REGULAR,THE BEARDED LADY LLC,Cumberland,0.05405405405,43.6532097,-70.2652542
24804,THE JEWEL BOX,0,3,2022-02-28,2022-09-09,MUN - EATING PLACE,No,644 CONGRESS ST,PORTLAND,ME,4101,207-423-5553,REGULAR,THE BEARDED LADY LLC,Cumberland,0.04054054054,43.6532097,-70.2652542
24804,THE JEWEL BOX,0,1,2018-02-08,2018-09-09,MUN - EATING PLACE,No,644 CONGRESS ST,PORTLAND,ME,4101,207-423-5553,REGULAR,THE BEARDED LADY LLC,Cumberland,0.01351351351,43.6532097,-70.2652542
24804,THE JEWEL BOX,0,1,2024-11-05,2025-09-09,MUN - EATING PLACE,No,644 CONGRESS ST,PORTLAND,ME,4101,207-423-5553,REGULAR,THE BEARDED LADY LLC,Cumberland,0.01351351351,43.6532097,-70.2652542
24802,KAMASOUPTRA,0,0,2018-04-03,2018-05-16,EATING PLACE TIER 1,No,20 BOW ST,FREEPORT,ME,4096,207-939-0980,REGULAR,DSM LLC,Cumberland,0,43.8566934,-70.1019294
24800,SHANNONS UNSHELLED,0,2,2023-08-17,2024-06-05,EATING PLACE - MOBILE,No,7 COMMON DR,BOOTHBAY,ME,4537,207-350-8094,REGULAR,SHANNON UNSHELLED,Lincoln,0.02702702703,43.8751109,-69.6328597
24794,OFF THE HOOK,0,0,2018-09-05,2019-04-22,EATING PLACE TIER 1,No,21 AIRPORT RD,BELFAST,ME,4915,207-338-4401,REGULAR,"CARON, GARY",Waldo,0,44.4121445,-69.0077747
24793,MAPS,1,3,2022-02-22,2022-08-22,MUN - EATING PLACE,No,64 MARKET ST,PORTLAND,ME,4101,207-272-3397,REGULAR,"MONTELLO, CONNOR & LEDDY, TRUMAN H",Cumberland,0.08108108108,43.657557,-70.2539608
24793,MAPS,1,0,2023-04-13,2023-08-22,MUN - EATING PLACE,No,64 MARKET ST,PORTLAND,ME,4101,207-749-4661,REGULAR,"MONTELLO, CONNOR & LEDDY, TRUMAN H",Cumberland,0.04054054054,43.657557,-70.2539608
24793,MAPS,0,1,2024-05-30,2024-08-22,MUN - EATING PLACE,No,64 MARKET ST,PORTLAND,ME,4101,207-749-4661,REGULAR,"MONTELLO, CONNOR & LEDDY, TRUMAN H",Cumberland,0.01351351351,43.657557,-70.2539608
24793,MAPS CAFE,0,0,2018-05-24,2019-06-25,MUN - EATING PLACE,No,64 MARKET ST,PORTLAND,ME,4101,207-347-9338,REGULAR,SPREE RIVER LLC,Cumberland,0,43.657557,-70.2539608
24793,MAPS,0,0,2019-08-21,2020-06-25,MUN - EATING PLACE,No,64 MARKET ST,PORTLAND,ME,4101,207-272-3397,NEWOWNER,CONNOR MONTELLO & TRUMAN H. LEDDY,Cumberland,0,43.657557,-70.2539608
24787,DUNKIN DONUTS,1,4,2025-01-10,2025-03-09,EATING PLACE - TAKEOUT,No,283 MAIN ST,PRESQUE ISLE,ME,4769,860-747-6782,REGULAR,DREWCO LLC,Aroostook,0.09459459459,46.6772584,-68.0164393
24786,ALL AROUND CATERING,0,3,2019-10-29,2020-03-19,CATERING,No,23 OSBORNE ST,FAIRFIELD,ME,4937,207-649-5027,REGULAR,"BOLDUC, MARY",Kennebec,0.04054054054,44.5929161,-69.5996493
24780,LORDS CLAM BOX,5,5,2025-03-14,2020-03-19,EATING PLACE TIER 3,Yes,1465 MAIN ST,SANFORD,ME,4073,207-324-4707,REGULAR,LORDS LOBSTER INC,York,0.2702702703,43.4094979,-70.7402231
24780,LORDS CLAM BOX,2,4,2022-09-21,2023-03-19,EATING PLACE TIER 3,No,1465 MAIN ST,SANFORD,ME,4073,207-324-4707,REGULAR,LORDS LOBSTER INC,York,0.1351351351,43.4094979,-70.7402231
24780,LORDS CLAM BOX,1,4,2019-04-04,2020-03-19,EATING PLACE TIER 3,No,1465 MAIN ST,SANFORD,ME,4073,207-324-4707,REGULAR,LORDS LOBSTER INC,York,0.09459459459,43.4094979,-70.7402231
24780,LORDS CLAM BOX,0,5,2020-08-06,2021-03-19,EATING PLACE TIER 3,No,1465 MAIN ST,SANFORD,ME,4073,207-324-4707,REGULAR,LORDS LOBSTER INC,York,0.06756756757,43.4094979,-70.7402231
24780,LORDS CLAM BOX,0,1,2025-03-25,2026-03-19,EATING PLACE TIER 3,No,1465 MAIN ST,SANFORD,ME,4073,207-324-4707,FOLLOW_UP_FULL,LORDS LOBSTER INC,York,0.01351351351,43.4094979,-70.7402231
24770,RED SEA,1,2,2018-04-04,2019-03-24,MUN - EATING PLACE,No,30 WASHINGTON AVE,PORTLAND,ME,4102,207-939-7886,REGULAR,"TSEGAI, YEMANE",Cumberland,0.06756756757,43.6642915,-70.2518188
24770,RED SEA,1,2,2021-06-23,2021-03-24,MUN - EATING PLACE,No,30 WASHINGTON AVE,PORTLAND,ME,4102,207-939-7886,REGULAR,"TSEGAI, YEMANE",Cumberland,0.06756756757,43.6642915,-70.2518188
24770,RED SEA,1,1,2023-03-17,2024-03-24,MUN - EATING PLACE,No,30 WASHINGTON AVE,PORTLAND,ME,4102,207-939-7886,REGULAR,"TSEGAI, YEMANE",Cumberland,0.05405405405,43.6642915,-70.2518188
24770,RED SEA,1,0,2022-04-01,2023-03-24,MUN - EATING PLACE,No,30 WASHINGTON AVE,PORTLAND,ME,4102,207-939-7886,REGULAR,"TSEGAI, YEMANE",Cumberland,0.04054054054,43.6642915,-70.2518188
24770,RED SEA,0,2,2024-06-06,2019-03-24,MUN - EATING PLACE,No,30 WASHINGTON AVE,PORTLAND,ME,4102,207-939-7886,REGULAR,"TSEGAI, YEMANE",Cumberland,0.02702702703,43.6642915,-70.2518188
24770,RED SEA,0,1,2018-10-16,2019-03-24,MUN - EATING PLACE,No,30 WASHINGTON AVE,PORTLAND,ME,4102,207-939-7886,REGULAR,"TSEGAI, YEMANE",Cumberland,0.01351351351,43.6642915,-70.2518188
24770,RED SEA,0,1,2019-04-08,2020-03-24,MUN - EATING PLACE,No,30 WASHINGTON AVE,PORTLAND,ME,4102,207-939-7886,REGULAR,"TSEGAI, YEMANE",Cumberland,0.01351351351,43.6642915,-70.2518188
24770,RED SEA,0,1,2019-10-15,2020-03-24,MUN - EATING PLACE,No,30 WASHINGTON AVE,PORTLAND,ME,4102,207-939-7886,REGULAR,"TSEGAI, YEMANE",Cumberland,0.01351351351,43.6642915,-70.2518188
24770,RED SEA,0,1,2025-07-23,2026-03-24,MUN - EATING PLACE,No,30 WASHINGTON AVE,PORTLAND,ME,4102,207-939-7886,REGULAR,"TSEGAI, YEMANE",Cumberland,0.01351351351,43.6642915,-70.2518188
24757,CHENS TAKEOUT & STORE,3,11,2025-02-03,2025-02-28,EATING PLACE TIER 1,Yes,238 NORTHERN AVE,AUGUSTA,ME,4330,207-213-6122,REGULAR,"CHEN, PAK",Kennebec,0.2702702703,44.3339826,-69.7781
24757,CHENS TAKEOUT & STORE,2,5,2019-03-18,2020-02-29,EATING PLACE TIER 1,No,238 NORTHERN AVE,AUGUSTA,ME,4330,207-213-6122,REGULAR,"CHEN, PAK",Kennebec,0.1486486486,44.3339826,-69.7781
24757,CHENS TAKEOUT & STORE,2,3,2025-02-18,2025-02-28,EATING PLACE TIER 1,No,238 NORTHERN AVE,AUGUSTA,ME,4330,207-213-6122,FOLLOW_UP_FULL,"CHEN, PAK",Kennebec,0.1216216216,44.3339826,-69.7781
24757,CHENS TAKEOUT & STORE,0,9,2021-12-27,2022-02-28,EATING PLACE TIER 1,No,238 NORTHERN AVE,AUGUSTA,ME,4330,207-213-6122,REGULAR,"CHEN, PAK",Kennebec,0.1216216216,44.3339826,-69.7781
24756,BONNIES,1,1,2018-06-01,2019-05-19,EATING PLACE - MOBILE,No,NATHAN NYE ST,FREEPORT,ME,4032,207-344-4283,REGULAR,BONNIES,Cumberland,0.05405405405,43.857085,-70.1049747
24755,JOHNNY SHUCKS MAINE LOBSTER,0,3,2025-07-08,2026-05-25,EATING PLACE - TAKEOUT,No,16 OLD ORCHARD ST,OLD ORCHARD BEACH,ME,4064,207-329-1791,REGULAR,OOB MAINE LOBSTER LLC,York,0.04054054054,43.5169912,-70.3763672
24755,JOHNNY SHUCKS MAINE LOBSTER,0,1,2023-08-17,2024-05-25,EATING PLACE - TAKEOUT,No,16 OLD ORCHARD ST,OLD ORCHARD BEACH,ME,4064,207-973-2152,REGULAR,OOB MAINE LOBSTER LLC,York,0.01351351351,43.5169912,-70.3763672
24755,MAINELY LOBSTER CAFE,0,1,2021-07-23,2022-05-24,EATING PLACE TIER 1,No,16 OLD ORCHARD ST,OLD ORCHARD BEACH,ME,4064,772-634-1837,REGULAR,"MACSUGA, BRIAN & MORGAN. TANYA",York,0.01351351351,43.5169912,-70.3763672
24752,DIADEMA GOLF CLUB,0,0,2025-06-09,2026-04-28,EATING AND CATERING,No,419 NEW PORTLAND RD,ANSON,ME,4958,207-635-2719,REGULAR,"MATTINGLY, PHILLIP & BONNIE",Somerset,0,44.870973,-69.9400504
24749,MOMMA BALDACCI'S,3,1,2024-05-17,2024-08-11,EATING PLACE - MOBILE,No,EASTERN PROMENADE,PORTLAND,ME,4101,207-518-3469,REGULAR,THE BALTIMORE LLC,Cumberland,0.1351351351,43.6698049,-70.2462095
24749,MOMMA BALDACCIS,3,0,2019-10-02,2020-01-16,EATING PLACE - MOBILE,No,28 CARDINAL ST,WESTBROOK,ME,4092,207-249-9705,REGULAR,THE BALTIMORE LLC,Cumberland,0.1216216216,43.6542016,-70.3550576
24749,MOMMA BALDACCIS,0,0,2019-10-03,2020-01-16,EATING PLACE - MOBILE,No,28 CARDINAL ST,WESTBROOK,ME,4092,207-249-9705,FOLLOW_UP_FULL,THE BALTIMORE LLC,Cumberland,0,43.6542016,-70.3550576
24747,HILTON GARDEN INN,2,0,2023-01-17,2023-04-01,MUN - CATERING,No,65 COMMERCIAL ST,PORTLAND,ME,4101,207-780-0780,REGULAR,OLYMPIA EQUITY INVESTORS V LLC,Cumberland,0.08108108108,43.6578537,-70.2502961
24747,HILTON GARDEN INN,1,2,2018-12-11,2019-04-01,MUN - CATERING,No,65 COMMERCIAL ST,PORTLAND,ME,4101,207-780-0780,REGULAR,OLYMPIA EQUITY INVESTORS V LLC,Cumberland,0.06756756757,43.6578537,-70.2502961
24747,HILTON GARDEN INN,1,2,2021-12-02,2022-04-01,MUN - CATERING,No,65 COMMERCIAL ST,PORTLAND,ME,4101,207-780-0780,REGULAR,OLYMPIA EQUITY INVESTORS V LLC,Cumberland,0.06756756757,43.6578537,-70.2502961
24747,HILTON GARDEN INN,1,0,2019-12-23,2020-04-01,MUN - CATERING,No,65 COMMERCIAL ST,PORTLAND,ME,4101,207-780-0780,REGULAR,OLYMPIA EQUITY INVESTORS V LLC,Cumberland,0.04054054054,43.6578537,-70.2502961
24747,HILTON GARDEN INN,0,0,2023-07-26,2024-04-01,MUN - CATERING,No,65 COMMERCIAL ST,PORTLAND,ME,4101,207-780-0780,REGULAR,OLYMPIA EQUITY INVESTORS V LLC,Cumberland,0,43.6578537,-70.2502961
24747,HILTON GARDEN INN,0,0,2025-07-18,2026-04-01,MUN - CATERING,No,65 COMMERCIAL ST,PORTLAND,ME,4101,207-780-0780,REGULAR,OLYMPIA EQUITY INVESTORS V LLC,Cumberland,0,43.6578537,-70.2502961
24746,RINGERS,1,2,2025-04-04,2025-11-18,EATING PLACE TIER 1,No,985 TURNER ST,AUBURN,ME,4210,207-212-5255,REGULAR,RYAN & CONNOR CONCESSIONS GROUP LLC,Androscoggin,0.06756756757,44.1245988,-70.2297519
24746,RINGERS,0,0,2022-11-18,2022-10-24,EATING PLACE TIER 3,No,985 TURNER ST,AUBURN,ME,4210,207-212-5255,NEWOWNER,RYAN & CONNOR CONCESSIONS GROUP LLC,Androscoggin,0,44.1245988,-70.2297519
24746,UPPER LEVEL PIZZA & GRILLE,1,1,2020-01-08,2019-12-06,MUN - EATING PLACE,No,985 TURNER ST,AUBURN,ME,4210,207-212-3684,REGULAR,"VIOLETTE, MICHAEL",Androscoggin,0.05405405405,44.1245988,-70.2297519
24746,UPPER LEVEL PIZZA & GRILLE,0,1,2018-12-04,2018-12-06,MUN - EATING PLACE,No,985 TURNER ST,AUBURN,ME,4210,207-212-3684,REGULAR,"VIOLETTE, MICHAEL",Androscoggin,0.01351351351,44.1245988,-70.2297519
24734,SPRING CREEK BAR B Q COOKHOUSE,2,4,2023-09-21,2024-02-26,EATING PLACE TIER 2,No,34 GREENVILLE RD,MONSON,ME,4464,207-997-7025,REGULAR,"WITHAM, MIKE & KIMBERLY L",Piscataquis,0.1351351351,45.2877326,-69.5026473
24733,RIVERSIDE DONUTS,1,2,2023-02-24,2024-02-07,EATING PLACE TIER 1,No,362 RIVERSIDE DR,AUGUSTA,ME,4330,978-682-2382,REGULAR,RIVERSIDE DONUTS LLC,Kennebec,0.06756756757,44.3402255,-69.7569246
24733,RIVERSIDE DONUTS,0,5,2020-09-14,2021-02-07,EATING PLACE TIER 1,No,362 RIVERSIDE DR,AUGUSTA,ME,4330,978-682-2382,REGULAR,RIVERSIDE DONUTS LLC,Kennebec,0.06756756757,44.3402255,-69.7569246
24733,RIVERSIDE DONUTS,0,2,2018-02-06,2019-02-07,EATING PLACE TIER 1,No,362 RIVERSIDE DR,AUGUSTA,ME,4330,978-682-2382,REGULAR,RIVERSIDE DONUTS LLC,Kennebec,0.02702702703,44.3402255,-69.7569246
24732,SHUT UP N EAT IT!,2,3,2019-05-06,2019-06-15,EATING PLACE - MOBILE,No,210 OLDE BIRCH LN,MECHANIC FALLS,ME,4256,207-212-1460,REGULAR,SHUT UP N EAT IT ! LLC,Androscoggin,0.1216216216,44.0811183,-70.4127993
24732,SHUT UP N EAT IT!,0,1,2018-05-19,2019-06-15,EATING PLACE - MOBILE,No,210 OLDE BIRCH LN,MECHANIC FALLS,ME,4256,207-212-1460,REGULAR,SHUT UP N EAT IT ! LLC,Androscoggin,0.01351351351,44.0811183,-70.4127993
24723,HILL MANSION,3,6,2025-02-05,2026-01-23,EATING AND CATERING,No,136 STATE ST,AUGUSTA,ME,4330,207-629-4052,REGULAR,HILL MANSION LLC,Kennebec,0.2027027027,44.3125785,-69.7796917
24723,HILL MANSION LLC,3,2,2019-03-01,2020-01-23,EATING AND CATERING,No,136 STATE ST,AUGUSTA,ME,4330,207-629-4052,REGULAR,HILL MANSION LLC,Kennebec,0.1486486486,44.3125785,-69.7796917
24722,HYATT PLACE PORTLAND-OLD PORT,3,3,2021-12-09,2022-05-15,MUN - EATING AND LODGING,No,433 FORE ST,PORTLAND,ME,4101,207-775-1000,REGULAR,COU PLAZA HOTEL LLC,Cumberland,0.1621621622,43.6559977,-70.2548035
24722,HYATT PLACE PORTLAND-OLD PORT,2,4,2023-01-18,2023-05-15,MUN - EATING AND LODGING,No,433 FORE ST,PORTLAND,ME,4101,207-775-1000,REGULAR,COU PLAZA HOTEL LLC,Cumberland,0.1351351351,43.6559977,-70.2548035
