EST ID #,ESTABLISHMENT_NAME,C_OUT,NC_OUT,INSP_DATE,LIC_EXP,LIC_TYPE,FAILED,ADDRESS,CITY,STATE,ZIP,TELEPHONE,INSPECTION_TYPE_CODE,OWNER_NAME,COUNTY,CALCULATED,latitude,longitude,HISTORY_LOG
33010,GRILL ON THE CORNER,0,0,2025-07-25,,,No,815 RIDGE RD,ROBBINSTON,ME,4671,208-719-6000,REGULAR,"CRONISTER, BRANDY",Washington,0,45.026006,-67.1766416,"Date:2025-07-25, Score:0, Failed:No | "
32994,TIDE & GRIND,0,3,2025-07-28,2026-07-15,EATING PLACE TIER 1,No,12 OLD ORCHARD ST,OLD ORCHARD BEACH,ME,4064,207-205-1916,REGULAR,TIDE & GRIND LLC,York,0.04054054054,43.5159899,-70.374268,"Date:2025-07-28, Score:0.04054054054, Failed:No | "
32991,ON THE RUN BEVERAGE BAR,0,0,2025-07-10,2025-07-13,EATING PLACE - TEMPORARY 1-4 DAYS,No,OSSIPEE VALLEY FAIRGROUNDS,HIRAM,ME,4041,603-459-919,REGULAR,ON THE RUN LLC,Oxford,0,43.8094014,-70.8532262,"Date:2025-07-10, Score:0, Failed:No | "
32974,COOL BEANS CAFE,0,1,2025-07-24,2025-07-24,EATING PLACE - TEMPORARY 1-4 DAYS,No,OSSIPEE VALLEY FAIRGROUNDS,HIRAM,ME,4041,413-455-5455,REGULAR,"CHEVRETTE, JASON",Cumberland,0.01351351351,43.8094014,-70.8532262,"Date:2025-07-24, Score:0.01351351351, Failed:No | "
32973,"BLAIS, JAYDEN",0,0,2025-07-08,,,No,40 MAIN ST,BIDDEFORD,ME,4005,207-713-0679,REGULAR,"BLAIS, JAYDEN",York,0,43.4928834,-70.4530585,"Date:2025-07-08, Score:0, Failed:No | "
32971,MR SIPPY BBQ,0,0,2025-07-08,,,No,OSSIPEE VALLEY FAIRGROUNDS,HIRAM,ME,4041,603-969-3082,REGULAR,MR SIPPY BARBEQUE LLC,Oxford,0,43.8094014,-70.8532262,"Date:2025-07-08, Score:0, Failed:No | "
32962,MORNING GLORY DINER II,0,0,2025-06-26,2026-06-26,EATING PLACE - MOBILE,No,78 PORTLAND RD,BRIDGTON,ME,4009,207-530-2947,REGULAR,"MORNING GLORY CAFE;  TARR, BRITTANY & KEVIN",Oxford,0,44.0484855,-70.7009472,"Date:2025-06-26, Score:0, Failed:No | "
32945,GRINGOS,0,0,2025-07-11,,EATING PLACE - MOBILE,No,378 Butternut Trl,Wells,ME,4090,702-349-5287,REGULAR,GRINGOS LLC,York,0,43.3399464,-70.6950464,"Date:2025-07-11, Score:0, Failed:No | "
32941,DOME WOODFIRED CATERING,0,0,2025-07-08,,,No,64 ALFRED ST,BIDDEFORD,ME,4005,207-323-2580,REGULAR,DOME WOODFIRED CATERING LLC,York,0,43.4916837,-70.4549962,"Date:2025-07-08, Score:0, Failed:No | "
32937,NORHERN DISPATCH,1,0,2025-07-15,,EATING PLACE - MOBILE,No,4 MILITARY RD,BLAINE,ME,4734,207-554-0010,NEWOWNER,NORTHERN DISPATCH INC,Aroostook,0.04054054054,46.5092162,-67.8682871,"Date:2025-07-15, Score:0.04054054054, Failed:No | "
32923,OYSTHERS RAW BAR & BUBBLY,0,0,2025-06-28,2026-06-27,EATING PLACE - MOBILE,No,97 COMMERCIAL ST,BATH,ME,4530,207-522-3950,REGULAR,OYSTHERS RAW BAR & BUBBLY LLC,Sagadahoc,0,43.9148603,-69.8131835,"Date:2025-06-28, Score:0, Failed:No | "
32912,WHATTA WEINER,0,2,2025-06-13,2025-06-20,EATING PLACE - MOBILE,No,599 GORE RD,ALFRED,ME,4002,207-251-8313,REGULAR,WHATTA WEINER LLC,York,0.02702702703,43.518761,-70.7518029,"Date:2025-06-13, Score:0.02702702703, Failed:No | "
32910,AMAL ALSHAM,1,2,2025-06-25,2026-06-25,EATING PLACE - MOBILE,No,64 ALFRED ST,BIDDEFORD,ME,4005,207-286-7740,REGULAR,AMAL ALSHAM LLC,York,0.06756756757,43.4916837,-70.4549962,"Date:2025-06-25, Score:0.06756756757, Failed:No | "
32909,FLATBREAD FIESTA,0,1,2025-07-18,2026-06-18,EATING PLACE - MOBILE,No,144 MAIN ST,BRIDGTON,ME,4009,207-595-8391,REGULAR,"LEPAGE, DAVID",Cumberland,0.01351351351,44.0546666,-70.7081653,"Date:2025-07-18, Score:0.01351351351, Failed:No | "
32904,THE THAI LOTUS,0,2,2025-07-24,2026-06-20,EATING PLACE - MOBILE,No,44 POTTER RD,HUDSON,ME,4449,360-522-8885,REGULAR,"MARTIN, MICHAEL & KORREPAT",Penobscot,0.02702702703,44.9507433,-68.9297629,"Date:2025-07-24, Score:0.02702702703, Failed:No | "
32899,BRISARD CONCESSIONS LLC,0,1,2025-06-06,2025-06-07,EATING PLACE - TEMPORARY 1-4 DAYS,No,2 YORK ST.,WESTBROOK,ME,4092,603-312-0471,REGULAR,"BRISARD, TROY",Cumberland,0.01351351351,43.6790579,-70.338951,"Date:2025-06-06, Score:0.01351351351, Failed:No | "
32880,COLVARD & COMPANY,0,0,2025-06-28,,EATING PLACE - MOBILE,No,10 BUTTERMILK RD,ELLSWORTH,ME,4605,207-412-0001,REGULAR,COLVARD & COMPANY LLC,Hancock,0,44.5194948,-68.3952961,"Date:2025-06-28, Score:0, Failed:No | "
32876,AROMA JOES,2,3,2025-07-15,2026-06-12,EATING PLACE TIER 1,No,28 HASKELL RD,BANGOR,ME,4401,207-252--5145,REGULAR,ME COFFEE COMPANY LLC,Penobscot,0.1216216216,44.829097,-68.7402749,"Date:2025-07-15, Score:0.1216216216, Failed:No | "
32870,FRYE GUYS,2,1,2025-07-18,2026-06-03,EATING PLACE - TAKEOUT,No,17 FAIRWAY LN,FRYE ISLAND,ME,4071,603-812-3436,REGULAR,FRYE GUYS LLC,Cumberland,0.09459459459,43.8372419,-70.5221633,"Date:2025-07-18, Score:0.09459459459, Failed:No | "
32857,CHINA LUCKY CANDY,0,0,2025-07-29,2026-07-30,EATING PLACE - MOBILE,No,1 PARK DR,ROCKLAND,ME,4841,928-922-0061,REGULAR,CHINA LUCKY CANDY INC,Knox,0,44.1020467,-69.1078991,"Date:2025-07-29, Score:0, Failed:No | "
32856,DROP ZONE,1,0,2025-05-29,,EATING PLACE - MOBILE,No,1100 POST RD,WELLS,ME,4090,603-312-9701,REGULAR,DROP ZONE LLC,York,0.04054054054,43.308397,-70.584806,"Date:2025-05-29, Score:0.04054054054, Failed:No | "
32855,RYANS LOBSTER POUND,1,1,2025-07-03,2026-06-27,EATING PLACE - MOBILE,No,1450 BANGOR RD,CLINTON,ME,4927,352-451-3974,REGULAR,RYAN'S LOBSTER CORP,Kennebec,0.05405405405,44.640431,-69.4871658,"Date:2025-07-03, Score:0.05405405405, Failed:No | "
32850,HOME2 SUITES BY HILTOM KITTERY,0,0,2025-07-24,,EATING AND LODGING,No,139 OLD POST RD,KITTERY,ME,3904,207-994-1900,REGULAR,KITTERY CIRCLE LLC,York,0,43.1000627,-70.745273,"Date:2025-07-24, Score:0, Failed:No | Date:2025-07-24, Score:0, Failed:No | "
32849,THE HAPPY KITCHEN MOBILE CAFE,0,1,2025-06-11,,EATING PLACE - MOBILE,No,264 S BELFAST AVE,AUGUSTA,ME,4330,207-240-5717,NEWOWNER,The Happy Kitchen Mobile Cafe LLC,Kennebec,0.01351351351,44.3181645,-69.7387534,"Date:2025-06-11, Score:0.01351351351, Failed:No | "
32848,TRIPLE B,0,1,2025-07-24,2026-06-04,EATING PLACE - MOBILE,No,1325 BUCKSPORT RD,ELLSWORTH,ME,4609,781-400-3993,REGULAR,CONNERY. LAURA,Hancock,0.01351351351,44.5574861,-68.5501803,"Date:2025-07-24, Score:0.01351351351, Failed:No | "
32844,DAIRY JOY,0,1,2025-07-23,2026-05-21,EATING PLACE - MOBILE,No,7 MARSHALL ST,MECHANIC FALLS,ME,4256,407-325-5818,REGULAR,ALMAS HOLDINGS LLC,Androscoggin,0.01351351351,44.1151536,-70.391786,"Date:2025-07-23, Score:0.01351351351, Failed:No | "
32843,MAINE COFFEE & MERCHANTILE,0,0,2025-05-21,2026-05-28,EATING PLACE TIER 1,No,4 NORTH MAIN ST,GUILFORD,ME,4443,415-717-4225,REGULAR,FRENCH & CURTIS PROVISIONS LLC,Piscataquis,0,45.1689028,-69.3857878,"Date:2025-05-21, Score:0, Failed:No | "
32842,PICNIC,2,1,2025-06-27,2026-06-09,EATING PLACE TIER 1,No,82 WATER ST,EASTPORT,ME,4661,508-237-4276,REGULAR,PICNIC EASTPORT LLC,Hancock,0.09459459459,44.9054093,-66.9848359,"Date:2025-06-27, Score:0.09459459459, Failed:No | "
32836,CHOMA ZONE,1,0,2025-07-30,2026-06-10,MUN - EATING PLACE TAKEOUT,No,95 DARLING AVE,SOUTH PORTLAND,ME,4016,902-231-2603,REGULAR,CHOMA ZONE LLC,Cumberland,0.04054054054,43.6405865,-70.3302466,"Date:2025-07-30, Score:0.04054054054, Failed:No | "
32835,B & D ROADSIDE GRILL # 2,0,0,2025-07-08,,,No,14 WINSTON RD,EAST BALDWIN,ME,4024,703-419-0415,REGULAR,"CLARKE, DAVID & BARBARA",Cumberland,0,43.8611135,-70.6849515,"Date:2025-07-08, Score:0, Failed:No | "
32833,WATERVILLE FOOD TRUCK PARK,0,0,2025-07-09,2026-07-07,EATING PLACE - MOBILE,No,122 KENNEDY MEMORIAL DR,WATERVILLE,ME,4901,702-859-2688,REGULAR,WATERVILLE FOOD TRUCK PARK LLC,Kennebec,0,44.5418246,-69.6565015,"Date:2025-07-09, Score:0, Failed:No | "
32819,SWEETS N TREATS,0,1,2025-07-30,2026-06-05,MUN - CATERING,No,95 DARLING AVE,SOUTH PORTLAND,ME,4103,207-233-3870,REGULAR,"MACISSO, LINDSAY",Cumberland,0.01351351351,43.6405865,-70.3302466,"Date:2025-07-30, Score:0.01351351351, Failed:No | "
32818,"DANIS, CIERA",0,0,2025-05-09,,,No,288 MAIN ST,BIDDEFORD,ME,4005,207-468-6707,REGULAR,"DANIS, CIERA",York,0,43.4944664,-70.4584952,"Date:2025-05-09, Score:0, Failed:No | "
32806,RIVERS EDGE FAMILY CAMPGROUND,0,0,2025-07-18,,,No,9 ESTES RD,SANFORD,ME,4073,508-523-2052,REGULAR,RIVER'S EDGE FAMILY CAMPGROUD LLC,York,0,43.4184461,-70.6665979,"Date:2025-07-18, Score:0, Failed:No | "
32798,445 STATE ROAD KITTERY,0,0,2025-06-30,,COMMISSARY,No,445 STATE RD,KITTERY,ME,3904,603-370-8331,REGULAR,"MCCLUSKEY, MICHEAL & DEBORAH",York,0,43.1570346,-70.7699468,"Date:2025-05-12, Score:0, Failed:No | Date:2025-06-30, Score:0, Failed:No | "
32794,HOLLIS TOMMYS PIZZA,0,0,2025-05-16,,,No,660 CAPE RD,HOLLIS,ME,4042,207-929-0024,REGULAR,"WITKOWSKI, TOMMY",York,0,43.6303226,-70.634917,"Date:2025-05-16, Score:0, Failed:No | "
32793,ON THE ROCKS BAR COMPANY,0,0,2025-06-13,2026-05-12,CATERING,No,64 BONNY EAGLE POND RD,STANDISH,ME,4084,207-272-4354,REGULAR,ON THE ROCKS BAR COMPANY LLC,Cumberland,0,43.6895471,-70.5768236,"Date:2025-06-13, Score:0, Failed:No | "
32789,WHIPPLE FARMHOUSE AT OCEANVIEW AT FALMOUTH,0,4,2025-05-13,,,No,38 WHIPPLE FARM LN,FALMOUTH,ME,4105,207-332-6115,REGULAR,"FERTIG, ED",Cumberland,0.05405405405,43.723036,-70.2479576,"Date:2025-05-13, Score:0.05405405405, Failed:No | "
32783,FERDA FARMS LLC,0,0,2025-06-28,2025-06-29,EATING PLACE - TEMPORARY 1-4 DAYS,No,179 NEPTUNE DRIVE,BRUNSWICK,ME,4011,207-751-3687,REGULAR,FERDA FARMS LLC,Cumberland,0,43.8920732,-69.9226154,"Date:2025-06-28, Score:0, Failed:No | "
32779,SCARPA KITCHEN,0,0,2025-05-03,,,No,331 HARBOR ROAD,WELLS,ME,4090,207-823-4029,REGULAR,,York,0,43.3202072,-70.5730646,"Date:2025-05-03, Score:0, Failed:No | "
32777,CHALEE THAI SUSHI,1,3,2025-07-22,2026-05-12,EATING PLACE - TAKEOUT,No,52 MAIN ST,BUCKSPORT,ME,4416,207-702-9083,REGULAR,CHALEE LLC,Hancock,0.08108108108,44.5713136,-68.7924328,"Date:2025-07-22, Score:0.08108108108, Failed:No | "
32776,"RAVELLETTE, ANDREW",0,0,2025-04-28,,,No,288 MAIN ST,BIDDEFORD,ME,4005,978-833-5222,REGULAR,"RAVELLETTE, ANDREW",York,0,43.4944664,-70.4584952,"Date:2025-04-28, Score:0, Failed:No | "
32775,BAY BOWLS,2,1,2025-07-23,2026-06-03,EATING PLACE TIER 1,No,45 VINE ST,BATH,ME,4530,207-319-0333,REGULAR,"WEAVER, GRIFFIN",Sagadahoc,0.09459459459,43.9120328,-69.8151377,"Date:2025-07-23, Score:0.09459459459, Failed:No | "
32771,GO ASK ALICE,0,4,2025-05-07,,EATING PLACE - LIMITED MENU,No,17 RAILROAD SQ,WATERVILLE,ME,4901,207-485-0795,REGULAR,"GO ASK ALICE, LLC",Kennebec,0.05405405405,44.5568307,-69.6307139,"Date:2025-05-07, Score:0.05405405405, Failed:No | "
32764,WHITTLE BIRD COFFEE & KITCHEN,1,5,2025-04-23,,EATING PLACE TIER 1,No,920 W MAIN ST,DOVER-FOXCROFT,ME,4426,336-473-1001,REGULAR,"WALLACE, CHRIS & MELISSA",Piscataquis,0.1081081081,45.186418,-69.2403981,"Date:2025-04-23, Score:0.1081081081, Failed:No | "
32762,LAMB FAMILY BBQ,0,3,2025-07-18,2026-06-11,EATING PLACE - MOBILE,No,41 ROOSEVELT TRL,CASCO,ME,4015,207-712-5036,REGULAR,LAMB FAMILY BBQ LLC,Cumberland,0.04054054054,43.9130622,-70.5129944,"Date:2025-07-18, Score:0.04054054054, Failed:No | "
32757,SHAGHF CAFE,1,3,2025-06-12,2026-04-25,MUN - EATING PLACE,No,645 FOREST AVE,PORTLAND,ME,4101,207-766-6018,REGULAR,SHAGHF CAFE LLC,Cumberland,0.08108108108,43.6706325,-70.2838049,"Date:2025-06-12, Score:0.08108108108, Failed:No | "
32754,L AND A SEA,0,0,2025-05-28,2026-04-24,CATERING,No,38 SEA ST,BOOTHBAY HARBOR,ME,4538,207-380-6806,REGULAR,L AND A SEA LLC,Lincoln,0,43.8503681,-69.6315658,"Date:2025-05-28, Score:0, Failed:No | "
32743,BATTAMBANG BISTRO,0,0,2025-04-24,,,No,95 DARLING AVE,SOUTH PORTLAND,ME,4106,207-409-0388,REGULAR,IMSO FOODS LLC,Cumberland,0,43.6405865,-70.3302466,"Date:2025-04-24, Score:0, Failed:No | "
32742,"CONCHA, MARCUS",0,0,2025-04-09,,,No,34 EXCHANGE ST,PORTLAND,ME,4101,904-616-9958,REGULAR,"CONCHA, MARCUS",Cumberland,0,43.6569533,-70.2541051,"Date:2025-04-09, Score:0, Failed:No | "
32737,THE TABLE,0,0,2025-05-15,2026-04-28,EATING PLACE - MOBILE,No,16 NATHAN CT,SPRINGVALE,ME,4083,508-737-8973,REGULAR,THE TABLE LLC,York,0,43.4711789,-70.7884454,"Date:2025-05-15, Score:0, Failed:No | "
32733,COASTAL PRIME 1901,1,2,2025-04-17,,EATING PLACE TIER 3,No,35 ATLANTIC AVE,BOOTHBAY HARBOR,ME,4539,207-798-2907,NEWOWNER,MERO LLC,Lincoln,0.06756756757,43.8500642,-69.6239859,"Date:2025-04-17, Score:0.06756756757, Failed:No | "
32732,ROLLING SMOKE BBQ AND GRILL,0,0,2025-05-18,2026-04-23,EATING PLACE - MOBILE,No,146 EMERY MILLS,SHAPLEIGH,ME,4076,207-604-8548,REGULAR,"COYNE, PATRICK",York,0,43.4946306,-70.8441459,"Date:2025-05-18, Score:0, Failed:No | "
32730,LA TACO TRUCK #2,0,1,2025-07-11,2026-04-23,EATING PLACE - MOBILE,No,525 LISBON RD,SABATTUS,ME,4280,207-754-8431,REGULAR,L/A TACO LLC,Androscoggin,0.01351351351,44.08064,-70.1132699,"Date:2025-07-11, Score:0.01351351351, Failed:No | "
32727,BLAKE ORCHARD,1,2,2025-06-03,2026-05-21,EATING PLACE TIER 1,No,2 STEWART DR,SCARBOROUGH,ME,4074,413-433-6061,REGULAR,BLAKE ORCHARD INC,Cumberland,0.06756756757,43.5637307,-70.3969133,"Date:2025-06-03, Score:0.06756756757, Failed:No | "
32723,LIBBYS ANTIQUES & CAFE,0,1,2025-05-19,2026-04-01,EATING PLACE - TAKEOUT,No,30 MAIN ST,CORNISH,ME,4020,207-710-3639,REGULAR,"LIBBY, KATHY & DAVID",York,0.01351351351,43.8051855,-70.8013455,"Date:2025-05-19, Score:0.01351351351, Failed:No | "
32720,PHO VO VARIETY,2,5,2025-04-02,2026-04-01,EATING PLACE TIER 1,No,158 SPRING ST,WESTBROOK,ME,4092,207-450-8124,REGULAR,PHO CO VARIETY LLC,Cumberland,0.1486486486,43.6712059,-70.360712,"Date:2025-04-02, Score:0.1486486486, Failed:No | "
32714,WRANGLERS LEMONADE & MINI DONUTS,0,2,2025-07-11,2026-05-07,EATING PLACE - MOBILE,No,411 POND RD,LEWISTON,ME,4240,207-212-2626,REGULAR,"CROWLEY, MJAE",Androscoggin,0.02702702703,44.1082401,-70.1488051,"Date:2025-07-11, Score:0.02702702703, Failed:No | "
32709,SPUD MAN,3,9,2025-06-11,2026-04-29,EATING PLACE - MOBILE,No,207 MAINE ST,BRUNSWICK,ME,4011,617-678-0100,REGULAR,"ESLAMI, BIZHAN",Cumberland,0.2432432432,43.9117606,-69.963313,"Date:2025-06-11, Score:0.2432432432, Failed:No | "
32707,GIUSEPPE ROASTERS 2,0,0,2025-07-20,2026-04-08,EATING PLACE - MOBILE,No,26 OCEAN AVE,SCARBOROUGH,ME,4079,207-730-3655,REGULAR,"GWYER, DREW",Cumberland,0,43.5614511,-70.2812919,"Date:2025-07-20, Score:0, Failed:No | "
32700,LEDA,2,0,2025-06-12,2026-05-23,MUN - EATING PLACE,No,265 MARGINAL WAY,PORTLAND,ME,4101,207-815-7581,REGULAR,LUNA LLC,Cumberland,0.08108108108,43.6658962,-70.2583206,"Date:2025-06-12, Score:0.08108108108, Failed:No | "
32695,AGAVES ON WHEELS,1,0,2025-05-01,2026-03-28,EATING PLACE - MOBILE,No,58 STEPHEN KING DR,AUGUSTA,ME,4330,207-450-5329,REGULAR,AGAVES ON WHEELS LLC,Kennebec,0.04054054054,44.3486556,-69.787578,"Date:2025-05-01, Score:0.04054054054, Failed:No | "
32694,M PLATTER PARADISE,1,1,2025-06-06,2026-04-24,EATING PLACE - MOBILE,No,41 MYRTLE ST,WESTBROOK,ME,4104,207-387-5835,REGULAR,M PLATTER PARADISE LLC,Cumberland,0.05405405405,43.68282,-70.3606647,"Date:2025-06-06, Score:0.05405405405, Failed:No | Date:2025-04-14, Score:0.04054054054, Failed:No | "
32693,M PLATTER PARADISE,0,0,2025-04-14,,,No,41 MYRTLE ST,WESTBROOK,ME,4092,207-387-5835,REGULAR,M PLATTER PARADISE LLC,Cumberland,0,43.68282,-70.3606647,"Date:2025-04-14, Score:0, Failed:No | "
32692,ANCESTRAL CAFE AT UPRISE,1,1,2025-07-24,2026-04-07,EATING PLACE TIER 1,No,21 MAIN ST,FREEPORT,ME,4222,805-906-0063,REGULAR,UPRISE HOT YOGA LLC,Cumberland,0.05405405405,43.8218495,-70.1082763,"Date:2025-07-24, Score:0.05405405405, Failed:No | "
32685,HANK AND ARTIES,0,0,2025-05-06,,COMMISSARY,No,95 DARLING AVE,SOUTH PORTLAND,ME,4106,207-808-9299,REGULAR,HANK & ARTIES LLC,Cumberland,0,43.6405865,-70.3302466,"Date:2025-05-06, Score:0, Failed:No | "
32682,ROADSIDE BBQ MOBILE,1,1,2025-07-11,2026-04-23,EATING PLACE - MOBILE,No,73 LISBON ST,LISBON,ME,4250,207-841-1512,REGULAR,"BRIGLIO, ANTONIO",Androscoggin,0.05405405405,44.0472584,-70.1186346,"Date:2025-07-11, Score:0.05405405405, Failed:No | "
32679,"ALLEN, NICOLE",0,0,2025-03-24,,,No,36 MAIN ST,LIMERICK,ME,4048,603-988-3925,REGULAR,"ALLEN, NICOLE",York,0,43.6872632,-70.7939467,"Date:2025-03-24, Score:0, Failed:No | "
32674,CREPE ELIZABETH 3,0,0,2025-06-08,2026-04-01,EATING PLACE - MOBILE,No,426 BRIDGE ST,WESTBROOK,ME,4092,207-808-0039,REGULAR,CREPES 4 DAYS LLC,Cumberland,0,43.6915503,-70.3604589,"Date:2025-05-14, Score:0, Failed:No | Date:2025-06-08, Score:0, Failed:No | "
32670,COUSINS MAINE LOBSTER,0,0,2025-03-09,,EATING PLACE - MOBILE,No,375 US ROUTE 1,KITTERY,ME,3904,617-981-7832,REGULAR,MM BRODIE MA LLC,York,0,43.117592,-70.7278794,"Date:2025-03-09, Score:0, Failed:No | "
32666,WEST BRANCH FARMS,0,4,2025-03-04,,EATING PLACE - TAKEOUT,No,222 DUBLIN ST,MACHIAS,ME,4654,207-259-0434,REGULAR,WEST BRANCH FARM LLC,Hancock,0.05405405405,44.7008912,-67.4687164,"Date:2025-03-04, Score:0.05405405405, Failed:No | "
32661,"EIDE, JAYDEN",0,0,2025-02-28,,,No,364 MAINE MALL RD,SOUTH PORTLAND,ME,4106,207-572-6218,REGULAR,"EIDE, JAYDEN",Cumberland,0,43.6341705,-70.3365511,"Date:2025-02-28, Score:0, Failed:No | "
32660,THE SQOOP,0,0,2025-07-11,,EATING PLACE - MOBILE,No,49 TOPSHAM FAIR MALL RD,TOPSHAM,ME,4086,207-841-1471,NEWOWNER,"QUATRANO, SAMANTHA, MARLENE",Sagadahoc,0,43.9390085,-69.9797479,"Date:2025-04-04, Score:0, Failed:No | Date:2025-07-11, Score:0, Failed:No | "
32656,PISCATAQUIS AREA COMMUNITY CENTER,0,0,2025-07-15,2025-06-15,EATING PLACE TIER 1,No,48 PARK ST,DOVER-FOXCROFT,ME,4426,207-266-9223,REGULAR,PISCATAQUIS AREA COMMUNITY CENTER,Piscataquis,0,45.1911512,-69.2368854,"Date:2025-07-15, Score:0, Failed:No | "
32654,HAPPY FACE BARBECUE,0,0,2025-02-28,2026-02-28,EATING AND CATERING,No,12 SULLIVAN ST,BERWICK,ME,3901,603-305-5196,REGULAR,HAPPY FACE BARBECUE LLC,York,0,43.2677562,-70.8650899,"Date:2025-02-28, Score:0, Failed:No | "
32650,WILLOWS MOBILE COFFEE CAFE,0,0,2025-03-17,,,No,530 BRIDGE ST,WESTBROOK,ME,4092,207-831-8785,REGULAR,WILLOWS MOBILE COFFEE CAFE LLC,Cumberland,0,43.6923493,-70.3593846,"Date:2025-03-17, Score:0, Failed:No | "
32649,"BOWDER-NEWTON, GEORGIA",0,0,2025-03-05,,,No,15 YORK ST,BIDDEFORD,ME,4005,781-491-3028,REGULAR,"BOWDER-NEWTON, GEORGIA",York,0,43.4934951,-70.4542071,"Date:2025-03-05, Score:0, Failed:No | "
32639,"POLLEY, KEIRRA",0,0,2025-02-24,,,No,288 MAIN ST,BIDDEFORD,ME,4005,207-468-2585,REGULAR,"POLLEY, KIERRA",York,0,43.4944664,-70.4584952,"Date:2025-02-24, Score:0, Failed:No | "
32629,BRICK & EMBERS,0,0,2025-05-29,2026-02-27,EATING PLACE - MOBILE,No,33 JOWETT ST,BANGOR,ME,4401,207-991-2819,REGULAR,BRICK & EMBERS LLC,Penobscot,0,44.8205369,-68.7807451,"Date:2025-05-29, Score:0, Failed:No | "
32627,"LEO, DUSTY",0,0,2025-02-18,,,No,265 MAIN ST,BIDDEFORD,ME,4005,207-303-7646,REGULAR,DUSTY. LEO,York,0,43.4939859,-70.458128,"Date:2025-02-18, Score:0, Failed:No | "
32624,INSOMNIA COOKIES,0,2,2025-06-30,2026-05-14,MUN - EATING PLACE,No,53 WHARF ST,PORTLAND,ME,4101,445-246-2105,REGULAR,INSOMNIA COOKIES OPERATORS LLC,Cumberland,0.02702702703,43.6585819,-70.2502198,"Date:2025-06-30, Score:0.02702702703, Failed:No | "
32617,ZELLIE'S ICE CREAM,0,0,2025-07-07,2026-03-21,EATING PLACE - MOBILE,No,97 COMMERCIAL ST,BATH,ME,4530,207-413-6401,REGULAR,ZELLIE'S ICE CREAM LLC,Sagadahoc,0,43.9148603,-69.8131835,"Date:2025-07-07, Score:0, Failed:No | "
32612,MANGIA KITCHEN,0,0,2025-05-06,2026-02-05,MUN - CATERING,No,95 DARLING AVE,SOUTH PORTLAND,ME,4016,207-632-3044,REGULAR,MANGIA KITCHEN LLC,Cumberland,0,43.6405865,-70.3302466,"Date:2025-05-06, Score:0, Failed:No | "
32611,LB ROCK ROW,0,0,2025-05-06,2026-02-05,MUN - COMMISSARY,No,95 DARLING AVE,SOUTH PORTLAND,ME,4016,978-270-9151,REGULAR,LB ROCK ROW LLC,Cumberland,0,43.6405865,-70.3302466,"Date:2025-05-06, Score:0, Failed:No | "
32564,"GROVER, DELANY",0,0,2025-02-04,,,No,703 MAIN ST,BANGOR,ME,4401,207-570-6268,REGULAR,,Penobscot,0,44.7826566,-68.7813436,"Date:2025-02-04, Score:0, Failed:No | "
32542,BIG SWING GOLF SIM,0,0,2025-07-25,2026-04-18,EATING PLACE TIER 1,No,765 ROOSEVELT TRL,WINDHAM,ME,4062,207-458-6474,REGULAR,BIG SWING GOLF SIM LLC,Cumberland,0,43.8366898,-70.4395326,"Date:2025-07-25, Score:0, Failed:No | Date:2025-04-18, Score:0.2027027027, Failed:No | "
32541,CROWS NEST CAFE,0,2,2025-04-03,,EATING PLACE TIER 1,No,6 NORTH MAIN ST,MILBRIDGE,ME,4658,207-598-9356,REGULAR,CROWS NEST CAFE LLC,Washington,0.02702702703,44.5384691,-67.8834426,"Date:2025-04-03, Score:0.02702702703, Failed:No | "
32534,GRILLA BOWL,0,0,2025-04-02,2025-12-31,EATING PLACE TIER 1,No,343 WATER ST,GARDINER,ME,4345,207-530-1155,REGULAR,"VILLEGAS, THOMAS",Kennebec,0,44.2299289,-69.7742735,"Date:2025-04-02, Score:0, Failed:No | "
32532,SAPPORO RESTAURANT,3,3,2025-04-15,2026-03-13,EATING PLACE TIER 3,No,267 US ROUTE 1,FALMOUTH,ME,4105,207-504-0824,REGULAR,SENRI INC,Cumberland,0.1621621622,43.7265308,-70.2293273,"Date:2025-04-15, Score:0.1621621622, Failed:No | "
32524,JUST 1 MORE,1,2,2025-02-20,2025-12-20,EATING PLACE TIER 2,No,561 MAINE AVE,FARMINGDALE,ME,4344,207-215-9935,REGULAR,JARBIN INC,Kennebec,0.06756756757,44.2587097,-69.7758455,"Date:2025-02-20, Score:0.06756756757, Failed:No | "
32522,"DAWS, DUSTIN",0,0,2024-12-13,,,No,288 MAIN ST,BIDDEFORD,ME,4005,207-618-3958,REGULAR,"DAWS, DUSTIN",York,0,43.4944664,-70.4584952,"Date:2024-12-13, Score:0, Failed:No | "
32521,"KALBES, MADISON",0,0,2024-12-13,,,No,288 MAIN STREET,BIDDEFORD,ME,4005,207-219-2240,REGULAR,"KALBES, MADISON",York,0,43.4944664,-70.4584952,"Date:2024-12-13, Score:0, Failed:No | "
32520,LINCOLN TAP HOUSE,2,3,2025-04-24,2026-01-22,EATING PLACE TIER 3,No,222 WEST BROADWAY,LINCOLN,ME,4457,207-403-9116,REGULAR,"LINCOLN TAP HOUSE, LLC",Penobscot,0.1216216216,45.3577155,-68.5240725,"Date:2025-04-24, Score:0.1216216216, Failed:No | "
32514,"STEIMER, JORDAN",0,0,2024-12-13,,,No,288 MAIN ST,BIDDEFORD,ME,4005,254-78-1434,REGULAR,"STEIMER, JORDAN",York,0,43.4944664,-70.4584952,"Date:2024-12-13, Score:0, Failed:No | "
32511,CUSHNOC CANTINA,1,3,2025-01-15,2025-12-20,EATING PLACE TIER 3,No,150 MAIN ST,WATERVILLE,ME,4901,207-323-0551,REGULAR,CUSHNOC CANTINA LLC,Kennebec,0.08108108108,44.5511737,-69.6308969,"Date:2025-01-15, Score:0.08108108108, Failed:No | "
32506,CHLOE'S CAFE,0,0,2025-03-18,2026-01-13,EATING PLACE TIER 2,No,30 WATER ST,ELLSWORTH,ME,4605,207-664-8617,REGULAR,"CONNERS, GABRIELLE & OMLOR, HEIDI",Hancock,0,44.5408357,-68.4244316,"Date:2025-03-18, Score:0, Failed:No | Date:2025-01-07, Score:0, Failed:No | "
32483,INNI MAMA'S,1,2,2025-07-26,2025-12-04,EATING PLACE - MOBILE,No,26 ROUTE 126,MONMOUTH,ME,4259,207-400-9127,REGULAR,"YOUNG, INNA",Kennebec,0.06756756757,44.1813433,-69.9929719,"Date:2025-07-26, Score:0.06756756757, Failed:No | "
32480,PORTLAND COMMUNITY SQUASH,0,0,2024-12-05,,MUN - EATING PLACE,No,66 NOYES ST,PORTLAND,ME,4468,770-877-2041,REGULAR,PORTLAND COMMUNITY SQUASH,Kodiak Island,0,43.6654265,-70.281302,"Date:2024-12-05, Score:0, Failed:No | "
32477,IT'S PRETTY CHEESY,2,1,2025-05-13,2025-12-02,EATING PLACE - MOBILE,No,570 SWEDEN STREET,CARIBOU,ME,4739,207-227-1045,REGULAR,ITS PRETTY CHEESY LLC,Aroostook,0.09459459459,46.8809158,-68.0399864,"Date:2025-05-13, Score:0.09459459459, Failed:No | "
32476,TRUCK TO TABLE,0,5,2024-11-05,,,No,1303 ALFRED RD,LYMAN,ME,4043,207-400-1167,REGULAR,ENCOMPASS JOY LLC,York,0.06756756757,43.4793309,-70.6066031,"Date:2024-11-05, Score:0.06756756757, Failed:No | "
32475,ANODYNE BOOK SHOP,0,3,2025-06-25,2026-01-14,EATING PLACE TIER 1,No,175 WEST MAIN ST,SEARSPORT,ME,4915,207-548-4212,REGULAR,ANODYNE BOOK SHOP  LLC,Waldo,0.04054054054,44.4468058,-68.9343675,"Date:2025-06-25, Score:0.04054054054, Failed:No | "
32471,VY BANH MI,1,0,2025-05-06,2025-11-07,MUN - COMMISSARY,No,95 DARLING AVE,SOUTH PORTLAND,ME,4106,207-608-5663,REGULAR,VY BANH MI LLC,Cumberland,0.04054054054,43.6405865,-70.3302466,"Date:2025-05-06, Score:0.04054054054, Failed:No | "
32462,THE UPTON HOUSE INN,1,2,2024-11-01,,BED AND BREAKFAST 5 ROOMS OR LESS,No,260 THISTLE ST,UPTON,ME,4261,207-446-5054,NEWOWNER,"COULOMBE, CHARLOTTE",Oxford,0.06756756757,44.6935871,-71.0093877,"Date:2024-11-01, Score:0.06756756757, Failed:No | "
32449,POP'S JOINT,0,0,2025-06-09,2026-03-28,EATING PLACE - MOBILE,No,19 MEADOW RD,RAYMOND,ME,4105,207-831-4019,REGULAR,"WALLACE, RICHARD",Cumberland,0,43.9029292,-70.4673922,"Date:2025-06-09, Score:0, Failed:No | "
32448,BELFAST MASKERS,0,1,2025-03-11,2025-11-07,EATING PLACE TIER 3,No,17 COURT ST,BELFAST,ME,4915,802-473-6479,REGULAR,THE BELFAST MASKERS,Waldo,0.01351351351,44.4236335,-69.001482,"Date:2025-03-11, Score:0.01351351351, Failed:No | "
32447,LB KITCHEN ROCK ROW,0,0,2025-05-30,,EATING PLACE - TAKEOUT,No,11 ROCK ROW,WESTBROOK,ME,4092,978-270-9157,REGULAR,LB ROCK ROW LLC,Cumberland,0,43.6761596,-70.332218,"Date:2025-03-17, Score:0, Failed:No | Date:2025-05-30, Score:0, Failed:No | "
32444,THE HOLY DONUT,0,1,2024-11-21,2025-10-28,MUN - EATING PLACE,No,194 PARK AVE,PORTLAND,ME,4102,207-318-0572,REGULAR,THE HOLY DONUT INC,Cumberland,0.01351351351,43.6559437,-70.2748544,"Date:2024-11-21, Score:0.01351351351, Failed:No | "
32443,SMOKIN PIG,0,0,2025-06-21,2025-11-01,EATING PLACE - MOBILE,No,171 SOUTH BELFAST AVE,AUGUSTA,ME,4330,207-248-1033,REGULAR,SMOKIN PIG LLC,Kennebec,0,44.3203403,-69.7475089,"Date:2025-06-06, Score:0.09459459459, Failed:No | Date:2025-06-21, Score:0, Failed:No | "
32442,"FORD, AIDEN",0,0,2024-12-13,,,No,58 MAIN ST,BANGOR,ME,4401,815-981-6196,REGULAR,"FORD, AIDEN",Penobscot,0,44.8004666,-68.7716226,"Date:2024-12-13, Score:0, Failed:No | "
32441,"HALL, KATHERINE",0,0,2024-10-21,,,No,226 YORK ST,YORK,ME,3909,603-781-7098,REGULAR,"HALL, KATHERINE",York,0,43.1438999,-70.6501818,"Date:2024-10-21, Score:0, Failed:No | "
32438,HUSSON UNIVERSITY,0,0,2025-07-15,2025-10-23,EATING PLACE - MOBILE,No,1 COLLEGE CIR,BANGOR,ME,4101,207*941-7000,REGULAR,HUSSON UNIVERSITY FOOD SERVICE,Penobscot,0,44.8269788,-68.7932377,"Date:2025-07-15, Score:0, Failed:No | "
32428,PORTLAND COMMUNITY SQUASH,0,0,2025-01-16,2025-12-06,MUN - EATING PLACE,No,66 NOYES ST,PORTLAND,ME,4101,860-181-1211,REGULAR,PORTLAND COMMUNITY SQUASH,Cumberland,0,43.6654265,-70.281302,"Date:2025-01-16, Score:0, Failed:No | "
32425,DUTCHMAN'S,2,5,2025-03-27,2025-11-18,EATING AND CATERING,No,14 MAINE ST,BRUNSWICK,ME,4011,610-597-0813,REGULAR,JM HOSPITALITY LLC,Cumberland,0.1486486486,43.9192875,-69.9676173,"Date:2025-03-27, Score:0.1486486486, Failed:No | "
32424,MINARD,0,0,2025-07-25,2025-10-22,EATING PLACE - MOBILE,No,59 MALCOLM AVE,SANFORD,ME,4073,802-747-8686,REGULAR,MINARD LLC,York,0,43.4251764,-70.7713515,"Date:2025-07-25, Score:0, Failed:No | "
32420,2GETHER WE COOK,0,0,2025-05-22,,MUN - CATERING,No,1342 CONGRESS ST,PORTLAND,ME,4103,207-233-5047,REGULAR,AMY KAYNE,Cumberland,0,43.6583697,-70.2952702,"Date:2025-05-22, Score:0, Failed:No | "
32415,BLUE ELEPHANT CAFE & CATERING,0,1,2024-10-07,2025-10-07,CATERING,No,265 NORTH ST,SACO,ME,4072,207-281-3070,REGULAR,BLUE ELEPHANT EVENTS & CATERING,York,0.01351351351,43.5121438,-70.4498277,"Date:2024-10-07, Score:0.01351351351, Failed:No | "
32414,THE GOUDA BOYS LLC,0,0,2024-10-02,2024-10-06,EATING PLACE - TEMPORARY 5-14 DAYS,No,1154 MAIN ST,FRYEBURG,ME,4037,207-313-8066,REGULAR,"PICURRO, JOHN",Oxford,0,44.0327324,-70.9678946,"Date:2024-10-02, Score:0, Failed:No | "
32410,WEST BRANCH FARMS,4,7,2025-06-30,2025-11-04,EATING PLACE - MOBILE,Yes,180 WEST KENNEBEC RD,MACHIAS,ME,4654,207-598-6992,REGULAR,WEST BRANCH FARM LLC,Hancock,0.2567567568,44.6637809,-67.4514152,"Date:2025-06-30, Score:0.2567567568, Failed:Yes | "
32409,CANTILEVER COFFEE COMPANY,0,0,2025-06-08,,EATING PLACE - MOBILE,No,529 BAY RD,BOWDOINHAM,ME,4008,207-420-0983,REGULAR,CANTILEVER COFFEE COMPANY LLC,Sagadahoc,0,43.9730254,-69.8925262,"Date:2025-06-08, Score:0, Failed:No | "
32405,NXGEN FITNESS CENTER,1,1,2024-12-31,2025-12-19,MUN - EATING PLACE,No,75 NORTHPORT DR,PORTLAND,ME,4074,207-807-7295,REGULAR,P & E FITNESS INC,Cumberland,0.05405405405,43.7006339,-70.2853758,"Date:2024-12-31, Score:0.05405405405, Failed:No | "
32398,LADY OYSTER,0,0,2025-05-08,2025-10-10,CATERING,No,1 SHAW ST,BATH,ME,4530,617-943-7425,REGULAR,LADY OYSTER LLC,Sagadahoc,0,43.9023777,-69.8162139,"Date:2025-05-08, Score:0, Failed:No | "
32397,MAINE WAY FRANKS,0,0,2024-10-02,,,No,469 SOKOKIS TRL,LIMERICK,ME,4048,207-467-5697,REGULAR,"MARTIN, RICHARD",York,0,43.6567239,-70.7631932,"Date:2024-10-02, Score:0, Failed:No | "
32391,"LETELLIER, LAURA LEE",0,0,2024-10-10,,,No,366 MAIN ST,WATERBORO,ME,4087,207-251-3798,REGULAR,"LETELLIER, LAURA LEE",York,0,43.565816,-70.6898586,"Date:2024-10-10, Score:0, Failed:No | "
32370,NIBBLESFORD,1,1,2024-09-29,,,No,LINCOLN ST,BIDDEFORD,ME,4005,207-710-2770,REGULAR,NIBBLESFORD LLC,York,0.05405405405,43.4949657,-70.4563265,"Date:2024-09-29, Score:0.05405405405, Failed:No | "
32369,THE POTTED PANTRY SNACK SHACK,0,0,2025-06-26,2025-09-19,EATING PLACE - MOBILE,No,420 ROUTE 1,EDGECOMB,ME,4556,781-718-7079,REGULAR,"REGAN, KRISSEY",Lincoln,0,44.0033865,-69.6128196,"Date:2025-06-26, Score:0, Failed:No | "
32355,DOWNEAST POUR,0,3,2024-09-25,,CATERING,No,90 SCHOOL HOUSE RD,ORLAND,ME,4473,207-808-0953,REGULAR,DOWNEAST POURS LLC,Hancock,0.04054054054,44.5733267,-68.7323549,"Date:2024-09-25, Score:0.04054054054, Failed:No | "
32353,SPICE PIZZERIA,1,2,2024-09-11,,EATING PLACE - TAKEOUT,No,59 CAMDEN ST,ROCKLAND,ME,4841,207-230-4644,REGULAR,K & P RESTAURANT LLC,Knox,0.06756756757,44.1154361,-69.1044759,"Date:2024-09-11, Score:0.06756756757, Failed:No | "
32350,SMILEYS TOO,0,0,2024-08-29,,EATING PLACE - MOBILE,No,49 TOPSHAM FAIR MALL RD,TOPSHAM,ME,4086,207-212-7677,NEWOWNER,SMILEYS TOO LLC,Sagadahoc,0,43.9390085,-69.9797479,"Date:2024-08-29, Score:0, Failed:No | "
32341,MIMIS PLACE,0,0,2024-10-11,2025-09-30,EATING PLACE TIER 1,No,60 WELD ST,DIXFIELD,ME,4224,207-592-1940,REGULAR,MIMI'S PLACE,Oxford,0,44.5352232,-70.4558903,"Date:2024-10-11, Score:0, Failed:No | "
32337,AROMA JOES COFFEE,0,1,2024-12-09,2025-11-15,EATING PLACE - TAKEOUT,No,933 PORTLAND RD,SACO,ME,4072,603-502-4407,REGULAR,PINE TREE COFFEE LLC,Cumberland,0.01351351351,43.549052,-70.4098004,"Date:2024-12-09, Score:0.01351351351, Failed:No | "
32336,BLAZE PIZZA,0,1,2025-01-13,,,No,451 PAYNE RD,SCARBOROUGH,ME,4074,207-344-8456,REGULAR,WILDFIRE RESTAURANT GROUP,Cumberland,0.01351351351,43.6222008,-70.3478972,"Date:2025-01-13, Score:0.01351351351, Failed:No | "
32335,SMOKE N SLIDERS,0,1,2025-06-03,2025-09-03,EATING PLACE - MOBILE,No,22 LONSDALE RD,FARMINGDALE,ME,4344,207-441-2477,REGULAR,SMOKE N SLIDERS LLC,Kennebec,0.01351351351,44.2624473,-69.7817737,"Date:2025-06-03, Score:0.01351351351, Failed:No | "
32333,MUSTANG MARKET,1,0,2025-01-23,2025-08-26,EATING PLACE - TAKEOUT,No,1250 TURNER ST,AUBURN,ME,4210,207-671-4676,REGULAR,SODEXO AMERICA LLC,Androscoggin,0.04054054054,44.1321115,-70.2320624,"Date:2025-01-23, Score:0.04054054054, Failed:No | "
32326,NEXT TEA,1,0,2024-10-21,2025-10-03,MUN - EATING PLACE,No,543 CONGRESS ST,PORTLAND,ME,4101,207-78-1260,REGULAR,NEXT TEA LLC,Cumberland,0.04054054054,43.6557524,-70.2616678,"Date:2024-10-21, Score:0.04054054054, Failed:No | "
32325,GOLDEN STEER,0,0,2025-07-03,,,No,6 STEVENS AVE,EASTPORT,ME,4631,702-936-9055,REGULAR,,Washington,0,44.905288,-66.991846,"Date:2024-08-23, Score:0, Failed:No | Date:2025-07-03, Score:0, Failed:No | "
32324,COUNTY LINE COFFEE,0,0,2024-09-25,2025-08-22,EATING PLACE - MOBILE,No,21 JAMIESON RD,ORRINGTON,ME,4474,207-951-5115,REGULAR,"POLLARD, BEN",Penobscot,0,44.6855456,-68.8127521,"Date:2024-09-25, Score:0, Failed:No | "
32321,MANCINI'S ITALIAN DELI,0,3,2025-06-10,2026-01-30,MUN - EATING PLACE TAKEOUT,No,5 PARK ST,LEWISTON,ME,4240,207-754-5417,REGULAR,MANCINI'S LLC,Androscoggin,0.04054054054,44.0960413,-70.2158292,"Date:2025-06-10, Score:0.04054054054, Failed:No | "
32320,MILLTOWN COFFEE,0,0,2024-11-19,2025-08-23,EATING PLACE TIER 1,No,1 BARING ST,CALAIS,ME,4619,480-430-7715,REGULAR,MILLTOWN COFFEE LLC,Washington,0,45.168192,-67.29322,"Date:2024-11-19, Score:0, Failed:No | "
32316,HILLVIEW MARKET & DELI,1,0,2024-10-01,2025-08-13,EATING PLACE - MOBILE,No,21 BUXTON RD,SACO,ME,4072,207-660-1733,REGULAR,"MAIN, JUSTIN",York,0.04054054054,43.5251029,-70.4620236,"Date:2024-08-17, Score:0.08108108108, Failed:No | Date:2024-10-01, Score:0.04054054054, Failed:No | "
32313,FLUVIAL BREWING,0,0,2024-10-11,2025-09-03,EATING PLACE TIER 3,No,860 MAPLE RIDGE RD,HARRISON,ME,4040,207-49-9363,REGULAR,"GRAHAM, LISA, SHAUN",Cumberland,0,44.0781873,-70.622661,"Date:2024-10-11, Score:0, Failed:No | "
32307,CAMP KERITH OF BEREA MINISTRIES,0,0,2025-06-10,2025-08-27,EATING AND LODGING,No,67 CEDARBROOK WAY,LYMAN,ME,4002,603-744-6344,REGULAR,CAMP BEREA INC,York,0,43.5123167,-70.6924165,"Date:2025-06-10, Score:0, Failed:No | Date:2025-06-10, Score:0, Failed:No | Date:2024-06-25, Score:0, Failed:No | Date:2024-06-25, Score:0, Failed:No | "
32306,BARLIMAN'S,0,6,2024-08-14,,,No,1 KENDUSKEAG PLAZA W,BANGOR,ME,4401,207-745-7888,REGULAR,PIKE & PEPPARD LLC,Penobscot,0.08108108108,44.8000667,-68.7697828,"Date:2024-08-14, Score:0.08108108108, Failed:No | "
32304,THE GRIND,0,0,2025-06-27,2025-09-04,EATING PLACE - MOBILE,No,308 HOWE HILL RD,GREENWOOD,ME,4255,802-343-5238,REGULAR,THE GRIND LLC,Oxford,0,44.3807399,-70.7063042,"Date:2025-06-27, Score:0, Failed:No | "
32303,LEE ACADEMY,0,0,2024-10-16,2025-09-27,EATING - SCHOOL SATELLITE,No,26 WINN RD,LEE,ME,4455,207-738-2252,REGULAR,LEE ACADEMY,Penobscot,0,45.3618496,-68.2859588,"Date:2024-10-16, Score:0, Failed:No | "
32299,THE SAUSAGE KITCHEN,0,3,2024-08-06,,EATING PLACE - TEMPORARY 1-4 DAYS,No,TOPSHAM FAIRGROUNDS,TOPSHAM,ME,4250,207-576-0804,REGULAR,"GEORGEY BOY'S BBQ, LLC",Kennebec,0.04054054054,43.9272509,-69.952888,"Date:2024-08-06, Score:0.04054054054, Failed:No | "
32297,POPPIN BOTTLES,0,0,2024-10-08,,EATING AND CATERING,No,77 CARL BROGGI HWY,LEBANON,ME,4027,207-468-6382,REGULAR,POPPIN BOTTLES LLC,York,0,43.4247691,-70.8527175,"Date:2024-10-08, Score:0, Failed:No | "
32295,RED MAGNOLIA BBQ,0,0,2025-07-30,2025-08-07,MUN - CATERING,No,95 DARLING AVE,SOUTH PORTLAND,ME,4016,207-518-3195,REGULAR,"ROBERTS, BROOKS",Cumberland,0,43.6405865,-70.3302466,"Date:2025-07-30, Score:0, Failed:No | "
32284,MOOSEHEAD MINI GOLF,0,1,2024-08-28,2025-08-02,EATING PLACE - TAKEOUT,No,118 GREENVILLE RD,SHIRLEY,ME,4485,207-717-9577,REGULAR,"JENNISON, MEGAN",Piscataquis,0.01351351351,45.2983039,-69.512245,"Date:2024-08-28, Score:0.01351351351, Failed:No | "
32275,FRANKS FOODS,0,1,2025-05-27,,EATING PLACE - MOBILE,No,1 FISH ST,FRYEBURG,ME,4091,207-329-9714,REGULAR,"FRANCK, JAMIE",York,0.01351351351,44.077693,-70.947401,"Date:2024-08-29, Score:0, Failed:No | Date:2025-05-27, Score:0.01351351351, Failed:No | "
32273,D D THAI,1,2,2024-10-31,2025-07-30,EATING PLACE - MOBILE,No,76 PRESQUE ISLE RD,ASHLAND,ME,4732,862-812-7374,REGULAR,D D THAI LLC,Aroostook,0.06756756757,46.627182,-68.3982437,"Date:2024-10-31, Score:0.06756756757, Failed:No | "
32264,SWEETS & CO,0,0,2024-10-29,2025-10-07,EATING PLACE TIER 1,No,294 MAIN ST,SACO,ME,4072,207-749-3855,REGULAR,"FAGELA, LORRAINE",York,0,43.4988762,-70.4451995,"Date:2024-10-29, Score:0, Failed:No | "
32261,EMPANADA CLUB,0,0,2025-05-06,2025-07-22,MUN - COMMISSARY,No,95 DARLING AVE,SOUTH PORTLAND,ME,4106,603-577-0617,REGULAR,"ESPINOZA, ADRIAN",Cumberland,0,43.6405865,-70.3302466,"Date:2025-05-06, Score:0, Failed:No | "
32253,"COOPER, TAYLOR",0,0,2024-07-19,,,No,1 OCEAN PARK RD,OLD ORCHARD BEACH,ME,4064,207-749-6270,REGULAR,"COOPER, TAYLOR G",York,0,43.5074792,-70.409177,"Date:2024-07-19, Score:0, Failed:No | "
32248,MANDY'S COTTON CANDY,0,1,2024-09-05,2025-08-30,EATING PLACE - MOBILE,No,280 WATER ST,GARDINER,ME,4345,207-592-5799,REGULAR,"RICHARDS, AMANDA",Kennebec,0.01351351351,44.2294901,-69.773146,"Date:2024-09-05, Score:0.01351351351, Failed:No | "
32247,NEWTY'S SHACK BY THE RAILROAD TRACK,2,6,2024-09-06,2025-07-31,EATING PLACE - TAKEOUT,No,84 CRESCENT ST,ROCKLAND,ME,4841,323-898-8131,REGULAR,"TURGEON, DOMINIC",Knox,0.1621621622,44.0969835,-69.1047557,"Date:2024-09-06, Score:0.1621621622, Failed:No | "
32244,MIMI'S SMASHIN FOOD TRUCK,2,0,2025-07-17,2026-07-19,EATING PLACE - MOBILE,No,69 LOMBARD ST,PRESQUE ISLE,ME,4769,207-551-0913,REGULAR,"MICHAUD, LORI",Aroostook,0.08108108108,46.6854621,-67.9945065,"Date:2025-07-17, Score:0.08108108108, Failed:No | "
32233,THE SPICE & TEA EXCHANGE,1,0,2025-03-03,2025-07-22,EATING PLACE - TAKEOUT,No,6 MILL ST,FREEPORT,ME,4032,207-944-0226,REGULAR,ACCRETION LLC,Cumberland,0.04054054054,43.8559847,-70.1039578,"Date:2025-03-03, Score:0.04054054054, Failed:No | "
32227,SPYRO'S GYROS,3,10,2025-03-07,2024-09-06,EATING PLACE TIER 1,No,248 MAIN ST,BRIDGTON,ME,4009,929-225-7062,REGULAR,SPYROS GYROS LLC,Cumberland,0.2567567568,44.054316,-70.7029993,"Date:2025-03-07, Score:0.2567567568, Failed:No | Date:2024-08-01, Score:0.1351351351, Failed:No | "
32217,BLACK SHEEP DELI,2,3,2025-06-03,2025-07-16,EATING PLACE - MOBILE,No,9 WINDY WAY,VINALHAVEN,ME,4863,843-442-6855,REGULAR,"WHITE, CHELSEA",Knox,0.1216216216,44.0478496,-68.8327854,"Date:2025-06-03, Score:0.1216216216, Failed:No | "
32215,BLACK SHEEP TREAT TRUCK,2,1,2025-06-03,2025-08-21,EATING PLACE - MOBILE,No,9 WINDY WAY,VINALHAVEN,ME,4863,843-44-6855,REGULAR,"WHITE, CHELSEA",Knox,0.09459459459,44.0478496,-68.8327854,"Date:2025-06-03, Score:0.09459459459, Failed:No | "
32211,TWO MAINE GUYS,3,4,2025-05-07,2025-08-26,EATING PLACE - MOBILE,No,146 MOUNT VERNON AVE,AUGUSTA,ME,4133,207-480-1706,REGULAR,VADALL2022,Kennebec,0.1756756757,44.3284407,-69.7826485,"Date:2025-05-07, Score:0.1756756757, Failed:No | "
32207,SWEETIE PIES ICE CREAM,0,1,2025-06-18,2026-07-11,EATING PLACE - MOBILE,No,13 HIO RIDGE RD,DENMARK,ME,4022,207-232-2769,REGULAR,"MCFADDEN, ALLISON",Penobscot,0.01351351351,43.9925497,-70.7743441,"Date:2025-06-18, Score:0.01351351351, Failed:No | "
32201,SMOKIN GOOD TIMES ME,0,0,2024-09-13,2025-07-02,EATING PLACE - MOBILE,No,9 LOCUST ST,SKOWHEGAN,ME,4976,207-431-1426,REGULAR,SMOKIN' GOOD TIMES ME INC,Somerset,0,44.7784931,-69.7244524,"Date:2024-09-13, Score:0, Failed:No | "
32200,TING TANG DUMPLING,0,0,2025-07-25,2025-07-27,EATING PLACE - TEMPORARY 1-4 DAYS,No,181 HIRAM RD,SOUTH HIRAM,ME,4041,802-825-1290,REGULAR,LOST TRIBE LTD,Oxford,0,43.8108142,-70.8645669,"Date:2025-07-25, Score:0, Failed:No | "
32199,THE FUZION BUFFET,2,3,2024-09-27,,EATING PLACE TIER 3,No,200 HIGH ST,ELLSWORTH,ME,4605,207-801-0644,REGULAR,THE FUZION BUFFET LLC,Hancock,0.1216216216,44.5353755,-68.4097837,"Date:2024-09-27, Score:0.1216216216, Failed:No | "
32192,DEPOT PAVILION & CONSSESIONS,0,0,2025-07-17,2025-06-25,MUN - EATING PLACE TAKEOUT,No,205 THOMPSONS POINT RD,PORTLAND,ME,4102,978-380-2849,REGULAR,LAM HACK LLC,Cumberland,0,43.6519406,-70.2909054,"Date:2024-07-11, Score:0, Failed:No | Date:2025-07-17, Score:0, Failed:No | "
32186,DOSE COFFEE (BHIVE),0,0,2024-06-22,2025-06-30,EATING PLACE - TAKEOUT,No,852 ROOSEVELT TRL,NAPLES,ME,4055,207-310-4103,REGULAR,BHIVE LLC,Oxford,0,43.9688702,-70.6024654,"Date:2024-06-22, Score:0, Failed:No | "
32183,THE LUNCH BOX,1,5,2024-07-19,2025-06-26,EATING PLACE - MOBILE,No,92 S PERLEY BROOK RD,FORT KENT,ME,4743,207-834-2368,REGULAR,THE WHISTLE STOP DINER LLC,Aroostook,0.1081081081,47.2379876,-68.5698816,"Date:2024-07-19, Score:0.1081081081, Failed:No | "
32182,PINSA ROMANA,0,0,2025-05-23,2025-06-20,EATING PLACE - TAKEOUT,No,180 PORT RD,KENNEBUNK,ME,4043,516-306-1992,REGULAR,PIZZUTI. LUCA,York,0,43.3603151,-70.4824145,"Date:2024-10-25, Score:0.01351351351, Failed:No | Date:2025-05-23, Score:0, Failed:No | "
32181,DEERTREES THEATRE,0,0,2025-05-15,2025-10-08,EATING PLACE TIER 3,No,156 DEERTREES RD,HARRISON,ME,4040,617-267-6961,REGULAR,DEERTREES THEATRE LTD,Cumberland,0,44.1180571,-70.664611,"Date:2025-05-15, Score:0, Failed:No | "
32177,STARBUCKS COFFEE #80961,0,0,2025-01-24,2025-12-02,EATING PLACE TIER 1,No,1364 MAIN ST,SANFORD,ME,4073,206-594-7282,REGULAR,STARBUCKS CORP,York,0,43.413606,-70.7443281,"Date:2025-01-24, Score:0, Failed:No | "
32176,WICKED POTATAHS,0,0,2025-07-17,2025-07-08,EATING PLACE - MOBILE,No,109 COTTLE RD,OAKLAND,ME,4963,207-660-5460,REGULAR,WICKED POTATAHS LLC,Kennebec,0,44.5221011,-69.72257,"Date:2024-07-31, Score:0, Failed:No | Date:2025-07-17, Score:0, Failed:No | "
32175,NACHO MAMA'S,2,1,2025-07-17,2025-08-01,EATING PLACE - MOBILE,No,SWEDEN ST,CARIBOU,ME,4736,207-999-2239,REGULAR,"OUELLETTE, SHELLY",Aroostook,0.09459459459,46.8601685,-68.0150491,"Date:2025-07-13, Score:0.1081081081, Failed:No | Date:2025-07-17, Score:0.09459459459, Failed:No | "
32173,MAI TAKEOUT,1,1,2024-06-27,,EATING PLACE - TAKEOUT,No,69 MAIN ST,EAST MILLINOCKET,ME,4430,207-746-7224,REGULAR,YORK. MAI & DANIEL,Aroostook,0.05405405405,45.6259274,-68.5764918,"Date:2024-06-27, Score:0.05405405405, Failed:No | "
32170,NO BONES GRILL,0,0,2025-06-16,2026-07-03,EATING PLACE - MOBILE,No,154 MOUNT HOPE AVE,BANGOR,ME,4401,207-478-5499,REGULAR,NO BONES GRILL LLC,Penobscot,0,44.8144849,-68.7593691,"Date:2025-06-16, Score:0, Failed:No | "
32169,GREAT SCOTTS MAC WAGON,0,0,2024-06-18,,EATING PLACE - MOBILE,No,7 DOGLEG DR,WINDHAM,ME,4062,207-210-0992,REGULAR,"BODLOVICK, SCOTT A",Cumberland,0,43.7341678,-70.3673027,"Date:2024-06-18, Score:0, Failed:No | "
32167,SUNRISE GRILL,0,0,2024-06-18,,EATING PLACE - MOBILE,No,396 N LUBEC RD,LUBEC,ME,4562,207-259-0358,REGULAR,"BAILEY, GARY",Hancock,0,44.864066,-67.0162347,"Date:2024-06-18, Score:0, Failed:No | "
32165,CHUCKS CAFE,1,0,2025-05-21,2024-08-11,EATING PLACE - MOBILE,No,123 FRITH RD,MOSCOW,ME,4920,571-278-0839,REGULAR,CHUCK'S CAFE LLC,Kennebec,0.04054054054,45.0769073,-69.883389,"Date:2024-07-12, Score:0.04054054054, Failed:No | Date:2025-05-21, Score:0.04054054054, Failed:No | "
32159,CHAPPY'S MCE,1,0,2024-06-21,2024-06-24,EATING PLACE - TEMPORARY 5-14 DAYS,No,THOMAS POINT BEACH,BRUNSWICK,ME,4011,413-531-5322,REGULAR,"WOOD, JAMES",Cumberland,0.04054054054,43.8980015,-69.8932407,"Date:2024-06-21, Score:0.04054054054, Failed:No | "
32155,BARN & TABLE CATERING,0,0,2024-08-09,2025-06-24,CATERING,No,120 WHITNEY RD,GRAY,ME,4039,207-650-0481,REGULAR,THE BAR ASSCOCIATION LLC,Cumberland,0,43.8402651,-70.310674,"Date:2024-08-09, Score:0, Failed:No | "
32150,BROTHERS CONCESSIONS,0,0,2025-07-18,,EATING PLACE - MOBILE,No,243 PECK RD,ACTON,ME,4001,207-477-2626,REGULAR,"REED, JOSEPH, REED, MATTHEW",York,0,43.5089218,-70.9379466,"Date:2025-07-18, Score:0, Failed:No | "
32148,RILEY'S QUENCH LEMONADE,0,3,2025-05-23,2026-06-18,EATING PLACE - MOBILE,No,51 LINCOLN AVE,RUMFORD,ME,4276,207-357-8290,REGULAR,"WINDOVER, JAMES A",Franklin,0.04054054054,44.5542799,-70.548954,"Date:2025-05-23, Score:0.04054054054, Failed:No | "
32147,MOOSESHACK,2,5,2024-11-26,2024-11-10,EATING PLACE TIER 2,No,112 MAIN ST,EAST MILLINOCKET,ME,4430,207-316-7359,REGULAR,"LAWN, BECKY",Aroostook,0.1486486486,45.6270654,-68.5816862,"Date:2024-11-26, Score:0.1486486486, Failed:No | "
32145,AIRLINE LODGE AND SNACKBAR,0,1,2024-06-20,,EATING PLACE - MOBILE,No,3752 AIRLINE RD,BEDDINGTON,ME,4622,207-598-0039,REGULAR,AIRLINE LODGE & SNACKBAR LLC,Hancock,0.01351351351,44.8282183,-68.0918522,"Date:2024-06-20, Score:0.01351351351, Failed:No | "
32137,WANDERWOOD,0,0,2025-07-22,2025-10-07,EATING PLACE TIER 3,No,79 SIDELINGER RD,NOBLEBORO,ME,4555,508-615-4252,REGULAR,WANDERWOOD LLC,Kennebec,0,44.0780707,-69.471294,"Date:2025-07-22, Score:0, Failed:No | "
32135,FREEDOMS EDGE CIDER,3,4,2025-07-11,2025-07-08,EATING PLACE TIER 2,No,440 QUAKER HILL RD,ALBION,ME,4910,917-282-5186,REGULAR,FREEDOM'S EDGE LLC,Kennebec,0.1756756757,44.508965,-69.3948405,"Date:2025-07-11, Score:0.1756756757, Failed:No | "
32134,THAMES LANDING,3,4,2025-04-23,2025-06-11,MUN - EATING PLACE,No,60 THAMES ST,PORTLAND,ME,4101,207-210-5176,REGULAR,THAMES LLC,Cumberland,0.1756756757,43.6608027,-70.2464284,"Date:2025-04-23, Score:0.1756756757, Failed:No | Date:2024-09-16, Score:0.08108108108, Failed:No | "
32132,AROMA JOES COFFEE,0,3,2024-07-11,,MUN - EATING PLACE - MOBILE,No,1569 FOREST AVE,PORTLAND,ME,4103,603-312-9665,REGULAR,INTEGRITY VENTURES INC,Cumberland,0.04054054054,43.6967978,-70.3060614,"Date:2024-07-11, Score:0.04054054054, Failed:No | "
32126,TWICE SOLD TALES,0,0,2024-10-21,2025-06-06,EATING PLACE TIER 1,No,155 MAIN ST,FARMINGTON,ME,4938,207-779-6276,REGULAR,TWICE SOLD TALES LLC,Franklin,0,44.6707777,-70.1517402,"Date:2024-10-21, Score:0, Failed:No | "
32124,ALL AMERICAN SUBS & LOBSTER,0,2,2025-01-27,2025-05-29,EATING PLACE - MOBILE,No,24 LANCASTER RD,RICHMOND,ME,4357,207-522-2311,REGULAR,ALL AMERICAN SUBS AND LOBSTERS LLC,Kennebec,0.02702702703,44.1050678,-69.8904248,"Date:2025-01-27, Score:0.02702702703, Failed:No | "
32123,LA ARTS,0,1,2025-06-18,2025-08-05,MUN - EATING PLACE - LIMITED MENU,No,168 LISBON ST,LEWISTON,ME,4240,207-782-7228,REGULAR,LA ARTS,Androscoggin,0.01351351351,44.0959792,-70.2164986,"Date:2025-06-18, Score:0.01351351351, Failed:No | "
32112,EDUARDO'S BRAZILIAN GRILL ONE TAKEOUT,0,0,2024-10-24,2025-06-06,MUN - EATING PLACE TAKEOUT,No,95 DARLING AVE,SOUTH PORTLAND,ME,4106,207-602-8091,REGULAR,EDUARDOS BRAZILIAN GRILL ONE CORP,Cumberland,0,43.6405865,-70.3302466,"Date:2024-10-24, Score:0, Failed:No | "
32111,EDUADRO'S BRAZILIAN GRILL ONE,0,0,2024-10-24,2025-06-06,MUN - CATERING,No,95 DARLING AVE,SOUTH PORTLAND,ME,4106,207-602-8091,REGULAR,EDUARDOS BRAZILIAN GRILL ONE CORP,Cumberland,0,43.6405865,-70.3302466,"Date:2024-10-24, Score:0, Failed:No | "
32108,B & R DAIRY BAR,0,0,2024-05-09,2025-05-29,EATING PLACE - MOBILE,No,108 YARMOUTH RD,GRAY,ME,4039,207-807-8817,REGULAR,TASTY TREATS LLC,Cumberland,0,43.8836418,-70.3101372,"Date:2024-05-09, Score:0, Failed:No | "
32107,TRUCKIN PIZZA # 2,0,0,2024-07-11,2025-06-06,EATING PLACE - MOBILE,No,95 DARLING AVE,SOUTH PORTLAND,ME,4046,207-632-2162,REGULAR,TRUCKIN PIZZA LLC,Cumberland,0,43.6405865,-70.3302466,"Date:2024-07-11, Score:0, Failed:No | "
32106,EL RODEO SCARBOROUGH,1,0,2024-08-01,2025-06-03,EATING PLACE - MOBILE,No,623 US ROUTE 1,SCARBOROUGH,ME,4074,614-254-4976,REGULAR,EL RODEO SCARBOROUG LLC,Cumberland,0.04054054054,43.5555407,-70.4036774,"Date:2024-08-01, Score:0.04054054054, Failed:No | "
32105,LOVE POINT OYSTERS,0,0,2025-06-28,2025-06-29,EATING PLACE - TEMPORARY 1-4 DAYS,No,43 MAIN ST,FREEPORT,ME,4032,508-380-9371,REGULAR,LOVE POINT OYSTERS LLC,Cumberland,0,43.8220019,-70.1086175,"Date:2025-06-28, Score:0, Failed:No | Date:2024-06-29, Score:0.06756756757, Failed:No | "
32101,SWEETEST MEMORY,1,3,2025-04-24,2025-06-06,EATING PLACE - MOBILE,No,1264 CARL BROGGI HWY,LEBANON,ME,4027,603-781-0535,REGULAR,SWEETEST MEMORY LLC,York,0.08108108108,43.3613659,-70.9123365,"Date:2025-04-24, Score:0.08108108108, Failed:No | "
32099,THE OUTPOST SCOOP SHOPPE,3,2,2024-08-16,2025-05-23,EATING PLACE - TAKEOUT,No,380 PEQUAWKET TRL,STANDISH,ME,4084,207-68-4244,REGULAR,THE OUTPOST SCOOP SHOPPE LLC,Cumberland,0.1486486486,43.750936,-70.6122381,"Date:2024-08-16, Score:0.1486486486, Failed:No | "
32095,STONINGTON FOOD COMPANY,0,3,2024-08-21,2025-06-21,EATING PLACE TIER 2,No,68 MAIN ST,STONINGTON,ME,4681,331-806-9755,REGULAR,"WATSON, RONALD G",Hancock,0.04054054054,44.1561725,-68.6630276,"Date:2024-08-21, Score:0.04054054054, Failed:No | Date:2024-06-21, Score:0, Failed:No | "
32094,DEER ISLE MUSIC HALL & BBQ,0,2,2024-06-21,,EATING PLACE TIER 3,No,661 SUNSET RD,DEER ISLE,ME,4627,773-412-6628,REGULAR,DEER ISLE MUSIC LLC,Hancock,0.02702702703,44.1848661,-68.7020322,"Date:2024-06-21, Score:0.02702702703, Failed:No | "
32091,THE TRAVELIN LOBSTER FRENCHMAN BAY LOBSTER ROLLS,0,1,2024-09-25,2025-06-06,EATING PLACE - TAKEOUT,No,36 PAMS WAY,BAR HARBOR,ME,4609,207-460-8028,REGULAR,NICKS SUM DAY,Hancock,0.01351351351,44.401943,-68.3422473,"Date:2024-09-25, Score:0.01351351351, Failed:No | "
32089,Y KNOT FARM,0,1,2024-06-25,,EATING PLACE - MOBILE,No,48 AUGUSTA RD,BELMONT,ME,4952,207-322-5248,REGULAR,"LITTLEFIELD, SUSAN",Waldo,0.01351351351,44.4067738,-69.1022364,"Date:2024-06-25, Score:0.01351351351, Failed:No | "
32087,COASTAL CREAMERY,0,0,2025-05-04,2025-05-22,EATING PLACE - MOBILE,No,136 COMMERCIAL ST,PORTLAND,ME,4101,617-620-3255,REGULAR,KTLW ENTERPRISES LLC,Cumberland,0,43.6561896,-70.2514777,"Date:2024-05-16, Score:0, Failed:No | Date:2025-05-04, Score:0, Failed:No | "
32084,NORTHEAST HOLDINGS {COFFEE ),0,0,2024-06-26,2025-06-11,EATING PLACE - MOBILE,No,209 THOMPSON RD,CARIBOU,ME,4736,401-787-3367,REGULAR,NORTHEAST HOLDINGS LLC,Aroostook,0,46.9168361,-67.9348881,"Date:2024-06-14, Score:0.04054054054, Failed:No | Date:2024-06-26, Score:0, Failed:No | "
32078,THE CONTENTED SOLE,2,6,2024-07-24,2024-10-21,EATING PLACE TIER 2,No,32 SOUTHSIDE RD,NEW HARBOR,ME,4554,207-975-8522,REGULAR,"BUSTEED, WARREN T",Lincoln,0.1621621622,43.8736423,-69.4964771,"Date:2024-07-24, Score:0.1621621622, Failed:No | "
32073,SHANNONS UNSHELLED,0,3,2024-06-20,,,No,586 WISCASSET RD,BOOTHBAY,ME,4568,207-350-8094,REGULAR,,Lincoln,0.04054054054,43.9024999,-69.6208622,"Date:2024-06-20, Score:0.04054054054, Failed:No | "
32071,EXTRA EXTRA,1,0,2024-08-27,2025-05-28,EATING PLACE - MOBILE,No,14 GOWELL LN,LITCHFIELD,ME,4350,207-319-9604,REGULAR,EXTRA EXTRA LLC,Kennebec,0.04054054054,44.1476304,-70.0044557,"Date:2024-08-27, Score:0.04054054054, Failed:No | "
32067,HAZY WATER BREWERY,1,3,2024-08-15,2025-05-14,EATING PLACE - MOBILE,No,746 AUBURN RD,TURNER,ME,4282,207-713-5153,REGULAR,HAZYWATER BREWERY LLC,Androscoggin,0.08108108108,44.2249093,-70.2500808,"Date:2024-08-15, Score:0.08108108108, Failed:No | "
32065,CHUBBYS DAIRY BAR,1,5,2025-07-10,2026-06-21,EATING PLACE TIER 1,No,1 COFFIN ST,HOWLAND,ME,4448,207-333-0559,REGULAR,CHUBBY'S DAIRY BAR LLC,Penobscot,0.1081081081,45.239138,-68.660291,"Date:2025-07-10, Score:0.1081081081, Failed:No | "
32063,ASIAN BOBA AND APPETIZER,1,1,2024-07-26,,,No,64 PORTLAND RD,BRIDGTON,ME,4015,207-461-1416,REGULAR,ASIAN BOBA & APPETIZERS LLC,Cumberland,0.05405405405,44.0492945,-70.7010328,"Date:2024-07-26, Score:0.05405405405, Failed:No | "
32061,ALLEN AVE UNITARIAN UNIVERSALIST CHURCH,1,1,2024-10-08,2025-05-15,MUN - EATING AND CATERING,No,524 ALLEN AVE,PORTLAND,ME,4101,207-797-7240,REGULAR,ALLEN AVE UNITARIAN UNIVERSALIST CHURCH,Cumberland,0.05405405405,43.7056622,-70.283618,"Date:2024-10-08, Score:0.05405405405, Failed:No | "
32059,SILLY GOOSE BAR N GRILL,0,0,2024-11-27,2025-05-28,EATING PLACE TIER 2,No,164 MAIN ST,KINGFIELD,ME,4947,770-298-9221,REGULAR,WHERE THE SIDEWALK ENDS LLC,Franklin,0,44.9530132,-70.1530411,"Date:2024-11-27, Score:0, Failed:No | "
32057,SMOKIN GOOD BBQ #2,1,0,2025-06-27,2026-05-31,EATING PLACE - MOBILE,No,212 MAYVILLE RD,BETHEL,ME,4217,207-653-6110,REGULAR,EPA INC,Oxford,0.04054054054,44.4249827,-70.7977165,"Date:2025-06-27, Score:0.04054054054, Failed:No | "
32053,SPARK BAGEL,0,0,2024-09-24,2025-05-13,EATING PLACE - MOBILE,No,256 HIGH ST,BELFAST,ME,4915,503-423-7381,REGULAR,SPARK BAGEL LLC,Waldo,0,44.4295104,-69.0138642,"Date:2024-09-24, Score:0, Failed:No | "
32052,WEST BRANCH FARMS,1,0,2024-10-10,2025-08-20,EATING PLACE - MOBILE,No,222 DUBLIN ST,MACHIAS,ME,4654,207-598-6992,REGULAR,WEST BRANCH FARM LLC,Hancock,0.04054054054,44.7008912,-67.4687164,"Date:2024-10-10, Score:0.04054054054, Failed:No | Date:2024-08-20, Score:0, Failed:No | "
32049,STREET FOOD,0,0,2024-07-03,,EATING PLACE - MOBILE,No,115 CHASE ST SOUTH PORTLAND,PORTLAND,ME,4106,207-318-9775,REGULAR,"CRONIN, TIMOTHY A",Cumberland,0,43.636721,-70.2391713,"Date:2024-07-03, Score:0, Failed:No | "
32046,TOKU TRUCK,1,0,2024-07-11,2025-05-31,MUN - EATING PLACE - MOBILE,No,82 PARRIS ST,PORTLAND,ME,4101,207-239-6659,REGULAR,TOKU TRUCK LLC,Cumberland,0.04054054054,43.6593536,-70.2655005,"Date:2024-07-11, Score:0.04054054054, Failed:No | "
32045,MORNING MOOSE COFFEE 2,0,0,2025-04-04,2025-05-13,EATING PLACE - MOBILE,No,2 BAKER ST,RICHMOND,ME,4357,207-837-5209,REGULAR,MORNING MOOSE COFFEE LLC,Sagadahoc,0,44.0854135,-69.8010397,"Date:2024-06-21, Score:0.01351351351, Failed:No | Date:2025-04-04, Score:0, Failed:No | "
32041,THE SYRUP SQUAD,0,0,2024-06-21,2025-05-08,EATING PLACE - MOBILE,No,141 LIBERTY ST,DEXTER,ME,4930,207-270-2007,REGULAR,THE SYRUP SQUAD LLC,Penobscot,0,45.0142475,-69.2868794,"Date:2024-06-21, Score:0, Failed:No | "
32038,VIP MAINE MOBILE,2,2,2025-03-14,2025-05-23,EATING PLACE - TAKEOUT,No,2186 BRISTOL RD,PEMAQUID,ME,4558,207-592-7089,REGULAR,"YOST, JOSEPH",Lincoln,0.1081081081,43.9044785,-69.5054312,"Date:2025-03-14, Score:0.1081081081, Failed:No | "
32037,FARMER BILLS FROZEN CUSTARD,0,0,2025-07-02,2026-05-13,EATING PLACE - MOBILE,No,150 DOW HIGHWAY,ELIOT,ME,3903,207-475-7360,REGULAR,SANDY HILL PROPERTIES LLC,York,0,43.1276791,-70.7680912,"Date:2025-07-02, Score:0, Failed:No | "
32035,THE LOVING BITE CATERING,0,0,2025-05-14,2025-07-02,MUN - CATERING,No,179 WOODFORD ST,PORTLAND,ME,4101,646-858-9600,REGULAR,"THE LOVING BITE CATERING, LLC",Cumberland,0,43.6711991,-70.2860256,"Date:2025-05-14, Score:0, Failed:No | "
32033,BIG SUMBATTUS BBQ #2,1,0,2024-08-28,2025-05-01,EATING PLACE - MOBILE,No,21 DUBE DR,SABATTUS,ME,4280,207-576-5849,REGULAR,"WATERS, JENNIFER",Androscoggin,0.04054054054,44.0707581,-70.0873024,"Date:2024-08-28, Score:0.04054054054, Failed:No | "
32030,ANOTHER ROUND,1,0,2024-08-01,2025-05-21,MUN - EATING PLACE - LIMITED MENU,No,549 CONGRESS ST,PORTLAND,ME,4101,207-200-1883,REGULAR,ANOTHER ROUND LLC,Cumberland,0.04054054054,43.655575,-70.2618315,"Date:2024-08-01, Score:0.04054054054, Failed:No | "
32028,BRICKYARD HOLLOW BREWING,1,4,2024-10-11,2025-06-14,EATING PLACE TIER 3,No,180 MAIN ST,BIDDEFORD,ME,4005,207-747-8065,REGULAR,BIDDEFORD BRICKYARD LLC,York,0.09459459459,43.4935391,-70.4555455,"Date:2024-10-11, Score:0.09459459459, Failed:No | "
32027,GUNNARS ICELANDIC HOT DOGS,0,0,2025-05-04,2026-05-13,EATING PLACE - MOBILE,No,95 DARLING AVE,SOUTH PORTLAND,ME,4106,860-707-4600,REGULAR,GUNNARS ICELANDIC HOT DOGS,Cumberland,0,43.6405865,-70.3302466,"Date:2025-05-04, Score:0, Failed:No | "
32026,NORTHERN SPILL,0,0,2024-07-22,,EATING PLACE - MOBILE,No,64 ELM ST,FORT KENT,ME,4743,207-231-4405,NEWOWNER,"RANKINE, AMBER & DAMION",Aroostook,0,47.2475462,-68.6003499,"Date:2024-06-14, Score:0.06756756757, Failed:No | Date:2024-07-22, Score:0, Failed:No | "
32021,HARBOR TREATS,0,1,2025-05-28,2026-05-17,EATING PLACE - TAKEOUT,No,12 BRIDGE ST,BOOTHBAY HARBOR,ME,4538,207-798-2907,REGULAR,MEST LLC,Lincoln,0.01351351351,43.8517764,-69.6270906,"Date:2025-05-28, Score:0.01351351351, Failed:No | "
32016,SAWYER SHAVE ICE COMPANY,0,1,2025-07-11,2026-05-07,EATING PLACE - MOBILE,No,700 HAMMOND ST,BANGOR,ME,4401,207-385-3516,REGULAR,SAWYER SHAVE ICE COMPANY LLC,Penobscot,0.01351351351,44.7989172,-68.7973461,"Date:2025-07-11, Score:0.01351351351, Failed:No | Date:2024-06-28, Score:0, Failed:No | "
32010,MILLSIDE CREATIONS,0,1,2025-05-14,2026-05-02,EATING PLACE - MOBILE,No,524 BRIDGE ST,WESTBROOK,ME,4092,207-310-3701,REGULAR,MILLSIDE CREATIONS  LLC,Cumberland,0.01351351351,43.6921075,-70.3592798,"Date:2025-05-14, Score:0.01351351351, Failed:No | "
32009,WANDER WITH ME,0,0,2025-07-01,2026-05-23,EATING PLACE - MOBILE,No,972 HOPPER RD,ACTON,ME,4001,207-432-9563,REGULAR,WANDER WITH ME LLC,York,0,43.5257944,-70.9475326,"Date:2025-07-01, Score:0, Failed:No | "
32003,THE THIRSTY TRAVELER,0,0,2024-04-26,2025-04-18,CATERING,No,71 CHETS WAY,CUMBERLAND,ME,4021,207-838-5251,REGULAR,"BAGSHAW, JOHN",Cumberland,0,43.7737305,-70.2243715,"Date:2024-04-26, Score:0, Failed:No | "
32001,"ROSTON, ASHTON",0,0,2024-04-30,,,No,321 ELM ST,BIDDEFORD,ME,4005,818-792-3122,REGULAR,"ROSTON, ASHTON",York,0,43.4868708,-70.4665751,"Date:2024-04-30, Score:0, Failed:No | "
31998,TAP & BARREL TAVERN,2,2,2024-07-10,2024-07-07,EATING PLACE TIER 2,No,41 RODICK ST,BAR HARBOR,ME,4009,207-299-0138,REGULAR,"THE TAP AND BARREL TAVERN, LLC",Hancock,0.1081081081,44.3886928,-68.2066131,"Date:2024-07-10, Score:0.1081081081, Failed:No | "
31996,BILLYS CRAZY SPUDS,0,2,2024-06-21,2025-04-25,EATING PLACE - MOBILE,No,127 SMITHFIELD RD,OAKLAND,ME,4963,207-578-4452,REGULAR,"DAVIS, BILLY-LANE",Kennebec,0.02702702703,44.5809756,-69.7535178,"Date:2024-06-21, Score:0.02702702703, Failed:No | "
31993,LAVA KAVA,0,0,2025-07-17,2026-04-17,MUN - EATING PLACE,No,550 WASHINGTON AVE,PORTLAND,ME,4103,772-201-8790,REGULAR,LAVA KAVA LLC,Cumberland,0,43.680845,-70.2593401,"Date:2025-07-17, Score:0, Failed:No | "
31989,AMATO'S,0,0,2024-06-12,2025-04-18,EATING PLACE - MOBILE,No,19 LINCOLN ST,RICHMOND,ME,4357,207-737-9354,REGULAR,FREE HERD CORPORATION,Sagadahoc,0,44.0924675,-69.796544,"Date:2024-06-12, Score:0, Failed:No | "
31988,THE SCALE SHACK,2,1,2024-09-28,2025-06-16,EATING PLACE - MOBILE,No,91 HOME RUN RD,BRIDGTON,ME,4009,207-228-4903,REGULAR,THE SCALE SHACK LLC,Cumberland,0.09459459459,44.0247209,-70.6988511,"Date:2024-09-28, Score:0.09459459459, Failed:No | "
31984,OF MAINE ORIGIN,1,1,2025-07-26,2026-05-31,EATING PLACE - MOBILE,No,120 SPRING HILL RD,MOUNT VERNON,ME,4352,530-598-5332,REGULAR,OF MAINE ORIGIN LLC,Kennebec,0.05405405405,44.4391711,-69.9143456,"Date:2025-07-26, Score:0.05405405405, Failed:No | "
31980,TNT EVENT SERVICES,0,0,2024-04-17,,,No,96 SINNOTT RD,ARUNDEL,ME,4046,207-937-8447,REGULAR,TMM INC,York,0,43.3890064,-70.4918366,"Date:2024-04-17, Score:0, Failed:No | "
31979,WATERSHED CENTER FOR CERAMIC ARTS,0,1,2025-05-14,2025-05-17,EATING AND LODGING,No,19 BRICK HILL RD,NEWCASTLE,ME,4553,207-882-6075,REGULAR,WATERSHED CENTER FOR THE CERAMIC ARTS,Lincoln,0.01351351351,44.0117643,-69.6244456,"Date:2024-09-26, Score:0.01351351351, Failed:No | Date:2025-05-14, Score:0.01351351351, Failed:No | "
31976,THE OUTPOST INC,0,2,2024-09-16,2025-04-08,EATING AND CATERING,No,495 WILTON RD,FARMINGTON,ME,4938,207-620-0344,REGULAR,THE OUTPOST INC,Franklin,0.02702702703,44.6365822,-70.1538041,"Date:2024-09-16, Score:0.02702702703, Failed:No | Date:2024-05-08, Score:0.01351351351, Failed:No | "
31973,BELL THE CAT,0,3,2025-03-28,2026-04-17,EATING PLACE TIER 3,No,18 HATLEY RD,BELFAST,ME,4915,207-338-2084,REGULAR,BELL THE CAT INC,Waldo,0.04054054054,44.4209437,-69.0223198,"Date:2025-03-28, Score:0.04054054054, Failed:No | "
31969,LICENSED TO GRILL,0,0,2025-05-27,2025-05-19,EATING PLACE - MOBILE,No,663 OSSIPEE TRL,LIMINGTON,ME,4046,207-252-4604,REGULAR,"MAYO, JONATHAN",York,0,43.7819783,-70.7539097,"Date:2025-05-27, Score:0, Failed:No | "
31966,SEAWOLVES CAFE,2,3,2024-03-27,2025-03-27,MUN - EATING PLACE,No,14 FORT RD,SOUTH PORTLAND,ME,4106,207-741-5999,REGULAR,SODEXO OPERATIONS LLC,Cumberland,0.1216216216,43.6460608,-70.2300784,"Date:2024-03-27, Score:0.1216216216, Failed:No | "
31965,STRAIT JAMAICAN CUISINE,0,2,2024-06-27,2025-05-24,EATING PLACE - TAKEOUT,No,15 SCHOOL ST,WATERVILLE,ME,4901,207-509-8350,REGULAR,"POMERLEAU, JAMIE",Kennebec,0.02702702703,44.5494377,-69.6354985,"Date:2024-06-27, Score:0.02702702703, Failed:No | "
31963,SKY VIEW PITCH AND PUTT,0,0,2024-10-10,2025-06-14,EATING PLACE - TAKEOUT,No,1569 MAIN ST,SANFORD,ME,4073,207-692-3959,REGULAR,SKY VIEW PITCH AND PUTT LLC,York,0,43.4054713,-70.7326904,"Date:2024-10-10, Score:0, Failed:No | "
31962,DOS ELONAS GELATO,0,0,2024-03-25,2025-03-25,EATING PLACE - MOBILE,No,77 PIER RD,KENNEBUNKPORT,ME,4046,646-241-7600,REGULAR,OLIVIS LLC,York,0,43.3662336,-70.431542,"Date:2024-03-25, Score:0, Failed:No | "
31959,FRED'S FRIED DOUGH #2,0,0,2024-07-04,2025-04-19,EATING PLACE - MOBILE,No,27 PEAVEY AVE,WINDHAM,ME,4062,845-707-9007,REGULAR,FREDS FRIED DOUGH LLC,Cumberland,0,43.8219558,-70.4318683,"Date:2024-05-06, Score:0, Failed:No | Date:2024-07-04, Score:0, Failed:No | "
31956,HARBOR BURGER SHACK,0,1,2024-08-05,2025-05-06,EATING PLACE TIER 3,No,355 US ROUTE 1,KITTERY,ME,3904,203-434-7205,REGULAR,HARBOR BURGER SHACK LLC,York,0.01351351351,43.1207451,-70.720624,"Date:2024-08-05, Score:0.01351351351, Failed:No | "
31955,THE GOOD SAUCE COMPANY,1,5,2024-08-05,2025-05-06,COMMISSARY,No,355 US ROUTE 1,KITTERY,ME,3904,203-434-7205,REGULAR,THE GOOD SAUCE COMPANY LLC,York,0.1081081081,43.1207451,-70.720624,"Date:2024-08-05, Score:0.1081081081, Failed:No | "
31953,SWELL NITRO COFFEE,0,0,2024-05-02,2025-03-25,EATING PLACE TIER 1,No,200 MAIN ST,SACO,ME,4072,978-808-5142,REGULAR,SWELL NITRO COFFEE LLC,Cumberland,0,43.4972142,-70.4466812,"Date:2024-05-02, Score:0, Failed:No | "
31952,"WEEKS, CHLOE",0,0,2024-03-14,,,No,51 WASHINGTON ST,BANGOR,ME,4401,207-299-8616,REGULAR,"WEEKS, CHLOE",Penobscot,0,44.7993592,-68.7671257,"Date:2024-03-14, Score:0, Failed:No | "
31950,NOTHERN MAINE SODA WAGON,0,1,2025-07-17,2025-04-18,EATING PLACE - MOBILE,No,880 E PRESQUE ISLE RD,CARIBOU,ME,4736,207-227-0795,REGULAR,"LISTER, JACOB",Aroostook,0.01351351351,46.8021753,-67.9585618,"Date:2024-07-19, Score:0.01351351351, Failed:No | Date:2025-07-17, Score:0.01351351351, Failed:No | Date:2024-07-26, Score:0, Failed:No | Date:2024-07-27, Score:0, Failed:No | "
31949,LOCO TACO,1,2,2025-05-01,2025-03-20,MUN - EATING PLACE,No,849 FOREST AVE,PORTLAND,ME,4101,207-317-7677,REGULAR,"ABBAS, MOHAMMED",Cumberland,0.06756756757,43.6769816,-70.2872898,"Date:2025-05-01, Score:0.06756756757, Failed:No | "
31945,QUISISANA RESORT,0,1,2025-06-27,2026-06-21,EATING PLACE - TAKEOUT,No,42 QUISISANA DR,LOVELL,ME,4016,608-438-5388,REGULAR,QUISISANA CORPORATION II,Oxford,0.01351351351,44.178646,-70.9040237,"Date:2025-06-27, Score:0.01351351351, Failed:No | "
31944,HELLENIC KITCHEN,0,0,2024-06-06,2025-03-14,MUN - EATING PLACE TAKEOUT,No,95 DARLING AVE,SOUTH PORTLAND,ME,4106,207-815-7591,REGULAR,HELLENIC KITCHEN LLC,Cumberland,0,43.6405865,-70.3302466,"Date:2024-06-06, Score:0, Failed:No | "
31943,VINTAGE FOOD & BEVERAGE,0,0,2024-09-23,2025-03-26,EATING PLACE - MOBILE,No,185 NORTHERN AVE,AUGUSTA,ME,4330,804-664-7397,REGULAR,"EKLUND, ZAC & EMILY",Kennebec,0,44.330191,-69.7763127,"Date:2024-07-09, Score:0.01351351351, Failed:No | Date:2024-09-23, Score:0, Failed:No | "
31942,BUFFALO WILD WINGS GO 3984,0,0,2024-06-11,2025-03-13,MUN - EATING PLACE,No,180 WATERMAN DR,SOUTH PORTLAND,ME,4106,207-910-6677,REGULAR,MAINE WINGS TO GO LLC,Cumberland,0,43.6368182,-70.2544694,"Date:2024-06-11, Score:0, Failed:No | "
31938,ALBISTON FOUNDATION,0,1,2025-03-19,2026-03-19,COMMISSARY,No,675 OLD PORTLAND RD,BRUNSWICK,ME,4011,207-415-3133,REGULAR,ALBISTON FOUNDATION,Cumberland,0.01351351351,43.8996629,-70.0597345,"Date:2025-03-19, Score:0.01351351351, Failed:No | "
31934,LOST VALLEY WAFFLE BARN,1,0,2025-01-03,2025-03-05,EATING PLACE - TAKEOUT,No,200 LOST VALLEY RD,AUBURN,ME,4210,207-784-1561,REGULAR,LOST VALLEY MANAGEMENT LLC,Androscoggin,0.04054054054,44.1352844,-70.2810045,"Date:2025-01-03, Score:0.04054054054, Failed:No | "
31932,LONGFELLOW HOTEL,3,4,2025-06-24,2026-05-15,MUN - EATING AND LODGING,No,754 CONGRESS ST,PORTLAND,ME,4101,207-747-8177,REGULAR,LONGFELLOW PROPERTY LLC,Cumberland,0.1756756757,43.653309,-70.270955,"Date:2025-06-24, Score:0.1756756757, Failed:No | Date:2024-09-12, Score:0.1351351351, Failed:No | Date:2024-09-12, Score:0.04054054054, Failed:No | Date:2025-06-24, Score:0, Failed:No | "
31930,THE HOLY DONUT,0,0,2024-03-04,2025-03-04,EATING PLACE - MOBILE,No,1197 PORTLAND RD,ARUNDEL,ME,4046,207-761-7775,REGULAR,THE HOLY DONUT INC,York,0,43.4094232,-70.5218705,"Date:2024-03-04, Score:0, Failed:No | "
31928,SHIFT WOOD FIRED,0,1,2024-04-11,,EATING PLACE - MOBILE,No,129 Sawpit Road,Appleton,ME,4862,518-683-8090,REGULAR,SHIFT WOOD FIRED LLC,Knox,0.01351351351,44.3046966,-69.2948874,"Date:2024-04-11, Score:0.01351351351, Failed:No | "
31921,BECKERS BARBECUE,1,0,2025-06-22,2026-06-12,EATING PLACE - MOBILE,No,1787 MAIN ST,SANFORD,ME,4073,603-498-7972,REGULAR,BECKERS BARBECUE LLC,York,0.04054054054,43.4023302,-70.7134307,"Date:2025-06-22, Score:0.04054054054, Failed:No | "
31920,207 TAVERN,0,0,2025-06-27,2025-05-11,EATING PLACE - MOBILE,No,811 DOW HWY,ELIOT,ME,3903,978-836-7274,REGULAR,207 TAVERN INC,York,0,43.1651778,-70.8057512,"Date:2025-06-27, Score:0, Failed:No | "
31919,"LABRIE, ALICIA",0,0,2024-02-26,,,No,21 B NORTHBROOK DR,FALMOUTH,ME,4105,207-671-4107,REGULAR,"LABRIE, ALICIA",Cumberland,0,43.7367847,-70.2235766,"Date:2024-02-26, Score:0, Failed:No | "
31918,KINGS PLACE RESTAURANT,0,1,2025-03-27,2025-03-20,EATING PLACE TIER 2,No,858 VILLAGE RD,SMITHFIELD,ME,4978,207-242-6725,REGULAR,KING'S PLACE  INC,Kennebec,0.01351351351,44.6309571,-69.8271149,"Date:2025-03-27, Score:0.01351351351, Failed:No | "
31916,CHERI'S WIENER WAGON,0,0,2025-07-17,2025-04-08,EATING PLACE - MOBILE,No,64 MECHANIC ST,PRESQUE ISLE,ME,4769,207-227-6962,REGULAR,C & M CONCESSIONS LLC,Aroostook,0,46.682715,-68.0250166,"Date:2024-07-19, Score:0.04054054054, Failed:No | Date:2025-07-17, Score:0, Failed:No | "
31913,MOM AND ME PIZZERIA,0,9,2025-02-20,2025-03-04,EATING PLACE - TAKEOUT,No,830 MAIN ST,PRESQUE ISLE,ME,4769,207-496-7230,REGULAR,"CLARK, LISA A",Aroostook,0.1216216216,46.699206,-68.0046801,"Date:2025-02-05, Score:0.3108108108, Failed:Yes | Date:2024-02-23, Score:0.1621621622, Failed:No | Date:2025-02-20, Score:0.1216216216, Failed:No | "
31911,"ISELY, NATALIE A",0,0,2024-03-14,,,No,51 WASHINGTON ST,BANGOR,ME,4401,484-719-1457,REGULAR,"ISELY, NATALIE A",Penobscot,0,44.7993592,-68.7671257,"Date:2024-03-14, Score:0, Failed:No | "
31910,THE SUNFLOWER PLAYSPACE & CAFE,2,1,2024-04-02,2025-03-01,EATING PLACE TIER 1,No,3 GORHAM INDUSTRIAL PARKWAY,GORHAM,ME,4038,207-591-0399,REGULAR,"CARRASCO, MEGHANN",Cumberland,0.09459459459,43.6834624,-70.3845001,"Date:2024-04-02, Score:0.09459459459, Failed:No | Date:2024-04-02, Score:0, Failed:No | "
31908,BILL HILLYS,1,0,2024-11-18,2025-04-05,EATING PLACE TIER 2,No,1255 ROXBURY NOTCH RD,ROXBURY,ME,4275,774-722-4718,REGULAR,BILL HILLYS LLC,Oxford,0.04054054054,44.6440102,-70.6762692,"Date:2024-11-18, Score:0.04054054054, Failed:No | "
31907,THE WICKED TATER,0,0,2024-06-21,2025-03-20,EATING PLACE - MOBILE,No,148 STAGECOACH RD,WOOLWICH,ME,4579,207-991-7635,REGULAR,THE WICKED TATER,Sagadahoc,0,43.9661352,-69.7979329,"Date:2024-06-21, Score:0, Failed:No | "
31905,LEMONT HALL,0,2,2025-03-31,2026-03-11,EATING PLACE - LIMITED MENU,No,2 PLEASANT ST,BRUNSWICK,ME,4011,207-400-4746,REGULAR,HERMITAGE LEMONT BLOCK LLC,Cumberland,0.02702702703,43.914641,-69.965106,"Date:2025-03-31, Score:0.02702702703, Failed:No | "
31889,PORTLAND PRESS,0,0,2024-08-08,2025-06-07,MUN - EATING PLACE - MOBILE,No,121 NEAL ST,PORTLAND,ME,4101,207-400-4067,REGULAR,"BUTTERFIELD, BRYCE",Cumberland,0,43.6512565,-70.2716861,"Date:2024-08-08, Score:0, Failed:No | "
31887,THISTLE INN RESTAURANT,0,2,2025-05-28,2026-03-13,EATING PLACE TIER 3,No,55 OAK ST,BOOTHBAY HARBOR,ME,4538,207-303-8298,REGULAR,CHEN INC,Kennebec,0.02702702703,43.8551808,-69.6265354,"Date:2025-05-08, Score:0.3243243243, Failed:Yes | Date:2025-05-28, Score:0.02702702703, Failed:No | "
31878,BAB'S TABLE,0,0,2025-05-19,2026-02-23,CATERING,No,179 NEPTUNE DR,BRUNSWICK,ME,4011,347-585-2934,REGULAR,BAB'S TABLE LLC,Cumberland,0,43.8920732,-69.9226154,"Date:2025-05-19, Score:0, Failed:No | "
31876,PORT KITCHEN AT OCEAN HOUSE HOTEL,1,1,2025-04-17,2026-02-28,EATING PLACE TIER 1,No,870 PORT CLYDE RD,PORT CLYDE,ME,4855,207-372-6543,REGULAR,PORT CLYDE GENERAL STORE,Knox,0.05405405405,43.9269495,-69.2581293,"Date:2025-04-17, Score:0.05405405405, Failed:No | Date:2024-03-13, Score:0.04054054054, Failed:No | "
31874,THE TREAT TRUCK,0,0,2025-06-08,2025-03-25,EATING PLACE - MOBILE,No,61 MAIN ST,KENNEBUNK,ME,4043,617-455-7643,REGULAR,ICE CREAM SUNDAYS LLC,York,0,43.3861303,-70.5396686,"Date:2024-03-25, Score:0, Failed:No | Date:2025-04-04, Score:0, Failed:No | Date:2025-06-08, Score:0, Failed:No | "
31870,CHRISTYS COUNTRY STORE,0,0,2024-11-25,2025-02-03,CATERING,No,932 AUGUSTA RD,BELGRADE,ME,4917,207-441-2103,REGULAR,SAY LLC,Kennebec,0,44.46985,-69.8341029,"Date:2024-11-25, Score:0, Failed:No | "
31866,VY BANH MI 2,0,1,2024-09-23,2025-04-11,EATING PLACE - MOBILE,No,95 DARLING AVE,SOUTH PORTLAND,ME,4106,207-608-5663,REGULAR,VY BANH MI LLC,Cumberland,0.01351351351,43.6405865,-70.3302466,"Date:2024-07-10, Score:0.02702702703, Failed:No | Date:2024-09-23, Score:0.01351351351, Failed:No | Date:2024-08-01, Score:0, Failed:No | "
31865,MOW'S MUNCHIES 2,0,0,2024-05-06,2025-04-02,EATING PLACE - MOBILE,No,82 CAPE RD,RAYMOND,ME,4071,207-240-9387,REGULAR,MOW'S MUNCHIES LLC,Cumberland,0,43.8976263,-70.5085131,"Date:2024-05-06, Score:0, Failed:No | "
31850,MILE 1 NUTRITION,0,3,2024-11-25,2025-02-09,EATING PLACE - TAKEOUT,No,204 MARKET ST,FORT KENT,ME,4743,207-316-3029,REGULAR,MILE 1 NUTRITION,Aroostook,0.04054054054,47.2472078,-68.5775045,"Date:2024-11-25, Score:0.04054054054, Failed:No | "
31849,SALVATORE'S HOAGIE SHOP,1,0,2024-06-06,2025-01-31,MUN - EATING PLACE TAKEOUT,No,95 DARLING AVE,SOUTH PORTLAND,ME,4106,207-710-3969,REGULAR,PRICE PICONE GROUP LLC,Cumberland,0.04054054054,43.6405865,-70.3302466,"Date:2024-06-06, Score:0.04054054054, Failed:No | "
31821,HOTEL URSA,1,2,2025-06-03,2026-02-21,EATING AND LODGING,No,1 MOOSEHEAD RD,ORONO,ME,4469,207-512-0012,REGULAR,HS-RPG ORONO MASTER TENANT LLC,Penobscot,0.06756756757,44.8990513,-68.670163,"Date:2025-06-03, Score:0.06756756757, Failed:No | Date:2025-06-03, Score:0.04054054054, Failed:No | "
31806,SLYVIAS MOBILE BAR & CATERING 2,0,0,2024-03-15,,EATING PLACE - MOBILE,No,12 VALLEY LN,SEBAGO,ME,4029,207-590-9146,REGULAR,"MURRAY, APRIL",Cumberland,0,43.8667432,-70.6527287,"Date:2024-03-15, Score:0, Failed:No | "
31805,SYLVIAS MOBIULE BAR & CATERING 1,1,1,2024-07-12,2025-03-18,CATERING,No,12 VALLEY LN,SEBAGO,ME,4029,207-590-9146,REGULAR,MURRAY APRIL,Cumberland,0.05405405405,43.8667432,-70.6527287,"Date:2024-07-12, Score:0.05405405405, Failed:No | Date:2024-03-15, Score:0, Failed:No | "
31804,RYTHMIC ROASTS,0,1,2024-02-07,2025-01-22,EATING PLACE - MOBILE,No,44 ALLEN ST,WILTON,ME,4294,509-496-7525,REGULAR,RYTHMIC ROASTS,Somerset,0.01351351351,44.5841066,-70.2255261,"Date:2024-02-07, Score:0.01351351351, Failed:No | "
31794,REVERIE COFFEE HOUSE,1,6,2024-04-02,2025-01-26,EATING PLACE TIER 1,No,117 MAINE ST,BRUNSWICK,ME,4011,802-779-2798,REGULAR,REVERIE COFFEE LLC,Cumberland,0.1216216216,43.9157464,-69.9651,"Date:2024-04-02, Score:0.1216216216, Failed:No | "
31792,AROMA JOES COFFEE,0,2,2024-05-23,2025-03-08,EATING PLACE TIER 1,No,3 SCHOOL ST,BERWICK,ME,3820,603-696-5279,REGULAR,AJC NORTHEAST LLC,York,0.02702702703,43.2673739,-70.8624322,"Date:2024-05-23, Score:0.02702702703, Failed:No | "
31791,ALAN DAY COMMUINITY GARDEN,0,4,2024-10-25,2025-02-02,COMMISSARY,No,26 WHITMAN ST,NORWAY,ME,4268,207-346-0708,REGULAR,OXFORD HILLS COMMUNITY GARDENS,Oxford,0.05405405405,44.2163631,-70.5441064,"Date:2024-10-25, Score:0.05405405405, Failed:No | "
31788,HILLVIEW MARKET & DELI,1,1,2024-02-23,2025-01-19,EATING PLACE TIER 1,No,21 BUXTON RD,SACO,ME,4072,207-660-1733,REGULAR,"MAIN, JUSTIN",York,0.05405405405,43.5251029,-70.4620236,"Date:2024-02-23, Score:0.05405405405, Failed:No | "
31770,FAWNS COFFEE,0,0,2025-03-10,,MUN - EATING PLACE - MOBILE,No,33 PEMBROKE ST,PORTLAND,ME,4101,207-415-3030,REGULAR,FAWNS COFFEE LLC,Cumberland,0,43.6817771,-70.2581004,"Date:2024-02-15, Score:0, Failed:No | Date:2024-04-23, Score:0, Failed:No | Date:2025-03-10, Score:0, Failed:No | "
31769,SWISH INDOOR GOLF,0,3,2024-04-03,2025-01-22,EATING PLACE TIER 2,No,109 WATER ST,WATERVILLE,ME,4901,207-313-2932,REGULAR,SWISH LLC,Kennebec,0.04054054054,44.5410066,-69.635742,"Date:2024-04-03, Score:0.04054054054, Failed:No | "
31768,"ELLIS, KYRA",0,0,2024-01-10,,,No,833 PORTLAND RD,SACO,ME,4072,207-653-8287,REGULAR,"ELLIS, KYRA",York,0,43.5355812,-70.4226163,"Date:2024-01-10, Score:0, Failed:No | "
31760,STONE AND FIRE,0,0,2024-06-06,2024-12-18,CATERING,No,331 ROUTE 103,YORK,ME,3909,207-475-7055,REGULAR,STONE AND FIRE LLC,York,0,43.1151287,-70.6698241,"Date:2024-06-06, Score:0, Failed:No | "
31759,STONE AND FIRE,0,0,2024-06-06,2024-12-18,EATING PLACE - MOBILE,No,1 MEADOW VIEW LN,YORK,ME,3909,207-475-7055,REGULAR,STONE AND FIRE LLC,York,0,43.1162894,-70.673769,"Date:2024-06-06, Score:0, Failed:No | "
31750,CORNERSTONE NUTRITION,0,3,2024-05-06,2024-12-26,EATING PLACE - TAKEOUT,No,1288 CLINTON AVE,BENTON,ME,4401,207-314-8533,REGULAR,"SANBORN, KYLE",Kennebec,0.04054054054,44.5836971,-69.5532499,"Date:2024-05-06, Score:0.04054054054, Failed:No | "
31735,AROMA JOES,0,4,2024-09-27,2024-12-11,EATING PLACE - TAKEOUT,No,97 MOOSEHEAD TRL,NEWPORT,ME,4953,207-252-5145,REGULAR,ME COFFEE COMPANY LLC,Penobscot,0.05405405405,44.8406751,-69.2808853,"Date:2024-09-27, Score:0.05405405405, Failed:No | "
31734,ANGOOR WINE BAR,1,0,2025-05-29,2026-05-02,MUN - EATING PLACE,No,120 FORE ST,PORTLAND,ME,4101,617-719-7759,REGULAR,ANGOOR INC,Cumberland,0.04054054054,43.6615506,-70.2474821,"Date:2025-05-29, Score:0.04054054054, Failed:No | "
31729,OXBOW POP UP TRAILER,1,1,2025-07-23,2025-11-27,MUN - EATING PLACE - MOBILE,No,49 WASHINGTON AVE,PORTLAND,ME,4101,207-350-0025,REGULAR,OXBOW BREWING COMPANY LLC,Cumberland,0.05405405405,43.664967,-70.251183,"Date:2025-07-23, Score:0.05405405405, Failed:No | Date:2024-08-22, Score:0.01351351351, Failed:No | "
31728,EASTPORT ARTS CENTER,0,0,2024-02-02,,EATING PLACE TIER 3,No,36 WASHINGTON ST,EASTPORT,ME,4681,917-865-9395,REGULAR,EASTPORT ARTS CENTER,Washington,0,44.9057525,-66.9872805,"Date:2023-11-28, Score:0.02702702703, Failed:No | Date:2024-02-02, Score:0, Failed:No | "
31727,TACO BELL,1,0,2024-04-02,2025-02-02,EATING PLACE TIER 2,No,740 HOGAN RD,BANGOR,ME,4401,423-587-0690,REGULAR,CHARTER FOODS LLC,Penobscot,0.04054054054,44.8391165,-68.7437998,"Date:2024-04-02, Score:0.04054054054, Failed:No | "
31726,"MORTON, AMY",0,0,2023-12-04,,,No,533 ROOSEVELT TRL,NAPLES,ME,4055,207-310-3147,REGULAR,"MORTON, AMY",Oxford,0,43.9677602,-70.5858005,"Date:2023-12-04, Score:0, Failed:No | "
31723,MESA GRANDE TAQUERIA,0,1,2025-05-29,2025-05-17,MUN - EATING AND CATERING,No,140 FORE ST,PORTLAND,ME,4101,276-608-3397,REGULAR,MGT PORTLAND LLC,Cumberland,0.01351351351,43.6614321,-70.2475625,"Date:2024-06-26, Score:0.01351351351, Failed:No | Date:2025-05-29, Score:0.01351351351, Failed:No | "
31719,A COFFEEHOUSE,1,0,2024-06-07,2025-04-24,EATING PLACE TIER 1,No,252 MAIN ST,WATERVILLE,ME,4901,808-557-9913,REGULAR,A COFFEEHOUSE LLC,Kennebec,0.04054054054,44.5574844,-69.6325516,"Date:2024-06-07, Score:0.04054054054, Failed:No | "
31717,58 CULINARY,0,0,2024-05-02,2024-12-06,CATERING,No,15 PLEASANT HILL RD,SCARBOROUGH,ME,4074,207-899-6770,REGULAR,58 CULINARY LLC,Cumberland,0,43.6103899,-70.31248,"Date:2024-05-02, Score:0, Failed:No | "
31716,SMOKEYS BBQ,1,7,2024-04-25,2024-12-11,EATING AND CATERING,No,500 S MAIN ST,BREWER,ME,4417,207-907-0966,REGULAR,SMOKEYS BBQ LLC,Penobscot,0.1351351351,44.7727153,-68.7798898,"Date:2024-04-25, Score:0.1351351351, Failed:No | "
31708,KENS LUNCH BOX,1,0,2024-09-23,2024-11-09,EATING PLACE - MOBILE,No,271 ELM ST,MECHANIC FALLS,ME,4256,207-754-8128,REGULAR,"SUMNER, KENNETH",Androscoggin,0.04054054054,44.0965168,-70.380661,"Date:2024-09-23, Score:0.04054054054, Failed:No | "
31705,MAINE IRISH HERITAGE CENTER,0,0,2025-02-20,2024-11-07,MUN - EATING PLACE - LIMITED MENU,No,34 GRAY ST,PORTLAND,ME,4102,203-536-6055,REGULAR,MAINE IRISH HERITAGE CENTER,Cumberland,0,43.6503672,-70.2625188,"Date:2024-02-15, Score:0, Failed:No | Date:2025-02-20, Score:0, Failed:No | "
31704,THE WELL AT JORDAN'S FARM,0,1,2025-06-11,2024-11-16,EATING AND CATERING,No,19 WELLS RD,CAPE ELIZABETH,ME,4107,207-831-9350,REGULAR,WELL LLC,Cumberland,0.01351351351,43.5947055,-70.249762,"Date:2023-08-23, Score:0.04054054054, Failed:No | Date:2025-06-11, Score:0.01351351351, Failed:No | "
31699,HELLENIC KITCHEN,0,1,2024-06-06,2024-12-14,MUN - CATERING,No,95 DARLING AVE,SOUTH PORTLAND,ME,4106,207-815-7951,REGULAR,HELLENIC KITCHEN LLC,Cumberland,0.01351351351,43.6405865,-70.3302466,"Date:2024-06-06, Score:0.01351351351, Failed:No | "
31696,SALTED BUTTER FARM,3,6,2024-08-09,2025-05-30,EATING PLACE TIER 2,No,6 GARDINER ST,SHERMAN,ME,4776,207-852-2503,REGULAR,"MACARTHUR, JENNY",Aroostook,0.2027027027,45.8727863,-68.3886383,"Date:2024-08-09, Score:0.2027027027, Failed:No | "
31694,THE HUNGRY GAINS,0,0,2024-06-06,2024-11-20,MUN - CATERING,No,95 DARLING AVE,SOUTH PORTLAND,ME,4106,863-634-0230,REGULAR,"VALCANIANT, ALICIA",Cumberland,0,43.6405865,-70.3302466,"Date:2024-06-06, Score:0, Failed:No | "
31685,THE PUBLIC THEATRE,0,1,2024-10-24,2024-11-01,MUN - EATING PLACE - LIMITED MENU,No,31 MAPLE ST,LEWISTON,ME,4240,207-782-2211,REGULAR,LA PUBLIC THEATRE,Androscoggin,0.01351351351,44.0903776,-70.2126686,"Date:2024-10-24, Score:0.01351351351, Failed:No | "
31683,BEADIES,0,3,2024-06-21,,EATING PLACE TIER 2,No,71 WATER ST,EASTPORT,ME,4631,207-214-6657,REGULAR,BEADIES LLC,Hancock,0.04054054054,44.9048934,-66.9844232,"Date:2024-06-21, Score:0.04054054054, Failed:No | "
31682,DUNKIN,0,3,2024-08-26,2024-12-20,EATING PLACE TIER 1,No,30 CENTRAL AVE,LIMERICK,ME,4048,207-229-8600,REGULAR,ORACLE MANAGEMENT XXIV INC,York,0.04054054054,43.6988987,-70.7822746,"Date:2024-08-26, Score:0.04054054054, Failed:No | "
31680,MISS HAMILLS HOSPITALITY,2,1,2025-01-24,2025-10-31,MUN - CATERING,No,179 WOODFORD ST,PORTLAND,ME,4101,703-282-0962,REGULAR,MISS HAMILLS HOSPITALITY,Cumberland,0.09459459459,43.6711991,-70.2860256,"Date:2025-01-24, Score:0.09459459459, Failed:No | "
31679,DUNKIN DONUTS,0,0,2024-07-11,2024-11-17,EATING PLACE - TAKEOUT,No,770 MAIN ST,PRESQUE ISLE,ME,4769,860-747-6782,REGULAR,DREWCO LLC,Aroostook,0,46.6963165,-68.0117157,"Date:2024-07-11, Score:0, Failed:No | "
31677,LA CASITA,0,0,2025-06-27,2025-10-16,EATING PLACE - MOBILE,No,58 A BRADSTREET LN,ELIOT,ME,3903,207-703-2653,REGULAR,LA CASITA,York,0,43.1381074,-70.7845668,"Date:2025-06-27, Score:0, Failed:No | "
31672,KATHI'S KATERING,0,0,2024-03-20,2024-10-20,CATERING,No,766 LONG PLAINS RD,BUXTON,ME,4093,207-205-2397,REGULAR,"MCKEOWN, KATHLEEN",York,0,43.6559065,-70.5545869,"Date:2024-03-20, Score:0, Failed:No | "
31670,NXGEN FITNESS CENTER,0,0,2023-12-27,2024-12-12,EATING PLACE - TAKEOUT,No,29 PLEASANT HILL RD,SCARBOROUGH,ME,4074,207-807-7295,REGULAR,P & E FITNESS INC,Cumberland,0,43.6092967,-70.3118152,"Date:2023-12-27, Score:0, Failed:No | "
31664,TURCOTTE HOLDING,0,0,2023-11-30,2024-11-01,EATING PLACE - TAKEOUT,No,547 WATERVILLE RD,NORRIDGEWOCK,ME,4957,207-713-2431,REGULAR,TURCOTTE HOLDINGS LLC,Somerset,0,44.692692,-69.7455401,"Date:2023-11-30, Score:0, Failed:No | "
31659,TURCOTTES TO GO,0,1,2025-06-21,2025-11-01,EATING PLACE - MOBILE,No,547 WATERVILLE RD,NORRIDGEWOCK,ME,4340,207-577-4968,REGULAR,TURCOTTES TO GO,Somerset,0.01351351351,44.692692,-69.7455401,"Date:2025-06-21, Score:0.01351351351, Failed:No | "
31655,BOARD,0,0,2023-12-12,2024-10-30,EATING AND CATERING,No,5 SHAPLEIGH RD,KITTERY,ME,3904,508-723-4936,REGULAR,BOARD LLC,York,0,43.0891493,-70.7370784,"Date:2023-12-12, Score:0, Failed:No | "
31652,WENDYS,1,3,2024-09-12,2025-06-14,EATING PLACE TIER 2,No,184 WEST BROADWAY,LINCOLN,ME,4457,207-517-5712,REGULAR,LEGACY CAPITAL PARTNERS,Penobscot,0.08108108108,45.3595275,-68.5214663,"Date:2024-09-12, Score:0.08108108108, Failed:No | "
31651,PAPA JOHNS PIZZA,0,2,2025-05-23,2024-10-04,MUN - EATING PLACE TAKEOUT,No,181 FOREST AVE,PORTLAND,ME,4101,908-239-7277,REGULAR,PAPA ERDR PORTLAND LLC,Cumberland,0.02702702703,43.6574913,-70.265713,"Date:2024-11-21, Score:0.1486486486, Failed:No | Date:2023-11-28, Score:0.04054054054, Failed:No | Date:2025-05-23, Score:0.02702702703, Failed:No | "
31650,HARDSHORE DISTILLING CO,1,1,2024-10-17,2024-10-06,MUN - EATING PLACE,No,53 WASHINGTON AVE,PORTLAND,ME,4102,315-750-8278,REGULAR,MILNE SPIRIT WORKS LLC,Cumberland,0.05405405405,43.6651691,-70.2519051,"Date:2023-12-13, Score:0.09459459459, Failed:No | Date:2024-10-17, Score:0.05405405405, Failed:No | "
31649,LITTLE LHASA,0,2,2025-06-25,,,No,112 MCKEEN ST,BRUNSWICK,ME,4011,207-975-6755,REGULAR,LITTLE LHASA LLC,Cumberland,0.02702702703,43.9063242,-69.9823066,"Date:2025-06-25, Score:0.02702702703, Failed:No | "
31648,ZIGGIS COFFEE,0,0,2024-03-07,2025-02-12,EATING PLACE - TAKEOUT,No,3 WATERFALL DR,SACO,ME,4072,207-232-2294,REGULAR,RHPEC 2 LLC,York,0,43.5498525,-70.3967687,"Date:2024-03-07, Score:0, Failed:No | "
31647,AROMA JOES COFFEE,1,1,2023-11-30,2024-10-02,EATING PLACE TIER 1,No,931 MAIN ST,SANFORD,ME,3820,,REGULAR,AJC NORTHEAST LLC,York,0.05405405405,43.4374835,-70.7744291,"Date:2023-11-30, Score:0.05405405405, Failed:No | "
31644,FATBOYS BACON WRAPPED STICK STAND,1,1,2023-10-02,2024-09-29,EATING PLACE - MOBILE STICK BUILT,No,24 VAN VEEN DR,LEBANON,ME,4027,207-459-6269,REGULAR,"HOLTBY, STEPHEN",York,0.05405405405,43.4140419,-70.8736351,"Date:2023-10-02, Score:0.05405405405, Failed:No | "
31643,FATBOYS CHICKEN WING,0,1,2023-10-04,2024-09-29,EATING PLACE - MOBILE,No,24 VAN VEEN DR,LEBANON,ME,4027,207-459-6269,REGULAR,"HOLTBY, STEPHEN",York,0.01351351351,43.4140419,-70.8736351,"Date:2023-10-04, Score:0.01351351351, Failed:No | "
31642,THE MAINE LOBSTERBAKE CO,0,0,2024-08-28,2024-10-04,MUN - EATING AND CATERING,No,416 COMMERCIAL ST,PORTLAND,ME,4101,207-828-6374,REGULAR,LUNA SOLE CREATIVE PARTY PLANNING,Cumberland,0,43.6498202,-70.2570054,"Date:2024-08-28, Score:0, Failed:No | "
31641,FIRE AND ICE MAINE,0,0,2024-01-12,2024-11-28,EATING PLACE TIER 1,No,856 ROOSEVELT TRL,WINDHAM,ME,4062,207-615-2040,REGULAR,207 BOUNCE LLC,Cumberland,0,43.8438975,-70.4468983,"Date:2024-01-12, Score:0, Failed:No | "
31640,FAHIE FAIR FOODS - LEMONADE OASIS,0,0,2024-10-01,2023-10-08,EATING PLACE - TEMPORARY 1-4 DAYS,No,1154 MAIN ST,FRYEBURG,ME,4037,207-653-4131,REGULAR,"FAHIE, DEVIN",Oxford,0,44.0327324,-70.9678946,"Date:2023-10-03, Score:0.1216216216, Failed:No | Date:2024-05-22, Score:0, Failed:No | Date:2024-10-01, Score:0, Failed:No | "
31636,COASTAL SUBS,0,2,2023-10-20,,EATING PLACE - TAKEOUT,No,468 US ROUTE 1,PEMBROKE,ME,4666,207-266-4651,REGULAR,"BROWN, JEREMY",Washington,0.02702702703,44.945811,-67.2019755,"Date:2023-10-20, Score:0.02702702703, Failed:No | "
31632,"FREIBERG, ALLISON",0,0,2023-10-06,,,No,20 EDWARDS AVE,BIDDEFORD,ME,4005,202-304-9414,REGULAR,"FREIBERG, ALLISON",York,0,43.4801423,-70.4814218,"Date:2023-10-06, Score:0, Failed:No | "
31630,"GOODMAN, BONNIE",0,0,2023-09-27,,,No,198 MAINE MALL RD,SOUTH PORTLAND,ME,4106,603-662-7669,REGULAR,"GOODMAN, BONNIE",Cumberland,0,43.6398345,-70.3326569,"Date:2023-09-27, Score:0, Failed:No | "
31626,BIRD & CO,1,2,2024-02-06,2024-09-25,MUN - CATERING,No,140 THADEUS ST,SOUTH PORTLAND,ME,4106,323-514-6013,REGULAR,DEERING 539 LLC,Cumberland,0.06756756757,43.6253182,-70.2879715,"Date:2024-02-06, Score:0.06756756757, Failed:No | "
31625,BOOTHBAY PLAYHOUSE EVENTS,0,1,2025-04-24,2025-10-30,EATING AND CATERING,No,275 WISCASSET RD,BOOTHBAY,ME,4537,207-228-3590,REGULAR,BOOTHBAY PLAYHOUSE EVENTS LLC,Lincoln,0.01351351351,43.9233446,-69.6170673,"Date:2025-04-24, Score:0.01351351351, Failed:No | "
31624,GOURMET PASSIONISTA,0,0,2024-06-06,2024-10-16,MUN - CATERING,No,95 DARLING AVE,SOUTH PORTLAND,ME,4106,207-321-1945,REGULAR,GOURMET PASSIONISTA LLC,Cumberland,0,43.6405865,-70.3302466,"Date:2024-06-06, Score:0, Failed:No | "
31623,MR SHISHKEBOB,0,1,2023-10-03,2023-09-24,MUN - EATING PLACE - TEMPORARY,No,364 MAINE MALL RD,SOUTH PORTLAND,ME,4106,570-234-5482,REGULAR,MARIN. BRYAN,Cumberland,0.01351351351,43.6341705,-70.3365511,"Date:2023-10-03, Score:0.01351351351, Failed:No | "
31615,HARVEST MOON DELI,1,6,2024-11-25,2025-01-12,EATING PLACE TIER 2,No,152 WESTERN AVE,AUGUSTA,ME,4330,207-735-4997,REGULAR,HARVEST MOON DELI LLC,Kennebec,0.1216216216,44.3112924,-69.7935423,"Date:2024-11-25, Score:0.1216216216, Failed:No | "
31614,HOT DOGS ON THE GO,2,0,2024-09-18,2024-11-21,EATING PLACE - MOBILE,No,11 ORCHARD ST,GARDINER,ME,4345,207-413-0602,FOLLOW_UP_FULL,"DILL, BARBARA",Kennebec,0.08108108108,44.2323511,-69.7906525,"Date:2024-09-18, Score:0.08108108108, Failed:No | Date:2024-07-31, Score:0.05405405405, Failed:No | "
31607,SUNRISE BAGEL,2,3,2024-08-13,2024-09-26,EATING PLACE - TAKEOUT,No,60 WESTERN AVE,AUGUSTA,ME,4330,207-314-2074,REGULAR,DOWNTOWN BAGEL LLC,Kennebec,0.1216216216,44.3113487,-69.7867278,"Date:2024-08-13, Score:0.1216216216, Failed:No | "
31604,BERRY KIND SMOOTHIES,0,0,2025-04-18,,EATING PLACE - TEMPORARY 5-14 DAYS,No,175 BLANCHARD RD,CUMBERLAND,ME,4021,207-550-1290,REGULAR,BERRY KIND SMOOTHIES LLC,Cumberland,0,43.8099726,-70.2852023,"Date:2023-09-25, Score:0.01351351351, Failed:No | Date:2025-04-18, Score:0, Failed:No | "
31601,CARIBBEAN COMFORT,0,1,2024-06-21,2024-09-14,EATING PLACE - MOBILE,No,79 MAIN ST,SKOWHEGAN,ME,4976,646-633-2171,REGULAR,CARIBBEAN COMFORT LLC,Somerset,0.01351351351,44.7573379,-69.7173021,"Date:2024-06-21, Score:0.01351351351, Failed:No | "
31596,YETI DOGS LLC,0,0,2024-08-27,2024-10-18,EATING PLACE - MOBILE,No,12 JORDAN RD,BUCKFIELD,ME,4220,207-346-4284,REGULAR,THOMAS BEAULIER,Androscoggin,0,44.3048199,-70.3514486,"Date:2024-08-27, Score:0, Failed:No | "
31589,LONG COVE SEA FARM,1,1,2023-09-22,2023-08-24,EATING PLACE - TEMPORARY 1-4 DAYS,No,294 CROSBY BROOK RD,UNITY,ME,4988,207-730-3370,REGULAR,LONG COVE SEA FARM LLC,Waldo,0.05405405405,44.5898513,-69.2892817,"Date:2023-09-22, Score:0.05405405405, Failed:No | "
31585,REDBANK COMMUNITY CENTER,0,2,2023-09-14,,MUN - EATING PLACE,No,95 MACARTHUR CIRCLE WEST,SOUTH PORTLAND,ME,4106,207-767-7650,REGULAR,CITY OF SOUTH PORTLAND,Cumberland,0.02702702703,43.637241,-70.3182465,"Date:2023-09-14, Score:0.02702702703, Failed:No | "
31575,HUSKY BREW,1,0,2025-03-06,2025-08-28,MUN - EATING AND CATERING,No,35 BEDFORD ST,PORTLAND,ME,4103,207-228-8358,REGULAR,SODEXO AMERICA LLC,Cumberland,0.04054054054,43.6631145,-70.2728987,"Date:2025-03-06, Score:0.04054054054, Failed:No | Date:2024-04-23, Score:0.01351351351, Failed:No | Date:2023-10-12, Score:0, Failed:No | "
31574,MAMA LICHAS MAINELY A FOOD TRUCK,0,0,2023-11-03,2024-08-31,EATING PLACE - MOBILE,No,181 MORRISON HILL RD,FARMINGTON,ME,4938,207-779-6674,REGULAR,"DALRYMPLE, ZACHARY",Franklin,0,44.658201,-70.1693559,"Date:2023-11-03, Score:0, Failed:No | "
31557,WOLFES NECK CENTER,0,2,2025-03-21,2025-08-28,COMMISSARY,No,184 BURNETT RD,FREEPORT,ME,4032,207-865-4469,REGULAR,WOLFES NECK CENTER,Cumberland,0.02702702703,43.8308062,-70.0721411,"Date:2025-03-21, Score:0.02702702703, Failed:No | "
31556,DANDELION SPRING FARM,1,6,2024-06-18,2024-11-17,EATING AND CATERING,No,961 RIDGE RD,BOWDOINHAM,ME,4008,207-380-4199,REGULAR,DANDELION SPRING FARM LLC,Sagadahoc,0.1216216216,44.0722971,-69.875672,"Date:2024-06-18, Score:0.1216216216, Failed:No | "
31554,JASONS NY STYLE PIZZA STILLWATER,3,8,2025-04-28,2024-08-13,EATING PLACE - TAKEOUT,No,340 STILLWATER AVE,BANGOR,ME,4401,207-944-6032,REGULAR,DONMAR INC,Penobscot,0.2297297297,44.8225041,-68.7606575,"Date:2025-04-28, Score:0.2297297297, Failed:No | "
31553,HONEYCONE YARMOUTH,0,0,2025-05-22,2024-08-28,EATING PLACE TIER 1,No,881 US ROUTE 1,YARMOUTH,ME,4094,207-776-8908,REGULAR,HONEYCONE YARMOUTH LLC,Cumberland,0,43.8051101,-70.1729819,"Date:2023-12-20, Score:0.05405405405, Failed:No | Date:2025-05-22, Score:0, Failed:No | "
31547,STARBUCKS COFFEE # 71113,1,2,2025-03-03,2025-06-07,EATING PLACE TIER 1,No,699 BROADWAY,BANGOR,ME,4401,603-505-5633,REGULAR,STARBUCKS CORP,Penobscot,0.06756756757,44.8245454,-68.779699,"Date:2025-03-03, Score:0.06756756757, Failed:No | "
31545,HILLBILLY POPCORN,0,0,2024-08-08,2024-09-01,EATING PLACE - MOBILE,No,520 HARTLAND RD,CANAAN,ME,4924,207-249-9267,REGULAR,"SMITH, ROGER",Somerset,0,44.7989411,-69.5447434,"Date:2023-09-26, Score:0.08108108108, Failed:No | Date:2024-08-08, Score:0, Failed:No | "
31544,MERE POINT OYSTER CO,0,0,2025-06-28,2026-04-12,EATING PLACE - MOBILE,No,1087 MERE  POINT RD,BRUNSWICK,ME,4011,207-729-3651,REGULAR,MERE POINT OYSTER CO LLC,Cumberland,0,43.833211,-70.0146454,"Date:2025-06-28, Score:0, Failed:No | "
31543,EAST COAST BBQ,1,0,2024-08-24,2024-08-25,EATING PLACE - MOBILE,No,612 RIDGE RD,ROBBINSTON,ME,4671,207-214-9257,REGULAR,EAST COAST BBQ LLC,Hancock,0.04054054054,45.0369601,-67.1653306,"Date:2024-03-15, Score:0.05405405405, Failed:No | Date:2024-08-24, Score:0.04054054054, Failed:No | "
31542,"TOFILO, SAMANTHA",1,0,2023-08-23,,,No,11 HIGH ST,ELLSWORTH,ME,4605,847-636-7405,REGULAR,TOFILO. SAMANTHA,Hancock,0.04054054054,44.542318,-68.4197186,"Date:2023-08-23, Score:0.04054054054, Failed:No | "
31541,CHURCHILL BARN,0,0,2023-09-22,2024-08-16,CATERING,No,1 CHURCHILL CT,YORK,ME,3909,617-407-6096,REGULAR,"CHURCHILL, KENNETH",York,0,43.1553158,-70.6769388,"Date:2023-09-22, Score:0, Failed:No | "
31540,BOW JANGLES BEVERAGE,2,3,2025-03-03,2025-08-17,EATING PLACE - TAKEOUT,No,2025 BRISTOL RD,PEMAQUID,ME,4558,207-380-1576,REGULAR,ASK ENT INC,Lincoln,0.1216216216,43.9084827,-69.5135602,"Date:2025-02-07, Score:0.3513513514, Failed:Yes | Date:2025-03-03, Score:0.1216216216, Failed:No | "
31539,GRIFFINS FOOD FOR THE SOUL,2,4,2023-08-18,,,No,57 BIRCH ST,BIDDEFORD,ME,4005,207-423-3470,REGULAR,"GREGOIRE, JASON",York,0.1351351351,43.489418,-70.4572111,"Date:2023-08-18, Score:0.1351351351, Failed:No | "
31533,NINJA JAPANESE EXPRESS (MOBILE),3,6,2024-09-06,2024-10-12,EATING PLACE - MOBILE,No,552 STILLWATER AVE,OLD TOWN,ME,4468,207-838-4811,REGULAR,SASAK LLC,Penobscot,0.2027027027,44.9277375,-68.6652873,"Date:2024-09-06, Score:0.2027027027, Failed:No | "
31531,NORTH SHORE BEEFIE BOYS,4,2,2025-06-20,2026-04-17,EATING PLACE - MOBILE,Yes,1 CONGRESSIONAL DR,FALMOUTH,ME,4105,781-706-7675,REGULAR,NORTH SHORE BEEFIE BOYS,Cumberland,0.1891891892,43.7694279,-70.2746485,"Date:2025-06-20, Score:0.1891891892, Failed:Yes | "
31527,BOURBON STREET,0,0,2023-10-27,2024-08-25,EATING PLACE - MOBILE,No,15 WINTER ST,CALAIS,ME,4619,207-214-0044,REGULAR,BOURBON STREET LLC,Hancock,0,45.1860785,-67.2750253,"Date:2023-10-27, Score:0, Failed:No | "
31524,JUJIS,0,1,2023-11-22,2024-10-30,EATING AND CATERING,No,95 MAIN ST,DENNYSVILLE,ME,4628,202-279-2076,REGULAR,JUJIS LLC,Hancock,0.01351351351,44.9028934,-67.228285,"Date:2023-11-22, Score:0.01351351351, Failed:No | "
31522,DIRIGO NUTRITION,2,2,2024-06-26,2024-09-20,EATING PLACE - TAKEOUT,No,60 B MAIN RD NORTH,HAMPDEN,ME,4444,207-478-6001,REGULAR,PINE STATE NUTRITION COMPANY,Penobscot,0.1081081081,44.762616,-68.8070063,"Date:2024-06-26, Score:0.1081081081, Failed:No | "
31521,MATCHA MOOD,1,1,2024-10-03,2025-09-14,MUN - EATING PLACE,No,645 CONGRESS ST,PORTLAND,ME,4101,646-639-4265,REGULAR,TIPAROS 88 LLC,Cumberland,0.05405405405,43.653479,-70.2653219,"Date:2024-10-03, Score:0.05405405405, Failed:No | Date:2023-10-03, Score:0.02702702703, Failed:No | "
31520,PUFFIN PINES,1,1,2023-12-07,2024-02-10,EATING PLACE TIER 1,No,240 US ROUTE 1,WHITING,ME,4691,207-733-9782,REGULAR,CL & JAB LLC,Hancock,0.05405405405,44.7881816,-67.1824975,"Date:2023-12-07, Score:0.05405405405, Failed:No | "
31513,CHEZ MERE JOS AFRICAN RESTAURANT,0,0,2023-11-28,2024-08-18,MUN - CATERING,No,134 PARK ST,PORTLAND,ME,4101,207-352-8797,REGULAR,CHEZ MERE JOS AFRICAN RESTUARANT LLC,Cumberland,0,43.6523648,-70.2643002,"Date:2023-11-28, Score:0, Failed:No | "
31512,SOUTH PORTLAND MIDDLE SCHOOL,2,2,2025-01-28,2024-09-27,MUN - EATING - SCHOOL,No,130 WESCOTT RD,SOUTH PORTLAND,ME,4106,207-871-0555,REGULAR,SOUTH PORTLAND PUBLIC SCHOOL,Cumberland,0.1081081081,43.6262661,-70.3040069,"Date:2024-01-17, Score:0.1351351351, Failed:No | Date:2025-01-28, Score:0.1081081081, Failed:No | "
31511,GREENLADLE CAFE,0,4,2024-04-30,2024-08-29,EATING AND CATERING,No,77 HARRIS ST,AUBURN,ME,4210,207-777-3199,REGULAR,"SCHERRER, TONY",Androscoggin,0.05405405405,44.0940945,-70.2347372,"Date:2024-04-30, Score:0.05405405405, Failed:No | "
31508,POLAR PUG ICE CREAM,1,0,2023-11-17,,,No,201 MAIN ST,EAST WATERBORO,ME,4030,207-730-0962,REGULAR,POLAR PUG ICE CREAM LLC,York,0.04054054054,43.5708012,-70.6626082,"Date:2023-11-17, Score:0.04054054054, Failed:No | "
31504,HAPPY VALLEY BEER AND WINE GARDEN,0,0,2024-08-19,2025-09-07,EATING PLACE TIER 2,No,406 MAIN ST,SOUTH BERWICK,ME,3908,207-420-8707,REGULAR,HAPPY VALLEY LLC,York,0,43.2366838,-70.8136318,"Date:2024-08-19, Score:0, Failed:No | "
31502,LILJENS KEY NUTRITION,0,1,2024-07-03,2024-09-22,EATING PLACE - TAKEOUT,No,325 MAIN ST,MADAWASKA,ME,4756,207-436-9164,REGULAR,LILJENS KEY NUTRITION,Aroostook,0.01351351351,47.3556742,-68.3265894,"Date:2024-07-03, Score:0.01351351351, Failed:No | "
31499,AROMA JOES TURNER,0,1,2024-09-19,2025-08-01,EATING PLACE - TAKEOUT,No,60 AUBURN RD,TURNER,ME,4282,207-224-0211,REGULAR,LEVEX INC,Androscoggin,0.01351351351,44.1882917,-70.2376268,"Date:2024-09-19, Score:0.01351351351, Failed:No | "
31498,CHOCOLATE FREAKING BACON,0,2,2023-08-02,2023-08-06,EATING PLACE - TEMPORARY 5-14 DAYS,No,1 PARK DR,ROCKLAND,ME,4841,810-206-9375,REGULAR,CHOCOLATE FREAKING BACON,Lincoln,0.02702702703,44.1020467,-69.1078991,"Date:2023-08-02, Score:0.02702702703, Failed:No | "
31495,HAMSA COOKING INC AT CAMP KINGSWOOD,3,3,2023-07-31,,EATING AND CATERING,No,104 WILDWOOD RD,BRIDGTON,ME,4009,954-547-3507,REGULAR,HAMSA COOKING INC,Cumberland,0.1621621622,44.027979,-70.7232649,"Date:2023-07-31, Score:0.1621621622, Failed:No | "
31490,THE PEJEPSCOT,1,0,2024-09-11,2024-08-08,EATING PLACE - MOBILE,No,600 LEWISTON RD,TOPSHAM,ME,4086,207-504-6378,REGULAR,THE PEJEPSCOT,Sagadahoc,0.04054054054,43.9609629,-70.0116507,"Date:2024-09-11, Score:0.04054054054, Failed:No | "
31489,SMOKE SHACK SOUTHERN BARBECUE,0,2,2023-09-15,2024-07-28,EATING AND CATERING,No,1 CHURCHILL CT,YORK,ME,3909,603-55-2630,REGULAR,SMOKE SHACK SOUTHERN BARBECUE LLC,York,0.02702702703,43.1553158,-70.6769388,"Date:2023-09-15, Score:0.02702702703, Failed:No | "
31485,HALO SIPS,0,0,2025-06-11,2026-03-01,EATING PLACE - MOBILE STICK BUILT,No,65 SIMARD AVE,LEWISTON,ME,4240,207-713-6999,REGULAR,"BURLEIGH, TRAVIS",Androscoggin,0,44.0830679,-70.1933007,"Date:2025-06-11, Score:0, Failed:No | "
31478,MOONGLOW MUNCHIES,0,2,2025-05-15,2025-09-08,EATING PLACE - MOBILE,No,271 MOUNTAIN RD,ALFRED,ME,4002,207-206-6086,REGULAR,MOONGLOW MUNCHIES LLC,York,0.02702702703,43.4812028,-70.7659434,"Date:2025-05-15, Score:0.02702702703, Failed:No | "
31463,BOWLICIOUS,0,2,2024-08-27,,EATING PLACE - MOBILE,No,567 MEADOW RD,TOPSHAM,ME,4086,207-458-1404,REGULAR,"LLC, BOWLICIOUS",Valdez Cordova,0.02702702703,43.9889343,-69.982527,"Date:2023-09-25, Score:0.05405405405, Failed:No | Date:2024-08-27, Score:0.02702702703, Failed:No | "
31461,LITTLE IPOH,0,0,2025-07-08,2026-03-08,EATING PLACE - MOBILE,No,194 BIRCH HILL RD,YORK,ME,3909,347-280-4270,REGULAR,LITTLE IPOH LLC,York,0,43.1550924,-70.7344934,"Date:2025-07-08, Score:0, Failed:No | "
31459,THE LUNCH PAIL,0,0,2023-08-02,,EATING PLACE - MOBILE,No,427 MAIN RD,ISLE AU HAUT,ME,4645,207-266-7108,REGULAR,"HILTZ, ABIGAIL SCHRADER",Knox,0,44.0760163,-68.6316918,"Date:2023-08-02, Score:0, Failed:No | "
31458,WEENERS ON WHEELS,0,1,2023-08-24,2024-07-25,EATING PLACE - MOBILE,No,58 HUBBARD RD,BERWICK,ME,3901,207-337-8513,REGULAR,WEENERS ON WHEELS LLC,York,0.01351351351,43.2853563,-70.8838538,"Date:2023-08-24, Score:0.01351351351, Failed:No | "
31456,NIGHT MARES,0,0,2024-12-04,2024-07-24,MUN - EATING PLACE,No,44 ROMASCO LN,PORTLAND,ME,4101,914-912-2149,REGULAR,NIGHT MARES LLC,Cumberland,0,43.6656302,-70.2511788,"Date:2023-11-09, Score:0, Failed:No | Date:2024-12-04, Score:0, Failed:No | "
31454,SUBWAY,0,3,2023-09-29,2024-08-01,EATING PLACE TIER 1,No,80 SPRING ST,DEXTER,ME,4930,207-924-7202,REGULAR,HIGHLANDER INSPIRED SUBS,Penobscot,0.04054054054,45.0196045,-69.2899223,"Date:2023-09-29, Score:0.04054054054, Failed:No | "
31452,PERKINS COVE KITCHEN,0,0,2025-02-12,2025-01-25,EATING AND CATERING,No,312 SHORE RD,OGUNQUIT,ME,3907,207-466-2683,REGULAR,PERKINSCOVE KITCHEN LLC,York,0,43.2392803,-70.5951724,"Date:2025-02-12, Score:0, Failed:No | Date:2023-10-25, Score:0.1486486486, Failed:No | Date:2023-07-26, Score:0.02702702703, Failed:No | Date:2024-01-25, Score:0.01351351351, Failed:No | "
31449,MCGOLDRICK CENTER,3,4,2025-03-06,2025-07-17,MUN - EATING AND CATERING,No,35 BEDFORD ST,PORTLAND,ME,4101,207-780-5762,REGULAR,SODEXO AMERICA LLC,Cumberland,0.1756756757,43.6631145,-70.2728987,"Date:2025-03-06, Score:0.1756756757, Failed:No | Date:2023-10-12, Score:0.1351351351, Failed:No | Date:2024-04-23, Score:0.1081081081, Failed:No | "
31448,BUFFALO HILL,1,1,2025-06-12,2025-07-19,EATING PLACE - MOBILE,No,200 BUTTERS HILL RD,STONEHAM,ME,42311,207-312-8641,REGULAR,"HILL, CLIFFORD",Oxford,0.05405405405,44.2480889,-70.8318543,"Date:2025-06-12, Score:0.05405405405, Failed:No | "
31444,"SANDLIN, AIDIA",0,0,2023-07-20,,,No,615 CONGRESS ST,PORTLAND,ME,4101,603-866-2549,REGULAR,"SANDLIN, AIDIA",Cumberland,0,43.6538901,-70.2639726,"Date:2023-07-20, Score:0, Failed:No | "
31437,PORTABLE PIE PLACE,0,0,2024-08-30,2025-08-10,EATING PLACE - MOBILE,No,331 E MAIN ST,SEARSPORT,ME,4974,661-406-5389,REGULAR,PORTABLE PIE PLACE LLC,Hancock,0,44.4741608,-68.886047,"Date:2024-08-30, Score:0, Failed:No | "
31436,ON THE HORIZON BAKERY,2,1,2024-08-30,2025-07-13,EATING PLACE - MOBILE,No,345 GARY MOORE RD,ELLSWORTH,ME,4605,207-460-6223,REGULAR,"CARTER, HAILEE",Hancock,0.09459459459,44.6529751,-68.4326873,"Date:2024-08-30, Score:0.09459459459, Failed:No | Date:2023-08-31, Score:0.01351351351, Failed:No | "
31433,EL SALERITO,2,4,2025-07-15,2025-08-23,EATING PLACE - MOBILE,No,581 CONGRESS ST,PORTLAND,ME,4101,207-899-6183,REGULAR,LA SAL DE LA TIERRA LLC,Cumberland,0.1351351351,43.6546202,-70.2626796,"Date:2025-07-15, Score:0.1351351351, Failed:No | Date:2023-11-16, Score:0.05405405405, Failed:No | Date:2024-07-04, Score:0.04054054054, Failed:No | "
31430,CAFE LUNA,0,5,2024-01-25,2024-12-14,EATING PLACE TIER 2,No,370 US ROUTE 1,SCARBOROUGH,ME,4074,207-408-1522,REGULAR,JKJ LLC,Cumberland,0.06756756757,43.5555407,-70.4036774,"Date:2024-01-25, Score:0.06756756757, Failed:No | "
31428,FAMILY CAFE,0,2,2023-07-26,2024-07-18,EATING AND CATERING,No,175 FAIRGROUNDS LN,UNION,ME,4862,207-505-6065,REGULAR,"BOTLEY, JEAN",Knox,0.02702702703,44.2142544,-69.2844124,"Date:2023-07-26, Score:0.02702702703, Failed:No | Date:2023-07-18, Score:0, Failed:No | "
31424,"SCHAUMBURG, MIA",0,0,2023-07-14,,,No,15 YORK ST,BIDDEFORD,ME,4005,908-268-9717,REGULAR,"SCHAUMBURG, MIA",York,0,43.4934951,-70.4542071,"Date:2023-07-14, Score:0, Failed:No | "
31421,"FATES, COREY PIKE",0,0,2023-07-19,,,No,545 WESTBROOK ST,SOUTH PORTLAND,ME,4106,207-251-5382,REGULAR,"FATES, COREY PIKE",Cumberland,0,43.6358499,-70.3143358,"Date:2023-07-19, Score:0, Failed:No | "
31418,KING DONAIR,0,0,2024-07-04,2024-08-10,EATING PLACE - MOBILE,No,95 DARLING AVE,SOUTH PORTLAND,ME,4106,207-317-6188,REGULAR,KING OF DONAIR LLC,Cumberland,0,43.6405865,-70.3302466,"Date:2023-09-26, Score:0, Failed:No | Date:2024-07-04, Score:0, Failed:No | "
31409,EMPANADA CLUB,1,1,2025-06-28,2024-07-20,EATING PLACE - MOBILE,No,95 DARLING AVE,SOUTH PORTLAND,ME,4096,603-577-0617,REGULAR,"GARCIA, ANDRIAN",Cumberland,0.05405405405,43.6405865,-70.3302466,"Date:2023-09-22, Score:0.05405405405, Failed:No | Date:2025-06-28, Score:0.05405405405, Failed:No | Date:2024-06-29, Score:0.04054054054, Failed:No | "
31406,SMOKING GUNS BBQ,1,0,2023-08-04,2024-07-24,EATING PLACE - MOBILE,No,291 S HIRAM RD,HIRAM,ME,4041,603-915-0207,REGULAR,SMOKING GUNS BBQ AND CATERING LLC,Oxford,0.04054054054,43.8094014,-70.8532262,"Date:2023-08-04, Score:0.04054054054, Failed:No | Date:2023-07-07, Score:0.04054054054, Failed:No | "
31404,SHANTYTOWN RUM TASTING ROOM,2,1,2024-10-04,2023-10-16,EATING PLACE - LIMITED MENU,No,509 US ROUTE 1,PEMBROKE,ME,4666,310-922-7534,REGULAR,DOORYARD SHINE LLC,Washington,0.09459459459,44.945811,-67.2019755,"Date:2023-10-27, Score:0.09459459459, Failed:No | Date:2024-10-04, Score:0.09459459459, Failed:No | "
31403,TIDE 2 TABLE,1,0,2024-08-06,2024-07-07,EATING PLACE - MOBILE,No,501 LISBON ST,LISBON FALLS,ME,4252,207-857-9677,REGULAR,"LLC, TIDE 2 TABLE",Androscoggin,0.04054054054,43.9934029,-70.0527324,"Date:2023-09-25, Score:0.08108108108, Failed:No | Date:2024-08-06, Score:0.04054054054, Failed:No | "
31402,STARLIGHT LODGE AT ROCKPORT HARBOR,0,2,2024-09-18,2025-07-10,EATING PLACE - MOBILE,No,360 COMMERCIAL ST,ROCKPORT,ME,4856,207-236-3276,REGULAR,STARLIGHT LODGE ROCKPORT LLC,Knox,0.02702702703,44.1769845,-69.0796831,"Date:2024-09-18, Score:0.02702702703, Failed:No | "
31401,12 INCH PIZZA,0,2,2023-07-15,2024-07-12,EATING PLACE - MOBILE,No,15 SEA ST,CASTINE,ME,4421,914-52-3930,REGULAR,15 SEA LLC,Hancock,0.02702702703,44.388123,-68.795755,"Date:2023-07-15, Score:0.02702702703, Failed:No | "
31395,VERA IDYLIC PIZZA,1,1,2025-06-12,2025-07-07,EATING PLACE - MOBILE,No,612 WISCASSET RD,BOOTHBAY,ME,4537,207-350-9960,REGULAR,"L HEUREUX JR, NORMAND",Lincoln,0.05405405405,43.901752,-69.6240479,"Date:2025-06-12, Score:0.05405405405, Failed:No | "
31391,STARBUCKS COFFEE #68630,0,1,2024-03-28,2025-03-15,EATING PLACE TIER 1,No,451 PAYNE RD,SCARBOROUGH,ME,4074,603-505-5633,REGULAR,STARBUCKS CORP,Cumberland,0.01351351351,43.6222008,-70.3478972,"Date:2024-03-28, Score:0.01351351351, Failed:No | "
31390,DELICIOUS THYMES,0,0,2023-07-07,,,No,2 CHURCH ST,GORHAM,ME,4002,207-205-751,REGULAR,	DELICIOUS THYMES CATERING AND PERSONAL CHEF SERVI,Cumberland,0,43.6810783,-70.4432849,"Date:2023-07-07, Score:0, Failed:No | "
31388,MOES ITALIAN SANDWICHES,0,0,2023-08-24,2024-06-30,EATING PLACE - MOBILE,No,1900 MAIN ST,SANFORD,ME,4073,207-629-8548,REGULAR,STAYA FLOAT,York,0,43.4020422,-70.7025345,"Date:2023-08-24, Score:0, Failed:No | "
31383,CHURCH OF PIZZA,1,1,2024-06-05,2024-09-11,EATING PLACE - TAKEOUT,No,20 MAPLE ST,MECHANIC FALLS,ME,4256,207-713-8856,REGULAR,"NOEL, MELISSA",Androscoggin,0.05405405405,44.1103111,-70.3927908,"Date:2024-06-05, Score:0.05405405405, Failed:No | "
31382,TRIPPS FARMHOUSE CAFE,0,0,2025-06-30,2026-06-30,EATING PLACE - MOBILE,No,522 ROOSEVELT TRL,NAPLES,ME,4055,207-357-5532,REGULAR,TRIPPS FARM HOUSE CAFE LLC,Cumberland,0,43.9674167,-70.5875982,"Date:2025-06-30, Score:0, Failed:No | "
31381,TIMBERWOLVES RESTAURANT,1,3,2025-07-17,2024-08-16,EATING PLACE - MOBILE,No,45 MAIN ST,MARS HILL,ME,4758,207-551-7297,REGULAR,TIMBERWOLVES INC,Aroostook,0.08108108108,46.5143038,-67.8667541,"Date:2024-08-01, Score:0.09459459459, Failed:No | Date:2025-07-17, Score:0.08108108108, Failed:No | Date:2023-10-04, Score:0.05405405405, Failed:No | Date:2024-09-30, Score:0.01351351351, Failed:No | "
31380,MID COAST HUNGER PREVENTION PROGRAM,1,1,2025-03-20,2025-07-06,COMMISSARY,No,179 NEPTUNE DR,BRUNSWICK,ME,4011,207-725-2716,REGULAR,MID COAST HUNGER PREVENTION PROGR,Cumberland,0.05405405405,43.8920732,-69.9226154,"Date:2025-03-20, Score:0.05405405405, Failed:No | "
31379,SPINNEY CREEK SHELLFISH,0,1,2023-06-24,2023-06-25,EATING PLACE - TEMPORARY 1-4 DAYS,No,95 MAIN ST,FREEPORT,ME,4032,207-439-7950,REGULAR,SPINNEY CREEK SHELLFISH INC,Cumberland,0.01351351351,43.8579275,-70.1032664,"Date:2023-06-24, Score:0.01351351351, Failed:No | "
31378,MEET ON THE STREET FOOD TRUCK,0,0,2025-05-04,,EATING PLACE - MOBILE,No,THOMAS POINT,BRUNSWICK,ME,4011,847-361-2808,REGULAR,TIDEWALKER VENTURES LLC,Cumberland,0,43.8980015,-69.8932407,"Date:2023-07-13, Score:0, Failed:No | Date:2024-05-17, Score:0.1486486486, Failed:No | Date:2025-05-04, Score:0, Failed:No | "
31369,"MARINIC, SANELA",0,0,2023-06-30,,,No,352 WARREN AVE,PORTLAND,ME,4103,207-766-6450,REGULAR,"MARINIC, SANELA",Cumberland,0,43.687046,-70.312401,"Date:2023-06-30, Score:0, Failed:No | "
31351,THE ROLLIN ROOSTER,1,0,2024-08-01,2025-06-26,EATING PLACE - MOBILE,No,1100 POST RD,WELLS,ME,4090,802-683-4124,REGULAR,"LLC, THE ROLLIN ROOSTER",York,0.04054054054,43.308397,-70.584806,"Date:2024-08-01, Score:0.04054054054, Failed:No | "
31344,THE FOOD DUDES,0,1,2023-07-14,2024-06-13,EATING PLACE - MOBILE,No,113 WRIGHT ST,VAN BUREN,ME,4785,207-602-0155,REGULAR,"PARENT, DEVIN & HEATHER & CARON, LANCE",Aroostook,0.01351351351,47.1756404,-67.9493804,"Date:2023-07-14, Score:0.01351351351, Failed:No | "
31343,REGGAE EATS,2,2,2024-08-27,2025-07-05,EATING PLACE - MOBILE,No,33 HANNA LN,BRISTOL,ME,4539,207-449-2216,REGULAR,REGGAE EATS LLC,Lincoln,0.1081081081,43.963172,-69.5142993,"Date:2024-08-27, Score:0.1081081081, Failed:No | "
31341,HONEY BOBA,2,0,2023-08-14,,,No,974 MAIN ST,WESTBROOK,ME,4092,978-328-4453,REGULAR,"NEANG, TINANA S",Cumberland,0.08108108108,43.6771824,-70.3711068,"Date:2023-08-14, Score:0.08108108108, Failed:No | "
31340,IRONCLAD EATS,0,0,2024-06-18,2024-07-20,MUN - EATING PLACE - MOBILE,No,95 DARLING AVE,SOUTH PORTLAND,ME,4106,207-200-7265,REGULAR,IRONCLAD EATS LLC,Cumberland,0,43.6405865,-70.3302466,"Date:2024-06-18, Score:0, Failed:No | "
31339,EAST COAST BBQ,0,0,2023-06-23,,EATING PLACE - TEMPORARY 5-14 DAYS,No,,EASTPORT,ME,4671,207-214-9257,REGULAR,"CALDELMO, GREGORY",Hancock,0,44.9296093,-67.0262162,"Date:2023-06-23, Score:0, Failed:No | "
31338,TWIRL,0,0,2023-11-09,2024-07-06,MUN - EATING PLACE,No,28 MONUMENT SQ,PORTLAND,ME,4101,207-730-2402,REGULAR,TWIST LLC,Cumberland,0,43.6569245,-70.2590745,"Date:2023-11-09, Score:0, Failed:No | "
31337,BALLAST BY PORTLAND SCHOONER,0,0,2024-10-21,2024-06-15,MUN - EATING AND CATERING,No,345 FORE ST,PORTLAND,ME,4101,207-766-2500,REGULAR,PORTLAND SCHOONER COMPANY,Cumberland,0,43.6570495,-70.2522016,"Date:2023-10-12, Score:0.05405405405, Failed:No | Date:2023-06-14, Score:0, Failed:No | Date:2024-10-21, Score:0, Failed:No | "
31330,NOR' EASTER OYSTER CO (CATERING),0,0,2025-04-15,2025-09-29,CATERING,No,179 NEPTUNE DR,BRUNSWICK,ME,4011,248-761-8791,REGULAR,NOR EASTER OYSTER CO,Cumberland,0,43.8920732,-69.9226154,"Date:2025-04-15, Score:0, Failed:No | "
31325,GISELAINE'S SPA,1,0,2024-06-10,2025-06-09,EATING PLACE TIER 2,No,25 WHITE BIRCH LN,BOOTHBAY,ME,4537,207-633-3673,REGULAR,PGC2 LLC,Lincoln,0.04054054054,43.8740389,-69.6313347,"Date:2024-06-10, Score:0.04054054054, Failed:No | "
31317,CARMINE RED SNAPPERS,0,1,2024-07-26,2025-06-05,EATING PLACE - MOBILE,No,601 WESTERN AVE,MANCHESTER,ME,4351,207-931-7378,REGULAR,SCALIA INVESTMENT,Kennebec,0.01351351351,44.3245713,-69.8612332,"Date:2024-07-26, Score:0.01351351351, Failed:No | "
31316,BONISSONI CATERING,0,0,2023-07-13,,CATERING,No,82 SHORE RD,OGUNQUIT,ME,3907,207-3600380,REGULAR,BONISSONY BRAZILIAN STEAK HOUSE LLC,York,0,43.2467436,-70.5976677,"Date:2023-06-05, Score:0, Failed:No | Date:2023-07-13, Score:0, Failed:No | "
31315,THE TIPSY CHARIOT,0,0,2023-06-09,,CATERING,No,743 PORTLAND RD,SACO,ME,4072,207-835-9373,REGULAR,THE TIPSY CHARIOT LLC,York,0,43.5236399,-70.4274584,"Date:2023-06-09, Score:0, Failed:No | "
31313,LOADED TOTZ NUFFSIAD,1,1,2024-10-01,1999-12-30,,No,ROUTE 1,KITTERY,ME,3904,802-738-2315,REGULAR,LOADED TOTZ NUFFSAID,Oxford,0.05405405405,43.1061837,-70.7489803,"Date:2024-10-01, Score:0.05405405405, Failed:No | "
31312,THE WALDOBORO INN,1,1,2023-07-19,2024-06-09,BED AND BREAKFAST 5 ROOMS OR LESS,No,926 MAIN ST,WALDOBORO,ME,4572,503-754-1892,REGULAR,926 MAIN ST LLC,Lincoln,0.05405405405,44.0961121,-69.3748764,"Date:2023-07-19, Score:0.05405405405, Failed:No | Date:2023-07-19, Score:0.02702702703, Failed:No | "
31309,LARK COFFEE,0,0,2024-05-29,2024-01-26,EATING PLACE - MOBILE,No,64 HIGH ST,KENNEBUNK,ME,4043,603-455-0601,REGULAR,LARK COFFEE LLC,York,0,43.3832407,-70.55491,"Date:2024-05-29, Score:0, Failed:No | "
31305,APHRODITE OYSTERS,1,0,2025-06-28,2025-06-29,EATING PLACE - TEMPORARY 1-4 DAYS,No,115 MAIN ST,FREEPORT,ME,4033,207-542-0121,REGULAR,APHRODITE OYSTERS LLC.,Cumberland,0.04054054054,43.8582467,-70.1027771,"Date:2025-06-28, Score:0.04054054054, Failed:No | Date:2023-06-24, Score:0.01351351351, Failed:No | "
31304,THE BLACK SHEEP,0,1,2023-09-01,2024-06-08,EATING PLACE - MOBILE,No,92 DOWNEAST HWY,ELLSWORTH,ME,4605,207-479-3923,REGULAR,BLACK SHEEP LLC,Hancock,0.01351351351,44.5302591,-68.3979016,"Date:2023-09-01, Score:0.01351351351, Failed:No | "
31298,BEACONLIGHT GUEST HOUSE,0,0,2025-04-15,2025-06-05,BED AND BREAKFAST 5 ROOMS OR LESS,No,298 SHORE RD,OGUNQUIT,ME,3907,617-875-7373,REGULAR,298 SHORE ROAD LLC,York,0,43.23957,-70.5957177,"Date:2025-04-15, Score:0, Failed:No | Date:2023-06-01, Score:0, Failed:No | Date:2023-06-01, Score:0, Failed:No | Date:2023-06-20, Score:0, Failed:No | "
31297,1A RELICS,0,0,2024-09-27,2024-11-27,EATING PLACE - TAKEOUT,No,444 BANGOR RD,ELLSWORTH,ME,4605,207-412-0822,REGULAR,1A RELICS LLC,Hancock,0,44.5775614,-68.4751695,"Date:2024-09-27, Score:0, Failed:No | "
31296,TRAIL HEADZ GRILL,0,0,2023-10-05,2024-09-28,EATING PLACE - MOBILE,No,46 NORTH MAIN ST,SOLON,ME,4979,207-399-3253,REGULAR,MOBILE FOOD CONCESSIONS LLC,Somerset,0,44.9529488,-69.861329,"Date:2023-10-05, Score:0, Failed:No | "
31290,SPRUCE CREEK PIZZA,1,3,2023-08-07,2024-06-20,EATING PLACE TIER 1,No,290 US ROUTE 1,KITTERY,ME,3904,203-434-7205,REGULAR,SPRUCE CREEK PIZZA LLC,York,0.08108108108,43.1207451,-70.720624,"Date:2023-08-07, Score:0.08108108108, Failed:No | "
31289,BARRY LARRYS,0,0,2025-05-14,2024-05-31,EATING PLACE - MOBILE,No,30 LYDIA LN,SOUTH PORTLAND,ME,4106,207-400-4108,REGULAR,BARRY LARRYS LLC,Cumberland,0,43.6376893,-70.3062142,"Date:2023-05-31, Score:0, Failed:No | Date:2025-05-14, Score:0, Failed:No | "
31288,MAINE ENTREE,0,0,2023-08-11,2024-06-08,EATING PLACE - MOBILE,No,1701 HAMMOND ST,BANGOR,ME,4404,207-735-8623,REGULAR,MAINE ENTREE,Penobscot,0,44.7943193,-68.8482688,"Date:2023-08-11, Score:0, Failed:No | "
31284,DEB'S ON WHEELS,1,2,2023-08-10,2024-06-05,EATING PLACE - MOBILE,No,268 ODLIN RD,BANGOR,ME,4401,207-291-6408,REGULAR,"RYAN, DEBRA",Penobscot,0.06756756757,44.790737,-68.8094604,"Date:2023-08-10, Score:0.06756756757, Failed:No | "
31282,PORKS BBQ PIT LLC,1,1,2024-07-31,2025-06-21,EATING PLACE - MOBILE,No,283 VILLAGE RD,SMITHFIELD,ME,4978,207-399-9357,REGULAR,PORK'S BBQ PIT LLC,Somerset,0.05405405405,44.6309571,-69.8271149,"Date:2024-07-31, Score:0.05405405405, Failed:No | Date:2023-08-02, Score:0.01351351351, Failed:No | "
31269,HORIZON CENTER DINING,0,0,2024-01-11,2024-09-26,EATING PLACE TIER 3,No,240 INNOVATION WAY,SCARBOROUGH,ME,4074,207-632-2249,REGULAR,IDEXX LABORATORIES INC,Cumberland,0,43.6092618,-70.3486795,"Date:2024-01-11, Score:0, Failed:No | "
31264,FIKA MAINE,0,2,2023-08-16,2024-06-22,EATING PLACE - TAKEOUT,No,17 STORER ST,SACO,ME,4072,207-299-0292,REGULAR,FIKA MAINE LLC,York,0.02702702703,43.4978533,-70.446789,"Date:2023-08-16, Score:0.02702702703, Failed:No | "
31254,"MCDONALD, PAM",0,0,2023-06-23,2024-06-02,EATING PLACE - MOBILE STICK BUILT,No,42 ABIJAH HILL RD,STARKS,ME,4911,352-895-9311,REGULAR,"MCDONALD, PAM",Somerset,0,44.721818,-69.9726266,"Date:2023-06-23, Score:0, Failed:No | "
31253,HART FARM,0,2,2024-02-16,2024-06-09,CATERING,No,430 COPELAND HILL RD,HOLDEN,ME,4429,503-891-6424,REGULAR,WHYNOT FARM LLC,Penobscot,0.02702702703,44.737974,-68.7173776,"Date:2024-02-16, Score:0.02702702703, Failed:No | "
31252,WANDER AT LONGWOODS,1,1,2025-05-30,2024-07-14,EATING AND CATERING,No,36 WANDER WAY,CUMBERLAND,ME,4021,207-899-7373,REGULAR,WANDER GROUP LLC,Cumberland,0.05405405405,43.8421358,-70.2637436,"Date:2023-12-06, Score:0.06756756757, Failed:No | Date:2025-05-30, Score:0.05405405405, Failed:No | "
31243,EDWARD LITTLE HIGH SCHOOL,0,1,2024-10-10,2024-09-27,EATING - SCHOOL CATERING,No,77 HARRIS ST,AUBURN,ME,4210,207-333-6658,REGULAR,AUBURN SCHOOL DEPARTMENT,Androscoggin,0.01351351351,44.0940945,-70.2347372,"Date:2023-12-14, Score:0.01351351351, Failed:No | Date:2024-10-10, Score:0.01351351351, Failed:No | "
31240,FRESH EATZ,0,0,2024-04-12,2024-06-15,EATING PLACE - MOBILE,No,74 KEEP RD,JAY,ME,4239,207-418-0139,REGULAR,FRESH EATZ LLC,Franklin,0,44.5563734,-70.2451524,"Date:2023-07-10, Score:0, Failed:No | Date:2024-04-12, Score:0, Failed:No | "
31236,MILK & HONEY CAFE,0,0,2023-11-28,2024-06-09,EATING PLACE TIER 1,No,765 ROOSEVELT TRL,WINDHAM,ME,4062,614-733-8431,REGULAR,THE REFUGE CHURCH,Cumberland,0,43.8366898,-70.4395326,"Date:2023-11-28, Score:0, Failed:No | "
31235,CATHYS LOBSTER BAKE,0,0,2024-04-24,2024-06-20,CATERING,No,15 LEWISTON RD,GRAY,ME,4039,207-657-3060,REGULAR,"BLANCHARD, CATHY",Cumberland,0,43.8915512,-70.328136,"Date:2024-04-24, Score:0, Failed:No | "
31233,FAIR GROUNDS COFFEE,1,1,2024-08-23,2025-09-11,EATING PLACE TIER 1,No,627 MAIN ST,FRYEBURG,ME,4037,603-662-7744,REGULAR,TEN FIVE LLC,Oxford,0.05405405405,44.0168536,-70.9801793,"Date:2024-08-23, Score:0.05405405405, Failed:No | "
31226,AND N BED & BREAKFAST,0,0,2024-01-22,2024-07-14,BED AND BREAKFAST 5 ROOMS OR LESS,No,14 YARMOUTH RD,GRAY,ME,4039,207-894-4819,REGULAR,GOETZ LLC,Cumberland,0,43.8852582,-70.3284411,"Date:2024-01-22, Score:0, Failed:No | "
31225,JOES FLAT IRON CAFE,0,2,2023-10-13,,EATING PLACE TIER 1,No,65 WATER ST,SKOWHEGAN,ME,4976,207-416-2564,REGULAR,"ALMAND, JOSEPH",Kennebec,0.02702702703,44.7651254,-69.7185765,"Date:2023-10-13, Score:0.02702702703, Failed:No | "
31223,HAWAIIAN JIMS SHAVE ICE AND COMPANY,0,0,2024-12-20,2025-05-24,EATING PLACE - MOBILE,No,20 Sheru Lane,York,ME,3904,207-459-8811,NEWOWNER,Laurie and Brian Westover,York,0,43.142012,-70.6330324,"Date:2024-12-20, Score:0, Failed:No | "
31222,AROMA JOES,1,0,2025-03-31,2025-06-04,EATING AND CATERING,No,3 BANGOR ST,AUGUSTA,ME,4330,207-831-6038,REGULAR,FUEL ME UP LLC,Kennebec,0.04054054054,44.3217691,-69.7649284,"Date:2025-03-31, Score:0.04054054054, Failed:No | Date:2023-08-24, Score:0.04054054054, Failed:No | Date:2023-11-07, Score:0, Failed:No | "
31220,WATERFORD INNE,0,0,2024-09-12,2025-06-26,EATING PLACE TIER 1,No,258 CHADBOURNE RD,WATERFORD,ME,4088,207-461-0504,REGULAR,KEDOGA WATERFORD INNE INC,Oxford,0,44.2129976,-70.694486,"Date:2024-09-12, Score:0, Failed:No | "
31163,GOURMET IN A PINCH,0,1,2024-08-26,2025-05-16,EATING AND CATERING,No,164 MAYVILLE RD,BETHEL,ME,4217,207-824-6000,REGULAR,GOURMET IN A PINCH,Oxford,0.01351351351,44.4218055,-70.7981887,"Date:2024-08-26, Score:0.01351351351, Failed:No | "
31162,"KUTZER, JONATHAN DANIEL",0,0,2023-05-23,,,No,15 YORK ST,BIDDEFORD,ME,4005,508-404-8231,REGULAR,"KUTZER, JONATHAN DANIEL",York,0,43.4934951,-70.4542071,"Date:2023-05-23, Score:0, Failed:No | "
31161,HIGHROLLER LOBSTER CO TRUCK,0,0,2023-05-02,2024-05-17,EATING PLACE - MOBILE,No,104 EXCHANGE ST,PORTLAND,ME,4101,207-536-1623,REGULAR,HIGHROLLER LOBSTER LLC,Cumberland,0,43.6582859,-70.2558935,"Date:2023-05-02, Score:0, Failed:No | "
31158,AROMA JOES COFFEE,0,1,2025-07-08,2024-07-31,EATING PLACE - TAKEOUT,No,523 US ROUTE 1,KITTERY,ME,3904,207-878-1595,REGULAR,AMERICAN BREWERS LLC,York,0.01351351351,43.1297769,-70.7057112,"Date:2023-09-12, Score:0.01351351351, Failed:No | Date:2025-07-08, Score:0.01351351351, Failed:No | "
31125,ASIAN MOBILE NOODLE,1,2,2024-07-30,2024-07-14,EATING PLACE - MOBILE,No,EASTERN PROM,PORTLAND,ME,4101,207-318-9377,REGULAR,ASIAN MOBILE NOODLE LLC,Cumberland,0.06756756757,43.6698049,-70.2462095,"Date:2024-07-30, Score:0.06756756757, Failed:No | Date:2023-09-20, Score:0.01351351351, Failed:No | "
31124,TISH'S FOODS-THE FRIED PICKLE,0,0,2023-07-24,2024-07-07,EATING PLACE - MOBILE,No,,WESTBROOK,ME,1952,978-758-8474,REGULAR,"SAUCIER, TISH",Cumberland,0,43.6763036,-70.3663874,"Date:2023-07-24, Score:0, Failed:No | "
31120,BOTANICALLY CURIOUS,0,2,2025-05-22,2025-12-20,MUN - EATING PLACE,No,419 CONGRESS ST,PORTLAND,ME,4074,541-292-1624,REGULAR,BOTANICALLY CURIOUS LLC,Cumberland,0.02702702703,43.658329,-70.25812,"Date:2025-05-22, Score:0.02702702703, Failed:No | Date:2024-04-02, Score:0, Failed:No | "
31117,YETI BOYS,1,1,2025-05-30,2025-05-24,EATING PLACE - MOBILE,No,2447 BRISTOL RD,BRISTOL,ME,4553,207-707-0369,NEWOWNER,YETI BOYS LLC,Lincoln,0.05405405405,43.8820258,-69.5003496,"Date:2025-05-30, Score:0.05405405405, Failed:No | Date:2023-08-02, Score:0.1351351351, Failed:No | "
31115,THE MAINE BEAN AND TEA,1,4,2025-03-06,2024-05-19,EATING PLACE TIER 1,No,46 FORT ST,CARIBOU,ME,4736,207-227-3206,REGULAR,THE MAINE BEAN & TEA LLC,Aroostook,0.09459459459,46.8539309,-68.0064086,"Date:2023-09-12, Score:0.09459459459, Failed:No | Date:2025-03-06, Score:0.09459459459, Failed:No | "
31105,WAFFLE ME,0,1,2024-07-31,2024-06-05,EATING PLACE - MOBILE,No,9 RESORT WAY,ELLSWORTH,ME,4605,207-370-2332,REGULAR,WAFFLE ME LLC,Hancock,0.01351351351,44.5319136,-68.403639,"Date:2023-09-01, Score:0.04054054054, Failed:No | Date:2023-08-02, Score:0.01351351351, Failed:No | Date:2024-07-31, Score:0.01351351351, Failed:No | "
31103,EMPANADA CLUB - MOBILE,0,0,2025-05-04,2024-05-31,EATING PLACE - MOBILE,No,72 PARRIS ST,PORTLAND,ME,4101,603-577-0617,REGULAR,"OSVALDO, ADRIAN & GARCIA, ESPINOZA",Cumberland,0,43.658959,-70.2653576,"Date:2023-08-10, Score:0.1621621622, Failed:Yes | Date:2023-06-24, Score:0.06756756757, Failed:No | Date:2023-07-13, Score:0, Failed:No | Date:2025-05-04, Score:0, Failed:No | "
31095,VAGABOND COFFEE,1,6,2024-05-17,2024-06-21,EATING PLACE - MOBILE,No,8  CHESTNUT ST,FALMOUTH,ME,1405,207-795-6982,REGULAR,VAGABOND COFFEE LLC,Cumberland,0.1216216216,43.7354216,-70.2038154,"Date:2024-05-17, Score:0.1216216216, Failed:No | "
31087,WATERFRONT CONCERTS LAWN CONCESSIONS,1,3,2023-08-02,2023-07-23,EATING PLACE - TAKEOUT,No,1 RAILROAD ST,BANGOR,ME,4401,207-631-0239,REGULAR,WATERFRONT CONCERTS LLC,Penobscot,0.08108108108,44.7923517,-68.7754961,"Date:2023-08-02, Score:0.08108108108, Failed:No | "
31084,TUNKJOY BAKERY,1,2,2025-07-10,2025-06-16,EATING PLACE TIER 2,No,61 ROGERS POINT RD,STEUBEN,ME,4680,207-749-6307,REGULAR,TUNKJOY LLC,Washington,0.06756756757,44.5066692,-67.9633943,"Date:2025-07-10, Score:0.06756756757, Failed:No | "
31082,GOLFER CROSSING MINI GOLF AND ICE CREAM,2,2,2025-07-01,2026-07-10,EATING PLACE - TAKEOUT,No,7 COUNTRY INN WAY,ROCKPORT,ME,4856,207-380-9170,REGULAR,CAMDEN ROCKPORT HOTEL,Knox,0.1081081081,44.1972015,-69.0794217,"Date:2025-07-01, Score:0.1081081081, Failed:No | "
31081,LAMBS,0,1,2023-11-30,2024-07-31,MUN - EATING PLACE - LIMITED MENU,No,695 BROADWAY,SOUTH PORTLAND,ME,4106,508-221-2627,REGULAR,"RITCHEY, WADE",Cumberland,0.01351351351,43.6340691,-70.2592113,"Date:2023-11-30, Score:0.01351351351, Failed:No | "
31080,ICE CREAM,0,0,2024-06-14,2025-05-25,EATING PLACE - MOBILE,No,91 PARK ST,SPRINGFIELD,ME,4487,207-290-0760,REGULAR,THE SPRINGFIELD FAIRGROUNDS LLC,Aroostook,0,45.4021854,-68.1326625,"Date:2024-06-14, Score:0, Failed:No | "
31079,KRAPF'S PIZZA,0,1,2024-06-14,2025-05-25,EATING PLACE - MOBILE,No,91 PARK ST,SPRINGFIELD,ME,4487,207-290-0760,REGULAR,THE SPRINGFIELD FAIRGROUNDS LLC,Aroostook,0.01351351351,45.4021854,-68.1326625,"Date:2024-06-14, Score:0.01351351351, Failed:No | "
31078,FINE FOODS,1,0,2024-06-14,2025-05-25,EATING PLACE - MOBILE,No,91 PARK ST,SPRINGFIELD,ME,4487,207-290-0760,REGULAR,THE SPRINGFIELD FAIRGROUNDS LLC,Aroostook,0.04054054054,45.4021854,-68.1326625,"Date:2024-06-14, Score:0.04054054054, Failed:No | "
31077,HAMPDEN NUTRITION,2,6,2024-06-26,2025-05-08,EATING PLACE TIER 1,No,109 MAIN RD SOUTH,HAMPDEN,ME,4444,207-862-2023,REGULAR,"CYR JR, RICHARD",Penobscot,0.1621621622,44.7321675,-68.8415226,"Date:2024-06-26, Score:0.1621621622, Failed:No | "
31075,LECHA,0,2,2025-07-11,2025-06-02,MUN - EATING PLACE,No,502 STEVENS AVE,PORTLAND,ME,4103,207-939-8300,REGULAR,LECHA CAFE LLC,Cumberland,0.02702702703,43.6757189,-70.2950533,"Date:2024-07-16, Score:0.02702702703, Failed:No | Date:2025-07-11, Score:0.02702702703, Failed:No | Date:2023-07-06, Score:0, Failed:No | "
31066,BLISS CATERERS,0,0,2024-10-24,2025-06-15,MUN - CATERING,No,95 DARLING AVE,SOUTH PORTLAND,ME,4096,207-318-9060,REGULAR,"JONES, SUSAN",Cumberland,0,43.6405865,-70.3302466,"Date:2024-10-24, Score:0, Failed:No | "
31063,BRIANS BARBEQUE GRILL,0,0,2025-06-03,2026-05-08,EATING PLACE - MOBILE,No,24 ALEC DR,STANDISH,ME,4084,207-650-5850,REGULAR,BRIANS BARBEQUE GRILL LLC,Cumberland,0,43.7186228,-70.5645327,"Date:2025-06-03, Score:0, Failed:No | "
31062,"CLAY, ALIAH",0,0,2023-05-02,,,No,39 EXCHANGE ST,PORTLAND,ME,4101,207-205-3304,REGULAR,"CLAY, ALIAH",Cumberland,0,43.6572646,-70.2538918,"Date:2023-05-02, Score:0, Failed:No | "
31061,GRATEFUL GARDENS,0,0,2025-07-09,2026-05-09,EATING PLACE - MOBILE,No,81 WEBBER RD,YORK,ME,3909,603-584-2251,REGULAR,GRATEFUL GARDENS LLC,York,0,43.1588698,-70.6287978,"Date:2025-07-09, Score:0, Failed:No | "
31058,ARCHIE'S LOBSTER,0,0,2024-05-16,2024-04-19,EATING PLACE - TAKEOUT,No,90 TREMONT RD,TREMONT,ME,4660,207-266-9225,REGULAR,ARCHIE'S LOBSTER LLC,Hancock,0,44.2518677,-68.3482886,"Date:2024-05-16, Score:0, Failed:No | "
31055,THE CLUCKIN MOO,0,3,2023-05-30,2024-05-15,EATING PLACE - MOBILE,No,103 S SOUTH ST,DOVER-FOXCROFT,ME,4426,207-205-3106,REGULAR,LITTLE SHOP OF  CANDY LLC,Piscataquis,0.04054054054,45.1790591,-69.229723,"Date:2023-05-30, Score:0.04054054054, Failed:No | "
31053,MERE POINT OYSTER COMPANY LLC,0,0,2025-07-17,,CATERING,No,1087 MERE POINT RD,BRUNSWICK,ME,4011,207-729-3651,REGULAR,MERE POINT OYSTER CO LLC,Cumberland,0,43.833211,-70.0146454,"Date:2023-07-13, Score:0.01351351351, Failed:No | Date:2025-07-17, Score:0, Failed:No | "
31052,THE SCONE GODDESS,0,0,2023-08-29,2024-04-25,EATING PLACE - MOBILE,No,1390 ATLANTIC HWY,NORTHPORT,ME,4849,207-323-0249,NEWOWNER,THE SCONE GODDESS,Waldo,0,44.3875068,-68.9891352,"Date:2023-08-29, Score:0, Failed:No | Date:2023-08-02, Score:0, Failed:No | "
31050,RUM RUNNERS,0,0,2023-05-04,,,No,102 EDEN ST,BAR HARBOR,ME,4609,207653-8338,REGULAR,RUM RUNNERS LLC,Hancock,0,44.3961963,-68.2264001,"Date:2023-05-04, Score:0, Failed:No | "
31049,GREENVILLE GRINDS COFFEE SHOPPE,0,3,2023-10-20,2024-06-09,EATING PLACE TIER 1,No,3 LAKEVIEW ST,GREENVILLE,ME,4441,207-219-0806,REGULAR,GREENVILLE GRINDS COFFEE SHOPPE LLC,Piscataquis,0.04054054054,45.459017,-69.594039,"Date:2023-10-20, Score:0.04054054054, Failed:No | "
31044,KNIFE AND PLOW LLC,0,0,2023-05-07,,EATING PLACE - MOBILE STICK BUILT,No,10 SHAPLEIGH RD,KITTERY,ME,3904,603-781-2931,REGULAR,"KNIFE & PLOW, LLC",York,0,43.0903689,-70.735475,"Date:2023-05-07, Score:0, Failed:No | "
31042,PENOBSCOT THEATRE COMPANY  STAGE DOOR,1,5,2025-05-06,2026-06-06,EATING PLACE TIER 2,No,115 MAIN ST,BANGOR,ME,4401,207-942-3333,REGULAR,PENOBSCOT THEATRE COMPANY,Penobscot,0.1081081081,44.799532,-68.7724607,"Date:2025-05-06, Score:0.1081081081, Failed:No | "
31036,LINCOLN HOTEL (POOL),2,0,2023-07-14,,,No,17 LINCOLN ST,BIDDEFORD,ME,4005,207-815-3977,REGULAR,HOTEL AT 17 LINCOLN LLC,York,0.08108108108,43.4943024,-70.4556645,"Date:2023-07-14, Score:0.08108108108, Failed:No | "
31026,SWEET PEA'S CAFE PREP KITCHEN,1,1,2025-06-26,2025-05-03,CATERING,No,71 SANDY LN,BAR HARBOR,ME,4609,207-801-9099,REGULAR,SWEET PEAS CAFE INC,Hancock,0.05405405405,44.415445,-68.3291432,"Date:2025-06-26, Score:0.05405405405, Failed:No | "
31024,QWEENIES VENDING,0,0,2024-08-15,2025-04-28,EATING PLACE - MOBILE,No,1462 AUBURN RD,TURNER,ME,4282,207-520-4787,REGULAR,QUEENIES VENDING LLC,Androscoggin,0,44.2760656,-70.271798,"Date:2024-08-15, Score:0, Failed:No | "
31022,NOVEL,1,1,2025-01-03,2025-11-27,MUN - EATING PLACE,No,643 CONGRESS ST,PORTLAND,ME,4101,207-660-5799,REGULAR,NOVEL LLC,Cumberland,0.05405405405,43.6535075,-70.2651923,"Date:2025-01-03, Score:0.05405405405, Failed:No | Date:2023-12-27, Score:0, Failed:No | "
31020,"KENDRIX, DESTINY",0,0,2023-04-24,,,No,20 EDWARDS AVE,BIDDEFORD,ME,4005,207-229-6017,REGULAR,"KENDRIX, DESTINY",Cumberland,0,43.4801423,-70.4814218,"Date:2023-04-24, Score:0, Failed:No | "
31019,COBS DOGS STREE FOOD,1,2,2023-06-09,,,No,7 DOGLEG DR,WINDHAM,ME,4062,207-329-0161,REGULAR,"BODLOVICK, JAKE",Cumberland,0.06756756757,43.7341678,-70.3673027,"Date:2023-06-09, Score:0.06756756757, Failed:No | "
31018,WOOK NOOK,2,7,2024-04-25,2024-09-19,EATING PLACE TIER 3,No,495 MAIN ST,NORWAY,ME,4268,207-739-9531,REGULAR,WOOK NOOK LLC,Oxford,0.1756756757,44.2140715,-70.5461245,"Date:2024-04-25, Score:0.1756756757, Failed:No | "
31004,LAKESIDE NUTRITION,0,0,2025-05-19,2024-07-17,EATING PLACE - TAKEOUT,No,522 ROOSEVELT TRL,NAPLES,ME,4055,207-215-1432,REGULAR,LAKES ENVIRONMENTAL ASSOCIATION,Oxford,0,43.9674167,-70.5875982,"Date:2023-06-06, Score:0, Failed:No | Date:2025-05-19, Score:0, Failed:No | "
31003,TERRA FIRMA FOOD TRUCK,0,0,2024-08-22,2025-04-24,EATING PLACE - MOBILE,No,428 E HUSSEY HILL RD,ACTON,ME,4001,603-264-1656,REGULAR,TERRA FIRMA FOOD TRUCK LLC,York,0,43.5107804,-70.9516503,"Date:2024-08-02, Score:0.09459459459, Failed:No | Date:2023-06-02, Score:0, Failed:No | Date:2024-07-12, Score:0, Failed:No | Date:2024-08-22, Score:0, Failed:No | "
31002,MAINE STREET BISTRO,0,1,2025-05-06,2026-05-03,EATING AND CATERING,No,148 MAINE ST,BRUNSWICK,ME,4011,207-844-8275,REGULAR,MAINE STREET MARKET LLC,Cumberland,0.01351351351,43.9147107,-69.9652799,"Date:2025-04-17, Score:0.1891891892, Failed:Yes | Date:2025-05-06, Score:0.01351351351, Failed:No | "
31001,ZEEROX BBQ,3,0,2023-08-10,2024-05-17,EATING PLACE - MOBILE,No,219 ANDERSON ST,PORTLAND,ME,4101,207-406-1801,REGULAR,C & B FOODS LLC,Bristol Bay,0.1216216216,43.6701973,-70.2559113,"Date:2023-08-10, Score:0.1216216216, Failed:No | "
31000,JOLIE ROGERS,0,1,2024-10-11,2025-08-21,EATING AND CATERING,No,8 RAILROAD AVE,WISCASSET,ME,4578,207-752-4659,REGULAR,JOLIE ROGERS LLC,Lincoln,0.01351351351,44.003407,-69.6635696,"Date:2024-10-11, Score:0.01351351351, Failed:No | "
30999,RED CITY ALE HOUSE,3,5,2023-09-21,2024-05-23,EATING PLACE TIER 3,No,8 MAIN ST,WINDHAM,ME,4062,207-329-6401,REGULAR,JBN3 LLC,Cumberland,0.1891891892,43.735542,-70.4259525,"Date:2023-09-21, Score:0.1891891892, Failed:No | "
30980,BUBBLE BEE MILK TEA,1,2,2025-07-11,2026-05-01,EATING PLACE - MOBILE,No,ROUTE 1,KITTERY,ME,3904,781-350-0326,REGULAR,EASY KITCHEN ME LLC,York,0.06756756757,43.1061837,-70.7489803,"Date:2025-07-11, Score:0.06756756757, Failed:No | Date:2023-08-03, Score:0.02702702703, Failed:No | Date:2024-08-06, Score:0, Failed:No | "
30976,WATERFRONT CONCERTS (NORTHWEST CONCESSIONS),0,1,2023-08-02,2023-07-23,EATING PLACE - TAKEOUT,No,1 RAILROAD ST,BANGOR,ME,4401,207-631-0239,REGULAR,WATERFRONT CONCERTS LLC,Penobscot,0.01351351351,44.7923517,-68.7754961,"Date:2023-08-02, Score:0.01351351351, Failed:No | "
30974,BROAD ARROW TAVERN,0,0,2024-01-12,2024-04-07,EATING PLACE TIER 3,No,162 MAIN STREET,FREEPORT,ME,4032,207-865-9377,REGULAR,"HARRASEEKET INN, INC.",Bristol Bay,0,43.8603623,-70.10085,"Date:2023-05-10, Score:0.1351351351, Failed:No | Date:2023-06-05, Score:0.09459459459, Failed:No | Date:2024-01-12, Score:0, Failed:No | "
30972,WATERFRONT CONCERTS MAIN ST CONCESSIONS,2,2,2023-08-02,2023-07-25,EATING PLACE - TAKEOUT,No,1 RAILROAD ST,BANGOR,ME,4401,207-631-0239,REGULAR,WATERFRONT CONCERTS LLC,Penobscot,0.1081081081,44.7923517,-68.7754961,"Date:2023-08-02, Score:0.1081081081, Failed:No | "
30971,BREALU CAFE,3,5,2024-02-21,2025-01-26,EATING PLACE TIER 3,No,511 MAIN ST,WESTBROOK,ME,4092,207-591-0611,REGULAR,DELUCA LLC,Cumberland,0.1891891892,43.68096,-70.3521239,"Date:2024-02-21, Score:0.1891891892, Failed:No | "
30969,NATE & OLLIES ROLLED ICE CREAM,0,1,2024-07-31,2024-05-18,EATING PLACE - MOBILE,No,52 VICKERY LN,UNITY,ME,4988,207-380-9266,REGULAR,NATE AND OLLIES ROLLED ICE CREAM,Penobscot,0.01351351351,44.6129756,-69.3352614,"Date:2023-09-22, Score:0.04054054054, Failed:No | Date:2024-07-31, Score:0.01351351351, Failed:No | "
30967,WOLFIES LINKS,0,0,2025-07-26,2024-05-17,EATING PLACE - MOBILE,No,295 MAIN ST,BRIDGTON,ME,4009,917-842-2465,REGULAR,WOLFIES LINKS LLC,Cumberland,0,44.0537491,-70.7002106,"Date:2023-09-30, Score:0, Failed:No | Date:2025-07-26, Score:0, Failed:No | "
30964,CRISPY GAI,0,0,2025-07-17,2024-04-07,EATING PLACE - MOBILE,No,90 EXCHANGE ST,PORTLAND,ME,4101,413-636-9688,REGULAR,CRISPY GAI LLC,Cumberland,0,43.6580536,-70.2555048,"Date:2023-07-05, Score:0.04054054054, Failed:No | Date:2024-07-04, Score:0.01351351351, Failed:No | Date:2024-07-11, Score:0, Failed:No | Date:2025-07-17, Score:0, Failed:No | "
30963,THE UGLY DUMPLING,0,0,2023-08-02,2024-04-27,EATING PLACE - MOBILE,No,18 BROOKSIDE AVE,LIVERMORE FALLS,ME,4254,20-747-7302,REGULAR,THE UGLY DUMPLING LLC,Androscoggin,0,44.4630451,-70.1695699,"Date:2023-08-02, Score:0, Failed:No | "
30961,BLACK SALT,0,0,2025-05-07,2026-04-24,EATING PLACE - MOBILE,No,95 DARLING AVE,SOUTH PORTLAND,ME,4106,207-406-3080,REGULAR,BLACK SALT LLC,Cumberland,0,43.6405865,-70.3302466,"Date:2025-05-07, Score:0, Failed:No | "
30959,HOWLING HUNGER,0,0,2023-08-28,2024-05-08,EATING PLACE - MOBILE,No,345 H ROAD,ACTON,ME,4076,802-359-2139,REGULAR,"RILEY, TIFFANY",York,0,43.541156,-70.912021,"Date:2023-08-28, Score:0, Failed:No | "
30958,JAVA JOINT,0,0,2023-08-04,2024-05-18,EATING PLACE TIER 1,No,1363 MAIN ST,HARRINGTON,ME,4643,401-338-4951,REGULAR,"SPAULDING, MYRON",Washington,0,44.622271,-67.8174112,"Date:2023-08-04, Score:0, Failed:No | "
30957,ADDY'S,0,1,2023-05-17,2024-04-18,EATING PLACE - MOBILE,No,22 WEBSTER ST,SPRINGVALE,ME,4083,207-608-9094,REGULAR,ADDY'S LLC,York,0.01351351351,43.4682775,-70.789836,"Date:2023-05-17, Score:0.01351351351, Failed:No | "
30955,THE DOGHAUS,2,2,2023-07-14,,EATING PLACE - MOBILE,No,877 NORWAY RD,WATERFORD,ME,4088,804-307-1434,REGULAR,"LUTWIN, ANDREW",Oxford,0.1081081081,44.2219043,-70.6939966,"Date:2023-07-14, Score:0.1081081081, Failed:No | "
30954,SALSA SHACK,1,2,2024-09-20,2025-05-04,EATING PLACE - MOBILE,No,16 SCHOOL HOUSE RD,ORLAND,ME,4472,207-691-0531,REGULAR,LAFORGE CATERING AND CONCESSIONS LLC,Hancock,0.06756756757,44.5698145,-68.7376731,"Date:2024-09-20, Score:0.06756756757, Failed:No | Date:2023-09-22, Score:0.01351351351, Failed:No | Date:2023-05-04, Score:0, Failed:No | "
30951,WICKED THAI FOOD,0,0,2023-06-06,2024-05-11,EATING PLACE - MOBILE,No,4 Country Club Road,Manchester,ME,4351,207-321-1298,REGULAR,WICKED THAI FOOD LLC,Franklin,0,44.3254602,-69.8746892,"Date:2023-06-06, Score:0, Failed:No | "
30945,WOODSONG MARKET,2,4,2023-08-16,2024-04-11,EATING PLACE TIER 1,No,23 TOWNSEND AVE,BOOTHBAY HARBOR,ME,4538,207-315-6214,REGULAR,MIRABILE FAMILY LLC,Lincoln,0.1351351351,43.852076,-69.6274019,"Date:2023-08-16, Score:0.1351351351, Failed:No | "
30942,BUCK AND EDDIES,1,0,2025-02-11,2025-04-05,EATING PLACE - TAKEOUT,No,7 KATAHDIN ST,PATTEN,ME,4765,207-267-1452,REGULAR,"RUSH, BEN",Aroostook,0.04054054054,45.9967473,-68.4480919,"Date:2025-02-11, Score:0.04054054054, Failed:No | "
30936,NEW ENGLAND IRON POLLO,0,0,2024-07-26,2024-07-21,EATING PLACE - MOBILE,No,142 HUSSON AVE,BANGOR,ME,4401,347-239-3250,REGULAR,NEW ENGLAND IRON POLLO LLC,Penobscot,0,44.8254708,-68.7883173,"Date:2023-10-07, Score:0, Failed:No | Date:2024-07-26, Score:0, Failed:No | "
30932,WILMER D COFFEE,0,0,2025-07-08,2026-06-12,CATERING,No,244 HARTLAND RD,CANAAN,ME,4924,615-848-5496,REGULAR,WILMER D COFFE CO,Somerset,0,44.7820192,-69.5527691,"Date:2025-07-08, Score:0, Failed:No | "
30931,A DIFFERENT POINT OF BREW COFFEE & TEA,5,6,2023-08-15,2024-04-21,EATING PLACE - MOBILE,Yes,1 BIG ROCK BLVD,MARS HILL,ME,4758,405-693-8900,REGULAR,A DIFFERENT PINT OF BREW COFFEE & TEA CO,Aroostook,0.2837837838,46.521376,-67.8290782,"Date:2023-08-15, Score:0.2837837838, Failed:Yes | "
30930,POLAND PROVISIONS,1,3,2024-10-08,2025-08-29,EATING PLACE TIER 2,No,1220 MAINE ST,POLAND,ME,4274,207-402-7123,REGULAR,POLAND PROVISIONS LLC,Androscoggin,0.08108108108,44.0621348,-70.3949818,"Date:2024-10-08, Score:0.08108108108, Failed:No | "
30921,CA C'EST BON FOOD TRUCK,0,2,2024-07-26,2025-04-07,EATING PLACE - MOBILE,No,446 MAIN ST,ORONO,ME,4473,207-270-3954,REGULAR,CA CEST BON LLC,Penobscot,0.02702702703,44.8543639,-68.6940012,"Date:2024-07-26, Score:0.02702702703, Failed:No | Date:2023-09-22, Score:0, Failed:No | "
30920,MARINERS CHURCH,0,2,2024-12-20,2025-03-13,MUN - CATERING,No,366 FORE ST,PORTLAND,ME,4103,207-221-5900,REGULAR,PORTLAND REGENCY INC,Cumberland,0.02702702703,43.6565578,-70.2527061,"Date:2024-12-20, Score:0.02702702703, Failed:No | Date:2023-11-14, Score:0, Failed:No | "
30919,ECOLOGY LEARNING CENTER,0,2,2025-03-13,2024-09-27,EATING - SCHOOL SATELLITE,No,230 MAIN ST,UNITY,ME,4988,207-948-3520,REGULAR,ECOLOGY LEARNING CENTER,Penobscot,0.02702702703,44.6145714,-69.3313571,"Date:2024-05-21, Score:0.1081081081, Failed:No | Date:2025-03-13, Score:0.02702702703, Failed:No | Date:2023-05-18, Score:0.01351351351, Failed:No | "
30912,ROMERO'S,0,0,2025-06-18,2026-05-10,EATING PLACE - MOBILE,No,27 BETHEL RD,WEST PARIS,ME,4289,239-571-8299,REGULAR,ROMERO'S LLC,Oxford,0,44.2934164,-70.533007,"Date:2025-06-18, Score:0, Failed:No | "
30906,SWEETZ & MORE,1,0,2025-02-18,2025-03-30,EATING PLACE TIER 1,No,298 BATH RD,WISCASSET,ME,4598,207-687-8226,REGULAR,SWEETZ LLC,Lincoln,0.04054054054,43.9932145,-69.6868762,"Date:2025-02-18, Score:0.04054054054, Failed:No | "
30905,CHEESE THE DAY COMMISARY,0,0,2024-02-07,2024-05-22,COMMISSARY,No,176 GRAY RD,CUMBERLAND,ME,4021,573-823-6543,REGULAR,CHEESE THE DAY LLC,Cumberland,0,43.8146341,-70.3139864,"Date:2024-02-07, Score:0, Failed:No | "
30900,MINI MELTS #2,0,0,2025-07-24,2024-05-26,EATING PLACE - MOBILE,No,791 LEDGE HILL RD,CORINTH,ME,4427,207-991-3687,REGULAR,JIMMY DEES LLC,Penobscot,0,44.9422058,-69.0107728,"Date:2023-08-03, Score:0.01351351351, Failed:No | Date:2024-07-27, Score:0, Failed:No | Date:2025-07-24, Score:0, Failed:No | "
30899,MINI MELTS,0,0,2025-07-24,2024-05-26,EATING PLACE - MOBILE,No,791 LEDGE HILL RD,CORINTH,ME,4427,207-991-3687,REGULAR,JIMMY DEES LLC,Penobscot,0,44.9422058,-69.0107728,"Date:2023-08-03, Score:0, Failed:No | Date:2024-07-27, Score:0, Failed:No | Date:2025-07-24, Score:0, Failed:No | "
30895,ROCKPORT HARBOR HOTEL,2,6,2024-02-14,2024-02-19,EATING AND LODGING,No,20 CENTRAL ST,ROCKPORT,ME,4856,207-230-7211,REGULAR,ROCKPORT HARBOR HOTEL LLC,Knox,0.1621621622,44.1875575,-69.0724109,"Date:2024-02-14, Score:0.1621621622, Failed:No | Date:2024-02-14, Score:0.01351351351, Failed:No | "
30889,THE VILLAGE KITCHEN,0,3,2023-04-12,2023-04-15,EATING PLACE - TAKEOUT,No,2531 ROUTE 2,HERMON,ME,4401,207-356-1321,REGULAR,THE VILLAGE KITCHEN,Penobscot,0.04054054054,44.810246,-68.913087,"Date:2023-04-12, Score:0.04054054054, Failed:No | "
30888,THE BREAKFAST JOINT,0,2,2024-08-30,2025-03-30,EATING PLACE - MOBILE,No,435 MAINE ST,POLAND,ME,4274,781-733-4235,REGULAR,THE BREAKFAST JOINT LLC,Androscoggin,0.02702702703,44.0723478,-70.4125428,"Date:2024-08-30, Score:0.02702702703, Failed:No | "
30886,"GOODE, SUSAN",0,0,2023-03-13,,,No,854 BROADWAY,SOUTH PORTLAND,ME,4074,207-653-7175,REGULAR,"GOODE, SUSAN",Cumberland,0,43.6314091,-70.2662409,"Date:2023-03-13, Score:0, Failed:No | "
30857,YOLKED,1,0,2023-10-19,2024-09-19,EATING PLACE TIER 3,No,868 ROOSEVELT TRL,WINDHAM,ME,4062,207-749-4097,REGULAR,YOLKED LLC,Cumberland,0.04054054054,43.8448002,-70.447424,"Date:2023-10-19, Score:0.04054054054, Failed:No | "
30856,XTREME NUTRITION,0,4,2023-03-30,2024-03-02,EATING PLACE - TAKEOUT,No,422 MAIN ST,CORINTH,ME,4427,207-951-6800,REGULAR,XTREME NUTRITION LLC,Penobscot,0.05405405405,44.996457,-69.020003,"Date:2023-03-30, Score:0.05405405405, Failed:No | "
30855,2 AM PIZZA,0,1,2024-07-31,2024-02-24,EATING PLACE - MOBILE,No,363 PLEASANT VIEW RIDGE RD,CHINA,ME,4358,207-649-0990,REGULAR,"ALLEN, MATT",Kennebec,0.01351351351,44.4700255,-69.4859284,"Date:2023-08-02, Score:0.04054054054, Failed:No | Date:2024-07-31, Score:0.01351351351, Failed:No | "
30853,BITE INTO MAINE,1,1,2024-09-11,2025-06-16,MUN - EATING PLACE,No,31 DIAMOND ST,PORTLAND,ME,4101,207-289-6142,REGULAR,BITE INTO MAINE INC,Cumberland,0.05405405405,43.6667517,-70.2570857,"Date:2024-09-11, Score:0.05405405405, Failed:No | Date:2023-08-18, Score:0, Failed:No | "
30852,CONTINENTAL,1,2,2024-11-20,2025-07-24,MUN - EATING PLACE,No,170 BRIGHTON AVE,PORTLAND,ME,4101,617-276-5832,REGULAR,SBS WORLDWIDE,Cumberland,0.06756756757,43.6630619,-70.2843564,"Date:2024-11-20, Score:0.06756756757, Failed:No | Date:2023-10-11, Score:0.04054054054, Failed:No | "
30850,"GREEN, RAYVEN M",1,0,2023-02-21,,,No,112 MAIN ST,ELLSWORTH,ME,4605,207-505-2368,REGULAR,"GREEN, RAYVEN M",Hancock,0.04054054054,44.54173,-68.4240512,"Date:2023-02-21, Score:0.04054054054, Failed:No | "
30838,CUPPA JO'S,1,2,2025-04-29,2026-03-29,EATING PLACE TIER 1,No,305 US RTE 1,YARMOUTH,ME,4096,207-751-0151,REGULAR,"MILLER, JO",Cumberland,0.06756756757,43.79212,-70.1882687,"Date:2025-04-29, Score:0.06756756757, Failed:No | Date:2023-05-31, Score:0, Failed:No | "
30836,LUCILLE'S HOMEMADE DONUTS / STEVEN'S LUNCH BUS,4,14,2023-06-12,2024-02-16,EATING PLACE - MOBILE,Yes,54 BOARDMAN RD,MADISON,ME,4950,207-614-4958,REGULAR,"CORSON, STEVEN G",Somerset,0.3513513514,44.8949051,-69.7869947,"Date:2023-06-12, Score:0.3513513514, Failed:Yes | Date:2023-02-22, Score:0.1081081081, Failed:No | "
30835,404 ELM OTTO LLC,2,0,2025-04-15,2024-03-03,EATING AND CATERING,No,404 ELM ST,BIDDEFORD,ME,4005,207-749-2874,REGULAR,"404 ELM OTTO, LLC",York,0.08108108108,43.4825068,-70.4722277,"Date:2023-05-08, Score:0.08108108108, Failed:No | Date:2025-04-15, Score:0.08108108108, Failed:No | "
30830,"SWANSON, VERONICA",0,0,2023-02-21,,,No,594 CONGRESS ST,PORTLAND,ME,4101,815-303-5173,REGULAR,"SWANSON, VERONICA",Cumberland,0,43.6542312,-70.2626695,"Date:2023-02-21, Score:0, Failed:No | "
30827,"THOMAS, JORDYN",0,0,2023-02-13,,,No,321 ELM ST,BIDDEFORD,ME,4005,207-459-4672,REGULAR,"THOMAS, JORDYN",York,0,43.4868708,-70.4665751,"Date:2023-02-13, Score:0, Failed:No | "
30822,OYSTHERS RAW BAR & BUBBLY,3,3,2024-08-27,2025-06-02,EATING PLACE TIER 2,No,97 COMMERCIAL ST,BATH,ME,4530,207-522-3950,REGULAR,OYSTHERS RAW BAR & BUBBLY LLC,Sagadahoc,0.1621621622,43.9148603,-69.8131835,"Date:2024-08-27, Score:0.1621621622, Failed:No | "
30821,HARBOR MARKET,1,1,2023-07-25,2023-07-21,EATING PLACE TIER 1,No,335 MAIN ST,WINTER HARBOR,ME,4693,646-382-1074,REGULAR,"HARBOR MARKET, LLC",Hancock,0.05405405405,44.3923032,-68.08727,"Date:2023-07-25, Score:0.05405405405, Failed:No | "
30820,"WOLFRAM, SKY",0,0,2023-01-25,,,No,1200 BROADWAY,SOUTH PORTLAND,ME,4106,510-219-2058,REGULAR,"WOLFRAM, SKY",Cumberland,0,43.6284864,-70.281674,"Date:2023-01-25, Score:0, Failed:No | "
30819,JERSEY MIKES SUBS - TOPSHAM FAIR MALL,2,1,2024-05-10,2025-01-27,EATING PLACE TIER 2,No,51 TOPSHAM FAIR MALL RD,TOPSHAM,ME,4086,207-481-7307,REGULAR,JM BEDFORD LLC,Sagadahoc,0.09459459459,43.9377315,-69.9791029,"Date:2024-05-10, Score:0.09459459459, Failed:No | "
30818,"GRAY, TIFFANY",0,1,2023-02-02,,,No,584 HAMMOND ST,BANGOR,ME,4401,,REGULAR,"GRAY, TIFFANY",Penobscot,0.01351351351,44.7995401,-68.7917817,"Date:2023-02-02, Score:0.01351351351, Failed:No | "
30817,"DANA, SIENNA",0,0,2023-02-02,,,No,584 HAMMOND ST,BANGOR,ME,4401,207-8570-6893,REGULAR,"DANA, SIERRA",Penobscot,0,44.7995401,-68.7917817,"Date:2023-02-02, Score:0, Failed:No | "
30810,VAGABOND COFFEE,0,3,2024-07-25,2025-01-19,EATING PLACE - MOBILE,No,8 CHESTNUT ST,FALMOUTH,ME,4105,207-295-6982,REGULAR,VAGABOND COFFEE LLC,Cumberland,0.04054054054,43.7354216,-70.2038154,"Date:2024-07-25, Score:0.04054054054, Failed:No | Date:2023-07-06, Score:0.04054054054, Failed:No | Date:2023-08-19, Score:0.01351351351, Failed:No | Date:2023-07-13, Score:0, Failed:No | "
30804,ACES HOT SPOT,0,0,2022-12-30,2024-01-03,EATING PLACE - MOBILE,No,12 SHADY LANE,STRONG,ME,4983,217-20-5521,REGULAR,ACESHOTSPOT LLC,Franklin,0,44.8120732,-70.2137905,"Date:2022-12-30, Score:0, Failed:No | "
